year,month,carrier,carrier_name,airport,airport_name,arr_flights,arr_del15,carrier_ct,weather_ct,nas_ct,security_ct,late_aircraft_ct,arr_cancelled,arr_diverted,arr_delay,carrier_delay,weather_delay,nas_delay,security_delay,late_aircraft_delay
2025,11,9E,Endeavor Air Inc.,ABE,"Allentown/Bethlehem/Easton, PA: Lehigh Valley International",87.00,15.00,3.66,1.71,3.23,0.00,6.40,7.00,0.00,1001.00,132.00,114.00,112.00,0.00,643.00
2025,11,9E,Endeavor Air Inc.,ABY,"Albany, GA: Southwest Georgia Regional",22.00,6.00,4.18,0.04,0.50,0.00,1.27,2.00,0.00,792.00,569.00,7.00,16.00,0.00,200.00
2025,11,9E,Endeavor Air Inc.,AEX,"Alexandria, LA: Alexandria International",87.00,15.00,8.44,1.00,1.37,0.00,4.19,7.00,0.00,905.00,408.00,119.00,46.00,0.00,332.00
2025,11,9E,Endeavor Air Inc.,AGS,"Augusta, GA: Augusta Regional at Bush Field",58.00,14.00,7.13,0.00,1.47,0.00,5.39,5.00,0.00,752.00,356.00,0.00,90.00,0.00,306.00
2025,11,9E,Endeavor Air Inc.,ALB,"Albany, NY: Albany International",56.00,20.00,3.92,0.00,6.41,0.00,9.67,1.00,0.00,1654.00,439.00,0.00,316.00,0.00,899.00
2025,11,9E,Endeavor Air Inc.,ATL,"Atlanta, GA: Hartsfield-Jackson Atlanta International",2356.00,375.00,72.92,7.12,82.59,0.05,212.31,151.00,7.00,38470.00,13193.00,590.00,4441.00,6.00,20240.00
2025,11,9E,Endeavor Air Inc.,ATW,"Appleton, WI: Appleton International",1.00,0.00,0.00,0.00,0.00,0.00,0.00,0.00,0.00,0.00,0.00,0.00,0.00,0.00,0.00
2025,11,9E,Endeavor Air Inc.,AUS,"Austin, TX: Austin - Bergstrom International",89.00,8.00,3.26,0.00,3.48,0.00,1.26,0.00,0.00,613.00,316.00,0.00,206.00,0.00,91.00
2025,11,9E,Endeavor Air Inc.,AVL,"Asheville, NC: Asheville Regional",59.00,15.00,2.10,0.00,3.92,0.00,8.98,2.00,0.00,1826.00,300.00,0.00,421.00,0.00,1105.00
2025,11,9E,Endeavor Air Inc.,BGR,"Bangor, ME: Bangor International",111.00,25.00,6.87,0.00,4.77,0.00,13.36,5.00,0.00,1992.00,822.00,0.00,271.00,0.00,899.00
2025,11,9E,Endeavor Air Inc.,BHM,"Birmingham, AL: Birmingham-Shuttlesworth International",140.00,29.00,6.50,0.00,7.61,0.00,14.90,7.00,0.00,2126.00,388.00,0.00,428.00,0.00,1310.00
2025,11,9E,Endeavor Air Inc.,BIS,"Bismarck/Mandan, ND: Bismarck Municipal",97.00,22.00,9.27,1.49,5.87,0.00,5.36,2.00,0.00,1564.00,610.00,259.00,367.00,0.00,328.00
2025,11,9E,Endeavor Air Inc.,BMI,"Bloomington/Normal, IL: Central Il Regional Airport at Bloomington",58.00,13.00,5.65,0.90,1.65,0.00,4.79,2.00,1.00,1588.00,528.00,540.00,45.00,0.00,475.00
2025,11,9E,Endeavor Air Inc.,BNA,"Nashville, TN: Nashville International",188.00,43.00,11.64,0.00,18.57,0.00,12.79,3.00,0.00,3268.00,907.00,0.00,998.00,0.00,1363.00
2025,11,9E,Endeavor Air Inc.,BQK,"Brunswick, GA: Brunswick Golden Isles",88.00,19.00,7.28,1.00,2.62,0.00,8.10,3.00,0.00,1215.00,379.00,95.00,63.00,0.00,678.00
2025,11,9E,Endeavor Air Inc.,BTR,"Baton Rouge, LA: Baton Rouge Metropolitan/Ryan Field",17.00,0.00,0.00,0.00,0.00,0.00,0.00,2.00,0.00,0.00,0.00,0.00,0.00,0.00,0.00
2025,11,9E,Endeavor Air Inc.,BTV,"Burlington, VT: Patrick Leahy Burlington International",167.00,31.00,6.11,0.00,8.42,0.00,16.47,6.00,0.00,1898.00,523.00,0.00,383.00,0.00,992.00
2025,11,9E,Endeavor Air Inc.,BUF,"Buffalo, NY: Buffalo Niagara International",162.00,32.00,8.26,0.00,7.88,0.00,15.87,8.00,0.00,2161.00,767.00,0.00,338.00,0.00,1056.00
2025,11,9E,Endeavor Air Inc.,CAE,"Columbia, SC: Columbia Metropolitan",118.00,23.00,3.45,1.00,7.41,0.00,11.15,8.00,0.00,1489.00,160.00,71.00,529.00,0.00,729.00
2025,11,9E,Endeavor Air Inc.,CHA,"Chattanooga, TN: Lovell Field",223.00,51.00,21.65,0.00,9.60,0.00,19.75,11.00,0.00,3811.00,1373.00,0.00,626.00,0.00,1812.00
2025,11,9E,Endeavor Air Inc.,CHO,"Charlottesville, VA: Charlottesville Albemarle",101.00,26.00,9.95,0.08,5.86,0.00,10.12,5.00,0.00,2168.00,762.00,9.00,294.00,0.00,1103.00
2025,11,9E,Endeavor Air Inc.,CHS,"Charleston, SC: Charleston AFB/International",169.00,46.00,10.48,1.00,14.41,0.00,20.11,6.00,0.00,4010.00,714.00,16.00,840.00,0.00,2440.00
2025,11,9E,Endeavor Air Inc.,CID,"Cedar Rapids/Iowa City, IA: The Eastern Iowa",89.00,21.00,4.42,2.20,7.87,0.00,6.50,7.00,1.00,2712.00,312.00,887.00,461.00,0.00,1052.00
2025,11,9E,Endeavor Air Inc.,CLE,"Cleveland, OH: Cleveland-Hopkins International",274.00,58.00,17.54,0.21,15.05,0.00,25.19,13.00,0.00,4587.00,1543.00,21.00,698.00,0.00,2325.00
2025,11,9E,Endeavor Air Inc.,CLT,"Charlotte, NC: Charlotte Douglas International",138.00,30.00,8.48,0.00,9.04,0.00,12.47,2.00,0.00,2970.00,1162.00,0.00,760.00,0.00,1048.00
2025,11,9E,Endeavor Air Inc.,CMH,"Columbus, OH: John Glenn Columbus International",129.00,33.00,18.61,1.00,6.69,0.00,6.70,1.00,0.00,1803.00,1071.00,58.00,321.00,0.00,353.00
2025,11,9E,Endeavor Air Inc.,CRW,"Charleston/Dunbar, WV: West Virginia International Yeager",102.00,24.00,9.41,4.56,2.51,0.00,7.52,5.00,0.00,2680.00,350.00,1523.00,95.00,0.00,712.00
2025,11,9E,Endeavor Air Inc.,CSG,"Columbus, GA: Columbus Airport",9.00,2.00,1.02,0.00,0.00,0.00,0.98,0.00,0.00,105.00,61.00,0.00,0.00,0.00,44.00
2025,11,9E,Endeavor Air Inc.,CVG,"Cincinnati, OH: Cincinnati/Northern Kentucky International",550.00,126.00,21.23,2.62,40.06,0.00,62.10,11.00,0.00,9740.00,1355.00,294.00,1785.00,0.00,6306.00
2025,11,9E,Endeavor Air Inc.,CWA,"Mosinee, WI: Central Wisconsin",59.00,9.00,3.08,0.34,1.74,0.00,3.85,0.00,0.00,717.00,252.00,37.00,115.00,0.00,313.00
2025,11,9E,Endeavor Air Inc.,DCA,"Washington, DC: Ronald Reagan Washington National",161.00,78.00,8.51,0.93,45.08,0.00,23.48,7.00,1.00,5693.00,1167.00,69.00,2334.00,0.00,2123.00
2025,11,9E,Endeavor Air Inc.,DHN,"Dothan, AL: Dothan Regional",84.00,12.00,5.06,1.04,2.16,0.00,3.74,7.00,0.00,694.00,209.00,54.00,74.00,0.00,357.00
2025,11,9E,Endeavor Air Inc.,DLH,"Duluth, MN: Duluth International",13.00,0.00,0.00,0.00,0.00,0.00,0.00,1.00,0.00,0.00,0.00,0.00,0.00,0.00,0.00
2025,11,9E,Endeavor Air Inc.,DSM,"Des Moines, IA: Des Moines International",242.00,57.00,16.81,1.00,17.85,0.00,21.34,13.00,0.00,4533.00,1089.00,100.00,1173.00,0.00,2171.00
2025,11,9E,Endeavor Air Inc.,DTW,"Detroit, MI: Detroit Metro Wayne County",1564.00,266.00,64.73,7.08,53.33,0.00,140.86,43.00,0.00,24465.00,8395.00,1014.00,2580.00,0.00,12476.00
2025,11,9E,Endeavor Air Inc.,ECP,"Panama City, FL: Northwest Florida Beaches International",29.00,8.00,1.00,0.00,5.19,0.00,1.81,1.00,0.00,570.00,118.00,0.00,304.00,0.00,148.00
2025,11,9E,Endeavor Air Inc.,EVV,"Evansville, IN: Evansville Regional",87.00,8.00,3.45,0.47,2.08,0.00,2.00,4.00,0.00,321.00,175.00,9.00,49.00,0.00,88.00
2025,11,9E,Endeavor Air Inc.,EWR,"Newark, NJ: Newark Liberty International",135.00,35.00,4.24,0.89,21.17,0.00,8.70,6.00,0.00,2985.00,657.00,33.00,1654.00,0.00,641.00
2025,11,9E,Endeavor Air Inc.,FAR,"Fargo, ND: Hector International",79.00,14.00,5.30,0.13,3.78,0.00,4.79,8.00,0.00,1260.00,471.00,24.00,292.00,0.00,473.00
2025,11,9E,Endeavor Air Inc.,FAY,"Fayetteville, NC: Fayetteville Regional/Grannis Field",102.00,18.00,6.56,1.16,1.35,0.00,8.93,7.00,0.00,1208.00,287.00,116.00,92.00,0.00,713.00
2025,11,9E,Endeavor Air Inc.,FSD,"Sioux Falls, SD: Joe Foss Field",24.00,1.00,0.15,0.00,0.00,0.00,0.85,0.00,0.00,68.00,10.00,0.00,0.00,0.00,58.00
2025,11,9E,Endeavor Air Inc.,GNV,"Gainesville, FL: Gainesville Regional",2.00,0.00,0.00,0.00,0.00,0.00,0.00,0.00,0.00,0.00,0.00,0.00,0.00,0.00,0.00
2025,11,9E,Endeavor Air Inc.,GRB,"Green Bay, WI: Green Bay Austin Straubel International",25.00,5.00,1.84,0.50,0.71,0.00,1.95,1.00,0.00,437.00,119.00,82.00,36.00,0.00,200.00
2025,11,9E,Endeavor Air Inc.,GRR,"Grand Rapids, MI: Gerald R. Ford International",3.00,1.00,0.11,0.00,0.00,0.00,0.89,0.00,0.00,97.00,11.00,0.00,0.00,0.00,86.00
2025,11,9E,Endeavor Air Inc.,GSO,"Greensboro/High Point, NC: Piedmont Triad International",5.00,0.00,0.00,0.00,0.00,0.00,0.00,1.00,0.00,0.00,0.00,0.00,0.00,0.00,0.00
2025,11,9E,Endeavor Air Inc.,GSP,"Greer, SC: Greenville-Spartanburg International",134.00,39.00,3.95,0.00,10.45,0.00,24.60,4.00,0.00,3524.00,367.00,0.00,784.00,0.00,2373.00
2025,11,9E,Endeavor Air Inc.,GTR,"Columbus, MS: Golden Triangle Regional",60.00,12.00,3.13,2.00,0.33,0.00,6.53,1.00,0.00,1372.00,291.00,725.00,9.00,0.00,347.00
2025,11,9E,Endeavor Air Inc.,HPN,"White Plains, NY: Westchester County",154.00,25.00,10.37,1.09,7.07,0.00,6.47,6.00,5.00,1646.00,581.00,72.00,311.00,0.00,682.00
2025,11,9E,Endeavor Air Inc.,HSV,"Huntsville, AL: Huntsville International-Carl T Jones Field",109.00,31.00,9.46,1.90,7.70,0.00,11.94,1.00,0.00,3118.00,1515.00,186.00,441.00,0.00,976.00
2025,11,9E,Endeavor Air Inc.,IAD,"Washington, DC: Washington Dulles International",112.00,26.00,6.99,0.48,13.48,0.00,5.05,4.00,1.00,1843.00,320.00,63.00,800.00,0.00,660.00
2025,11,9E,Endeavor Air Inc.,ICT,"Wichita, KS: Wichita Dwight D Eisenhower National",37.00,10.00,4.21,0.00,1.04,0.00,4.75,2.00,0.00,458.00,186.00,0.00,47.00,0.00,225.00
2025,11,9E,Endeavor Air Inc.,ILM,"Wilmington, NC: Wilmington International",81.00,26.00,7.61,0.00,3.10,0.00,15.29,5.00,0.00,2512.00,617.00,0.00,255.00,0.00,1640.00
2025,11,9E,Endeavor Air Inc.,IND,"Indianapolis, IN: Indianapolis International",247.00,46.00,10.90,0.11,16.83,0.00,18.16,3.00,0.00,2915.00,618.00,12.00,785.00,0.00,1500.00
2025,11,9E,Endeavor Air Inc.,ITH,"Ithaca/Cortland, NY: Ithaca Tompkins International",58.00,8.00,4.33,0.34,0.56,0.00,2.76,5.00,1.00,500.00,226.00,10.00,34.00,0.00,230.00
2025,11,9E,Endeavor Air Inc.,JAN,"Jackson/Vicksburg, MS: Jackson Medgar Wiley Evers International",39.00,5.00,4.21,0.00,0.00,0.00,0.79,6.00,1.00,218.00,195.00,0.00,0.00,0.00,23.00
2025,11,9E,Endeavor Air Inc.,JAX,"Jacksonville, FL: Jacksonville International",119.00,31.00,4.74,0.00,14.53,0.00,11.73,1.00,0.00,1637.00,253.00,0.00,692.00,0.00,692.00
2025,11,9E,Endeavor Air Inc.,JFK,"New York, NY: John F. Kennedy International",1739.00,334.00,68.91,10.77,114.34,0.00,139.98,57.00,1.00,33169.00,8832.00,1984.00,8983.00,0.00,13370.00
2025,11,9E,Endeavor Air Inc.,LAN,"Lansing, MI: Capital Region International",44.00,10.00,5.00,0.00,2.98,0.00,2.02,3.00,0.00,1335.00,903.00,0.00,214.00,0.00,218.00
2025,11,9E,Endeavor Air Inc.,LEX,"Lexington, KY: Blue Grass",51.00,15.00,4.89,0.01,2.31,0.00,7.80,2.00,1.00,1546.00,389.00,1.00,233.00,0.00,923.00
2025,11,9E,Endeavor Air Inc.,LFT,"Lafayette, LA: Lafayette Regional Paul Fournet Field",104.00,21.00,10.26,0.88,3.02,0.00,6.83,3.00,0.00,1784.00,811.00,263.00,150.00,0.00,560.00
2025,11,9E,Endeavor Air Inc.,LGA,"New York, NY: LaGuardia",2186.00,643.00,87.30,12.02,335.63,0.00,208.05,77.00,6.00,64553.00,12354.00,1096.00,29569.00,0.00,21534.00
2025,11,9E,Endeavor Air Inc.,LIT,"Little Rock, AR: Bill and Hillary Clinton Nat Adams Field",24.00,10.00,0.95,0.00,3.31,0.00,5.74,0.00,0.00,910.00,75.00,0.00,268.00,0.00,567.00
2025,11,9E,Endeavor Air Inc.,MCI,"Kansas City, MO: Kansas City International",114.00,23.00,7.00,0.01,8.61,0.00,7.39,1.00,0.00,1781.00,655.00,1.00,423.00,0.00,702.00
2025,11,9E,Endeavor Air Inc.,MDT,"Harrisburg, PA: Harrisburg International",49.00,11.00,4.55,0.00,4.52,0.00,1.94,0.00,0.00,619.00,289.00,0.00,208.00,0.00,122.00
2025,11,9E,Endeavor Air Inc.,MDW,"Chicago, IL: Chicago Midway International",71.00,16.00,7.24,0.00,4.43,0.00,4.33,4.00,0.00,1542.00,785.00,0.00,184.00,0.00,573.00
2025,11,9E,Endeavor Air Inc.,MEM,"Memphis, TN: Memphis International",121.00,41.00,7.62,0.00,13.63,0.00,19.75,4.00,0.00,3022.00,595.00,0.00,803.00,0.00,1624.00
2025,11,9E,Endeavor Air Inc.,MGM,"Montgomery, AL: Montgomery Regional",122.00,27.00,15.05,3.08,3.24,0.00,5.63,7.00,1.00,2061.00,1099.00,187.00,154.00,0.00,621.00
2025,11,9E,Endeavor Air Inc.,MKE,"Milwaukee, WI: General Mitchell International",153.00,42.00,10.54,0.00,12.85,0.00,18.62,6.00,0.00,3072.00,603.00,0.00,762.00,0.00,1707.00
2025,11,9E,Endeavor Air Inc.,MLI,"Moline, IL: Quad Cities International",58.00,14.00,5.89,0.00,3.89,0.00,4.22,6.00,0.00,688.00,300.00,0.00,114.00,0.00,274.00
2025,11,9E,Endeavor Air Inc.,MLU,"Monroe, LA: Monroe Regional",88.00,14.00,7.66,1.05,0.99,0.00,4.30,10.00,0.00,1190.00,403.00,583.00,47.00,0.00,157.00
2025,11,9E,Endeavor Air Inc.,MOB,"Mobile, AL: Mobile Regional",93.00,17.00,5.96,1.21,4.08,0.00,5.75,4.00,1.00,1045.00,290.00,76.00,188.00,0.00,491.00
2025,11,9E,Endeavor Air Inc.,MSN,"Madison, WI: Dane County Regional-Truax Field",69.00,18.00,6.61,1.03,5.78,0.00,4.58,3.00,0.00,1750.00,440.00,672.00,296.00,0.00,342.00
2025,11,9E,Endeavor Air Inc.,MSP,"Minneapolis, MN: Minneapolis-St Paul International",1400.00,237.00,36.54,5.43,55.78,0.00,139.25,51.00,0.00,22237.00,5089.00,982.00,3109.00,0.00,13057.00
2025,11,9E,Endeavor Air Inc.,OAJ,"Jacksonville/Camp Lejeune, NC: Albert J Ellis",101.00,17.00,8.74,0.38,1.99,0.00,5.89,7.00,0.00,1206.00,647.00,19.00,83.00,0.00,457.00
2025,11,9E,Endeavor Air Inc.,OKC,"Oklahoma City, OK: Okc Will Rogers International",4.00,0.00,0.00,0.00,0.00,0.00,0.00,0.00,0.00,0.00,0.00,0.00,0.00,0.00,0.00
2025,11,9E,Endeavor Air Inc.,OMA,"Omaha, NE: Eppley Airfield",82.00,26.00,2.37,0.00,9.92,0.00,13.71,5.00,0.00,2290.00,318.00,0.00,563.00,0.00,1409.00
2025,11,9E,Endeavor Air Inc.,ORD,"Chicago, IL: Chicago O'Hare International",109.00,23.00,4.86,0.00,15.71,0.00,2.43,9.00,1.00,1619.00,290.00,0.00,1184.00,0.00,145.00
2025,11,9E,Endeavor Air Inc.,ORF,"Norfolk, VA: Norfolk International",198.00,47.00,12.83,0.66,15.82,0.05,17.64,7.00,1.00,3241.00,850.00,85.00,695.00,4.00,1607.00
2025,11,9E,Endeavor Air Inc.,ORH,"Worcester, MA: Worcester Regional",24.00,6.00,0.40,0.00,3.19,0.00,2.42,1.00,0.00,460.00,19.00,0.00,203.00,0.00,238.00
2025,11,9E,Endeavor Air Inc.,PIT,"Pittsburgh, PA: Pittsburgh International",205.00,38.00,12.14,1.03,12.83,0.00,11.99,4.00,0.00,3337.00,1449.00,24.00,654.00,0.00,1210.00
2025,11,9E,Endeavor Air Inc.,PNS,"Pensacola, FL: Pensacola International",29.00,6.00,1.11,0.00,3.01,0.00,1.88,0.00,0.00,602.00,97.00,0.00,265.00,0.00,240.00
2025,11,9E,Endeavor Air Inc.,PWM,"Portland, ME: Portland International Jetport",88.00,17.00,3.32,0.00,3.94,0.00,9.74,3.00,0.00,1197.00,321.00,0.00,154.00,0.00,722.00
2025,11,9E,Endeavor Air Inc.,RAP,"Rapid City, SD: Rapid City Regional",100.00,15.00,5.26,0.20,4.71,0.00,4.83,5.00,1.00,971.00,339.00,27.00,193.00,0.00,412.00
2025,11,9E,Endeavor Air Inc.,RDU,"Raleigh/Durham, NC: Raleigh-Durham International",543.00,144.00,16.73,0.97,34.79,0.00,91.51,11.00,0.00,12154.00,1565.00,193.00,2222.00,0.00,8174.00
2025,11,9E,Endeavor Air Inc.,RIC,"Richmond, VA: Richmond International",193.00,41.00,11.76,0.00,11.52,0.00,17.72,6.00,0.00,3406.00,815.00,0.00,819.00,0.00,1772.00
2025,11,9E,Endeavor Air Inc.,ROA,"Roanoke, VA: Roanoke Blacksburg Regional",110.00,26.00,7.96,1.32,3.82,0.00,12.89,9.00,0.00,2088.00,472.00,248.00,206.00,0.00,1162.00
2025,11,9E,Endeavor Air Inc.,ROC,"Rochester, NY: Frederick Douglass Grtr Rochester International",201.00,59.00,19.75,0.00,11.61,0.60,27.04,4.00,0.00,4103.00,1456.00,0.00,643.00,9.00,1995.00
2025,11,9E,Endeavor Air Inc.,RST,"Rochester, MN: Rochester International",84.00,14.00,4.67,1.64,4.04,0.00,3.66,1.00,0.00,1023.00,234.00,132.00,295.00,0.00,362.00
2025,11,9E,Endeavor Air Inc.,SAV,"Savannah, GA: Savannah/Hilton Head International",65.00,15.00,2.53,0.00,7.00,0.00,5.48,1.00,0.00,890.00,258.00,0.00,293.00,0.00,339.00
2025,11,9E,Endeavor Air Inc.,SBN,"South Bend, IN: South Bend International",6.00,0.00,0.00,0.00,0.00,0.00,0.00,0.00,0.00,0.00,0.00,0.00,0.00,0.00,0.00
2025,11,9E,Endeavor Air Inc.,SDF,"Louisville, KY: Louisville Muhammad Ali International",90.00,19.00,6.89,1.77,4.85,0.00,5.49,2.00,1.00,1813.00,946.00,109.00,219.00,0.00,539.00
2025,11,9E,Endeavor Air Inc.,SGF,"Springfield, MO: Springfield-Branson National",72.00,17.00,11.57,0.00,1.98,0.00,3.46,4.00,1.00,1298.00,1012.00,0.00,77.00,0.00,209.00
2025,11,9E,Endeavor Air Inc.,STL,"St. Louis, MO: St Louis Lambert International",171.00,47.00,16.63,0.77,16.77,0.00,12.82,6.00,0.00,3518.00,1257.00,79.00,1025.00,0.00,1157.00
2025,11,9E,Endeavor Air Inc.,SYR,"Syracuse, NY: Syracuse Hancock International",262.00,52.00,12.18,0.92,11.52,0.00,27.38,11.00,2.00,4449.00,1145.00,144.00,592.00,0.00,2568.00
2025,11,9E,Endeavor Air Inc.,TLH,"Tallahassee, FL: Tallahassee International",30.00,4.00,0.88,1.76,1.36,0.00,0.00,1.00,1.00,136.00,15.00,85.00,36.00,0.00,0.00
2025,11,9E,Endeavor Air Inc.,TRI,"Bristol/Johnson City/Kingsport, TN: Tri Cities",75.00,14.00,5.44,0.00,3.40,0.00,5.16,8.00,0.00,819.00,294.00,0.00,105.00,0.00,420.00
2025,11,9E,Endeavor Air Inc.,TUL,"Tulsa, OK: Tulsa International",24.00,11.00,2.89,0.00,2.96,0.00,5.15,0.00,0.00,834.00,235.00,0.00,203.00,0.00,396.00
2025,11,9E,Endeavor Air Inc.,TVC,"Traverse City, MI: Cherry Capital",2.00,0.00,0.00,0.00,0.00,0.00,0.00,1.00,0.00,0.00,0.00,0.00,0.00,0.00,0.00
2025,11,9E,Endeavor Air Inc.,TYS,"Knoxville, TN: McGhee Tyson",264.00,64.00,19.80,2.31,19.51,0.00,22.39,6.00,1.00,5583.00,2318.00,120.00,1057.00,0.00,2088.00
2025,11,9E,Endeavor Air Inc.,VLD,"Valdosta, GA: Valdosta Regional",84.00,19.00,6.17,1.31,4.80,0.00,6.72,6.00,0.00,1061.00,292.00,80.00,302.00,0.00,387.00
2025,11,9E,Endeavor Air Inc.,XNA,"Fayetteville, AR: Northwest Arkansas National",209.00,33.00,14.66,0.00,11.75,0.00,6.59,4.00,0.00,2180.00,844.00,0.00,647.00,0.00,689.00
2025,11,AA,American Airlines Network,ABQ,"Albuquerque, NM: Albuquerque International Sunport",180.00,55.00,26.01,1.54,5.69,0.00,21.76,4.00,0.00,4089.00,2212.00,112.00,253.00,0.00,1512.00
2025,11,AA,American Airlines Network,ALB,"Albany, NY: Albany International",109.00,29.00,14.06,1.00,1.85,0.00,12.10,3.00,0.00,2806.00,1246.00,286.00,82.00,0.00,1192.00
2025,11,AA,American Airlines Network,AMA,"Amarillo, TX: Rick Husband Amarillo International",31.00,15.00,7.42,0.33,0.94,0.00,6.31,0.00,0.00,1666.00,1085.00,13.00,50.00,0.00,518.00
2025,11,AA,American Airlines Network,ANC,"Anchorage, AK: Ted Stevens Anchorage International",30.00,8.00,5.16,0.00,1.86,0.00,0.98,1.00,0.00,1351.00,896.00,0.00,93.00,0.00,362.00
2025,11,AA,American Airlines Network,ATL,"Atlanta, GA: Hartsfield-Jackson Atlanta International",523.00,148.00,53.46,3.64,25.30,1.00,64.60,12.00,0.00,12380.00,4724.00,301.00,1516.00,26.00,5813.00
2025,11,AA,American Airlines Network,AUS,"Austin, TX: Austin - Bergstrom International",1087.00,314.00,83.49,6.31,103.83,1.00,119.37,26.00,0.00,24796.00,5528.00,1287.00,5234.00,72.00,12675.00
2025,11,AA,American Airlines Network,AVL,"Asheville, NC: Asheville Regional",30.00,8.00,3.00,0.04,0.04,0.00,4.92,1.00,0.00,744.00,308.00,5.00,10.00,0.00,421.00
2025,11,AA,American Airlines Network,AVP,"Scranton/Wilkes-Barre, PA: Wilkes Barre Scranton International",55.00,12.00,4.59,0.00,0.25,1.00,6.16,0.00,2.00,430.00,134.00,0.00,5.00,74.00,217.00
2025,11,AA,American Airlines Network,BDL,"Hartford, CT: Bradley International",226.00,53.00,19.19,0.56,9.46,0.00,23.79,3.00,0.00,3228.00,953.00,68.00,417.00,0.00,1790.00
2025,11,AA,American Airlines Network,BFL,"Bakersfield, CA: Meadows Field",60.00,16.00,4.11,0.97,0.94,0.00,9.98,0.00,0.00,2116.00,689.00,658.00,61.00,0.00,708.00
2025,11,AA,American Airlines Network,BGR,"Bangor, ME: Bangor International",4.00,1.00,0.63,0.00,0.00,0.00,0.38,0.00,0.00,24.00,15.00,0.00,0.00,0.00,9.00
2025,11,AA,American Airlines Network,BHM,"Birmingham, AL: Birmingham-Shuttlesworth International",146.00,31.00,11.21,0.00,2.83,0.00,16.96,2.00,0.00,3091.00,1247.00,0.00,124.00,0.00,1720.00
2025,11,AA,American Airlines Network,BNA,"Nashville, TN: Nashville International",683.00,167.00,51.97,3.48,35.78,0.00,75.76,12.00,1.00,14220.00,4264.00,781.00,1982.00,0.00,7193.00
2025,11,AA,American Airlines Network,BOI,"Boise, ID: Boise Air Terminal",61.00,17.00,6.31,0.13,2.86,0.00,7.70,2.00,0.00,1328.00,566.00,13.00,85.00,0.00,664.00
2025,11,AA,American Airlines Network,BOS,"Boston, MA: Logan International",1279.00,332.00,81.64,4.27,98.92,2.67,144.50,24.00,2.00,24836.00,5501.00,279.00,6015.00,133.00,12908.00
2025,11,AA,American Airlines Network,BTV,"Burlington, VT: Patrick Leahy Burlington International",1.00,0.00,0.00,0.00,0.00,0.00,0.00,0.00,0.00,0.00,0.00,0.00,0.00,0.00,0.00
2025,11,AA,American Airlines Network,BUF,"Buffalo, NY: Buffalo Niagara International",178.00,63.00,24.19,2.40,11.52,0.01,24.88,2.00,0.00,5163.00,1330.00,790.00,506.00,1.00,2536.00
2025,11,AA,American Airlines Network,BUR,"Burbank, CA: Bob Hope",60.00,17.00,6.29,0.69,3.71,0.00,6.32,1.00,0.00,828.00,219.00,32.00,219.00,0.00,358.00
2025,11,AA,American Airlines Network,BWI,"Baltimore, MD: Baltimore/Washington International Thurgood Marshall",266.00,56.00,24.60,1.08,7.35,1.26,21.70,3.00,0.00,3880.00,1958.00,126.00,255.00,75.00,1466.00
2025,11,AA,American Airlines Network,BZN,"Bozeman, MT: Bozeman Yellowstone International",31.00,9.00,3.06,0.00,2.45,0.00,3.49,0.00,0.00,721.00,160.00,0.00,197.00,0.00,364.00
2025,11,AA,American Airlines Network,CHS,"Charleston, SC: Charleston AFB/International",377.00,88.00,30.61,1.10,13.92,0.00,42.36,3.00,0.00,6298.00,1946.00,142.00,654.00,0.00,3556.00
2025,11,AA,American Airlines Network,CID,"Cedar Rapids/Iowa City, IA: The Eastern Iowa",70.00,23.00,6.63,0.25,2.78,0.00,13.34,7.00,1.00,1693.00,480.00,4.00,155.00,0.00,1054.00
2025,11,AA,American Airlines Network,CLE,"Cleveland, OH: Cleveland-Hopkins International",271.00,79.00,26.62,0.63,13.36,0.00,38.39,3.00,0.00,5101.00,2124.00,49.00,503.00,0.00,2425.00
2025,11,AA,American Airlines Network,CLT,"Charlotte, NC: Charlotte Douglas International",9569.00,1500.00,475.68,23.23,360.49,4.56,636.05,99.00,6.00,137978.00,52506.00,3225.00,21928.00,221.00,60098.00
2025,11,AA,American Airlines Network,CMH,"Columbus, OH: John Glenn Columbus International",314.00,59.00,26.89,0.66,7.07,0.00,24.38,4.00,0.00,3796.00,1660.00,57.00,262.00,0.00,1817.00
2025,11,AA,American Airlines Network,COS,"Colorado Springs, CO: City of Colorado Springs Municipal",88.00,23.00,10.17,1.33,2.62,0.00,8.88,2.00,0.00,2030.00,1195.00,207.00,92.00,0.00,536.00
2025,11,AA,American Airlines Network,CVG,"Cincinnati, OH: Cincinnati/Northern Kentucky International",244.00,65.00,27.43,0.58,11.01,0.00,25.98,4.00,0.00,5174.00,2209.00,16.00,549.00,0.00,2400.00
2025,11,AA,American Airlines Network,DAB,"Daytona Beach, FL: Daytona Beach International",45.00,14.00,3.79,0.00,1.59,0.23,8.39,1.00,0.00,930.00,306.00,0.00,69.00,7.00,548.00
2025,11,AA,American Airlines Network,DCA,"Washington, DC: Ronald Reagan Washington National",2205.00,614.00,142.02,11.97,233.96,2.76,223.30,33.00,8.00,44657.00,12388.00,990.00,11296.00,190.00,19793.00
2025,11,AA,American Airlines Network,DEN,"Denver, CO: Denver International",664.00,146.00,52.14,3.59,30.83,1.00,58.44,10.00,0.00,9691.00,2654.00,690.00,1319.00,19.00,5009.00
2025,11,AA,American Airlines Network,DFW,"Dallas/Fort Worth, TX: Dallas/Fort Worth International",13451.00,3250.00,759.75,92.90,1193.30,7.17,1196.88,417.00,61.00,285832.00,89993.00,12642.00,67672.00,292.00,115233.00
2025,11,AA,American Airlines Network,DRO,"Durango, CO: Durango La Plata County",2.00,1.00,0.63,0.00,0.37,0.00,0.00,0.00,0.00,35.00,22.00,0.00,13.00,0.00,0.00
2025,11,AA,American Airlines Network,DSM,"Des Moines, IA: Des Moines International",179.00,53.00,16.34,1.07,12.69,0.00,22.90,11.00,0.00,3851.00,737.00,110.00,493.00,0.00,2511.00
2025,11,AA,American Airlines Network,DTW,"Detroit, MI: Detroit Metro Wayne County",388.00,90.00,36.24,4.03,8.83,1.00,39.89,4.00,0.00,6335.00,2124.00,544.00,384.00,68.00,3215.00
2025,11,AA,American Airlines Network,EGE,"Eagle, CO: Eagle County Regional",30.00,11.00,6.22,0.00,0.31,0.00,4.47,1.00,0.00,2390.00,1701.00,0.00,35.00,0.00,654.00
2025,11,AA,American Airlines Network,ELP,"El Paso, TX: El Paso International",176.00,70.00,32.33,1.48,8.22,0.00,27.97,4.00,0.00,5085.00,2410.00,250.00,397.00,0.00,2028.00
2025,11,AA,American Airlines Network,EUG,"Eugene, OR: Mahlon Sweet Field",59.00,16.00,3.80,0.17,1.49,0.00,10.54,0.00,0.00,814.00,179.00,23.00,79.00,0.00,533.00
2025,11,AA,American Airlines Network,EWR,"Newark, NJ: Newark Liberty International",517.00,152.00,28.87,3.33,76.94,0.00,42.86,24.00,1.00,10986.00,1982.00,329.00,5170.00,0.00,3505.00
2025,11,AA,American Airlines Network,EYW,"Key West, FL: Key West International",146.00,30.00,11.72,0.42,5.95,0.00,11.92,11.00,3.00,1768.00,616.00,21.00,299.00,0.00,832.00
2025,11,AA,American Airlines Network,FAT,"Fresno, CA: Fresno Yosemite International",168.00,43.00,18.17,2.10,2.46,0.00,20.26,3.00,0.00,3949.00,1136.00,553.00,88.00,0.00,2172.00
2025,11,AA,American Airlines Network,FLL,"Fort Lauderdale, FL: Fort Lauderdale-Hollywood International",611.00,135.00,46.32,1.57,29.97,0.00,57.15,21.00,1.00,10197.00,3171.00,254.00,1851.00,0.00,4921.00
2025,11,AA,American Airlines Network,FSD,"Sioux Falls, SD: Joe Foss Field",57.00,30.00,9.70,0.20,3.22,0.00,16.88,3.00,0.00,2863.00,811.00,18.00,241.00,0.00,1793.00
2025,11,AA,American Airlines Network,GEG,"Spokane, WA: Spokane International",115.00,37.00,13.61,2.14,8.90,0.00,12.35,2.00,0.00,2098.00,1018.00,50.00,300.00,0.00,730.00
2025,11,AA,American Airlines Network,GRR,"Grand Rapids, MI: Gerald R. Ford International",195.00,57.00,26.16,0.06,5.17,0.00,25.61,3.00,0.00,5090.00,2818.00,9.00,224.00,0.00,2039.00
2025,11,AA,American Airlines Network,GSO,"Greensboro/High Point, NC: Piedmont Triad International",76.00,22.00,7.71,0.00,0.92,0.00,13.36,3.00,0.00,1808.00,964.00,0.00,23.00,0.00,821.00
2025,11,AA,American Airlines Network,GSP,"Greer, SC: Greenville-Spartanburg International",114.00,28.00,13.54,0.19,3.53,0.87,9.88,2.00,1.00,2135.00,1118.00,10.00,87.00,39.00,881.00
2025,11,AA,American Airlines Network,HNL,"Honolulu, HI: Daniel K Inouye International",205.00,29.00,16.27,2.58,3.59,0.00,6.56,1.00,1.00,2141.00,1321.00,277.00,192.00,0.00,351.00
2025,11,AA,American Airlines Network,HSV,"Huntsville, AL: Huntsville International-Carl T Jones Field",1.00,0.00,0.00,0.00,0.00,0.00,0.00,0.00,0.00,0.00,0.00,0.00,0.00,0.00,0.00
2025,11,AA,American Airlines Network,IAD,"Washington, DC: Washington Dulles International",140.00,42.00,16.59,0.96,6.51,0.00,17.94,2.00,0.00,2516.00,854.00,188.00,320.00,0.00,1154.00
2025,11,AA,American Airlines Network,IAH,"Houston, TX: George Bush Intercontinental/Houston",659.00,196.00,55.50,0.75,61.13,0.17,78.45,19.00,1.00,14873.00,4558.00,60.00,3562.00,3.00,6690.00
2025,11,AA,American Airlines Network,ICT,"Wichita, KS: Wichita Dwight D Eisenhower National",81.00,33.00,15.61,0.95,1.74,0.52,14.17,2.00,0.00,2963.00,1331.00,108.00,108.00,23.00,1393.00
2025,11,AA,American Airlines Network,ILM,"Wilmington, NC: Wilmington International",231.00,57.00,23.54,1.01,3.76,0.00,28.69,3.00,0.00,4096.00,1438.00,140.00,192.00,0.00,2326.00
2025,11,AA,American Airlines Network,IND,"Indianapolis, IN: Indianapolis International",541.00,110.00,46.73,4.69,15.69,0.11,42.79,4.00,0.00,9116.00,3771.00,1018.00,611.00,9.00,3707.00
2025,11,AA,American Airlines Network,JAC,"Jackson, WY: Jackson Hole",31.00,5.00,3.45,1.00,0.55,0.00,0.00,2.00,0.00,294.00,243.00,35.00,16.00,0.00,0.00
2025,11,AA,American Airlines Network,JAX,"Jacksonville, FL: Jacksonville International",536.00,119.00,37.25,1.11,18.09,1.28,61.27,7.00,0.00,7806.00,2231.00,37.00,1032.00,45.00,4461.00
2025,11,AA,American Airlines Network,JFK,"New York, NY: John F. Kennedy International",1237.00,282.00,103.31,2.82,88.52,0.00,87.34,20.00,4.00,21416.00,6531.00,263.00,4402.00,0.00,10220.00
2025,11,AA,American Airlines Network,KOA,"Kona, HI: Ellison Onizuka Kona International at Keahole",64.00,9.00,2.25,0.84,1.79,0.00,4.12,0.00,0.00,566.00,214.00,100.00,70.00,0.00,182.00
2025,11,AA,American Airlines Network,LAS,"Las Vegas, NV: Harry Reid International",1142.00,275.00,102.17,8.97,63.11,0.00,100.75,26.00,0.00,20403.00,7668.00,871.00,3143.00,0.00,8721.00
2025,11,AA,American Airlines Network,LAX,"Los Angeles, CA: Los Angeles International",2429.00,543.00,174.48,9.18,183.60,1.35,174.39,27.00,5.00,45771.00,16564.00,1167.00,8214.00,39.00,19787.00
2025,11,AA,American Airlines Network,LBB,"Lubbock, TX: Lubbock Preston Smith International",55.00,17.00,8.26,0.04,0.89,0.00,7.81,3.00,0.00,1283.00,818.00,3.00,32.00,0.00,430.00
2025,11,AA,American Airlines Network,LEX,"Lexington, KY: Blue Grass",54.00,24.00,11.27,0.03,2.46,0.98,9.25,0.00,1.00,1833.00,666.00,7.00,121.00,119.00,920.00
2025,11,AA,American Airlines Network,LGA,"New York, NY: LaGuardia",1424.00,536.00,106.87,13.17,257.74,0.53,157.68,43.00,10.00,42579.00,7707.00,1988.00,16423.00,29.00,16432.00
2025,11,AA,American Airlines Network,LIH,"Lihue, HI: Lihue Airport",54.00,6.00,5.59,0.00,0.41,0.00,0.00,0.00,0.00,178.00,170.00,0.00,8.00,0.00,0.00
2025,11,AA,American Airlines Network,LIT,"Little Rock, AR: Bill and Hillary Clinton Nat Adams Field",83.00,26.00,8.03,0.15,3.21,0.00,14.61,2.00,0.00,1716.00,548.00,10.00,174.00,0.00,984.00
2025,11,AA,American Airlines Network,MCI,"Kansas City, MO: Kansas City International",464.00,120.00,42.99,2.44,16.92,0.00,57.65,12.00,0.00,8544.00,3128.00,243.00,668.00,0.00,4505.00
2025,11,AA,American Airlines Network,MCO,"Orlando, FL: Orlando International",1538.00,395.00,123.77,7.15,111.24,0.94,151.90,38.00,1.00,27522.00,8362.00,1098.00,5831.00,91.00,12140.00
2025,11,AA,American Airlines Network,MDT,"Harrisburg, PA: Harrisburg International",87.00,22.00,10.87,1.00,1.15,0.00,8.98,0.00,0.00,1298.00,668.00,120.00,69.00,0.00,441.00
2025,11,AA,American Airlines Network,MEM,"Memphis, TN: Memphis International",394.00,121.00,45.40,2.07,15.83,0.42,57.28,4.00,1.00,9008.00,3613.00,285.00,816.00,16.00,4278.00
2025,11,AA,American Airlines Network,MFE,"Mission/McAllen/Edinburg, TX: McAllen International",155.00,47.00,19.80,0.67,3.16,0.00,23.37,6.00,0.00,3360.00,1239.00,30.00,165.00,0.00,1926.00
2025,11,AA,American Airlines Network,MIA,"Miami, FL: Miami International",5256.00,1074.00,365.91,16.04,321.98,2.34,367.73,80.00,6.00,86079.00,33971.00,2383.00,16028.00,100.00,33597.00
2025,11,AA,American Airlines Network,MKE,"Milwaukee, WI: General Mitchell International",206.00,45.00,15.57,2.05,8.37,0.00,19.02,9.00,0.00,3402.00,891.00,244.00,327.00,0.00,1940.00
2025,11,AA,American Airlines Network,MRY,"Monterey, CA: Monterey Regional",59.00,12.00,2.24,0.45,4.47,0.00,4.83,2.00,1.00,825.00,133.00,76.00,256.00,0.00,360.00
2025,11,AA,American Airlines Network,MSN,"Madison, WI: Dane County Regional-Truax Field",191.00,53.00,20.54,0.00,7.04,0.00,25.42,3.00,1.00,4205.00,1378.00,0.00,302.00,0.00,2525.00
2025,11,AA,American Airlines Network,MSP,"Minneapolis, MN: Minneapolis-St Paul International",306.00,66.00,27.68,2.03,10.53,0.00,25.76,6.00,0.00,4674.00,1966.00,686.00,445.00,0.00,1577.00
2025,11,AA,American Airlines Network,MSY,"New Orleans, LA: Louis Armstrong New Orleans International",652.00,129.00,51.10,3.85,19.43,0.31,54.32,12.00,0.00,10835.00,4126.00,319.00,1135.00,13.00,5242.00
2025,11,AA,American Airlines Network,MTJ,"Montrose/Delta, CO: Montrose Regional",1.00,0.00,0.00,0.00,0.00,0.00,0.00,0.00,0.00,0.00,0.00,0.00,0.00,0.00,0.00
2025,11,AA,American Airlines Network,MYR,"Myrtle Beach, SC: Myrtle Beach International",148.00,39.00,19.20,0.00,3.84,0.00,15.96,1.00,0.00,2237.00,1114.00,0.00,128.00,0.00,995.00
2025,11,AA,American Airlines Network,OGG,"Kahului, HI: Kahului Airport",101.00,21.00,11.94,0.11,2.33,0.00,6.61,0.00,1.00,1947.00,694.00,36.00,161.00,0.00,1056.00
2025,11,AA,American Airlines Network,OKC,"Oklahoma City, OK: Okc Will Rogers International",249.00,69.00,28.93,1.15,8.27,0.00,30.65,4.00,0.00,4435.00,1434.00,118.00,419.00,0.00,2464.00
2025,11,AA,American Airlines Network,OMA,"Omaha, NE: Eppley Airfield",187.00,43.00,17.24,1.80,8.45,0.00,15.51,4.00,0.00,3083.00,1274.00,130.00,448.00,0.00,1231.00
2025,11,AA,American Airlines Network,ONT,"Ontario, CA: Ontario International",320.00,82.00,32.59,1.71,10.41,0.65,36.64,11.00,0.00,4717.00,1501.00,218.00,607.00,17.00,2374.00
2025,11,AA,American Airlines Network,ORD,"Chicago, IL: Chicago O'Hare International",4303.00,1064.00,242.97,26.18,417.59,2.76,374.49,189.00,10.00,88967.00,27747.00,1922.00,24076.00,124.00,35098.00
2025,11,AA,American Airlines Network,ORF,"Norfolk, VA: Norfolk International",226.00,50.00,18.91,0.55,4.77,0.25,25.52,7.00,1.00,4022.00,1803.00,38.00,177.00,4.00,2000.00
2025,11,AA,American Airlines Network,PBI,"West Palm Beach/Palm Beach, FL: Palm Beach International",622.00,156.00,40.96,2.86,55.21,0.47,56.50,14.00,1.00,11304.00,2456.00,225.00,3684.00,7.00,4932.00
2025,11,AA,American Airlines Network,PDX,"Portland, OR: Portland International",327.00,91.00,34.44,2.11,20.84,0.06,33.56,5.00,0.00,6186.00,2697.00,296.00,912.00,2.00,2279.00
2025,11,AA,American Airlines Network,PHL,"Philadelphia, PA: Philadelphia International",3177.00,596.00,212.71,8.85,122.66,0.61,251.17,62.00,8.00,55555.00,23249.00,1428.00,5507.00,28.00,25343.00
2025,11,AA,American Airlines Network,PHX,"Phoenix, AZ: Phoenix Sky Harbor International",4774.00,942.00,270.18,24.03,326.62,1.31,319.87,79.00,4.00,84849.00,35068.00,2327.00,18676.00,43.00,28735.00
2025,11,AA,American Airlines Network,PIT,"Pittsburgh, PA: Pittsburgh International",425.00,105.00,49.56,1.13,13.75,0.00,40.56,5.00,0.00,6341.00,2865.00,105.00,517.00,0.00,2854.00
2025,11,AA,American Airlines Network,PNS,"Pensacola, FL: Pensacola International",118.00,38.00,10.32,1.08,1.43,0.00,25.17,4.00,1.00,3617.00,781.00,211.00,136.00,0.00,2489.00
2025,11,AA,American Airlines Network,PSP,"Palm Springs, CA: Palm Springs International",183.00,34.00,8.01,2.17,9.46,0.00,14.36,5.00,0.00,2817.00,411.00,478.00,628.00,0.00,1300.00
2025,11,AA,American Airlines Network,PVD,"Providence, RI: Rhode Island Tf Green International",199.00,35.00,7.00,0.64,3.66,0.00,23.70,2.00,0.00,2267.00,370.00,113.00,260.00,0.00,1524.00
2025,11,AA,American Airlines Network,PWM,"Portland, ME: Portland International Jetport",117.00,22.00,9.71,0.00,2.62,0.00,9.68,0.00,2.00,2132.00,1250.00,0.00,96.00,0.00,786.00
2025,11,AA,American Airlines Network,RDU,"Raleigh/Durham, NC: Raleigh-Durham International",799.00,166.00,62.90,2.92,22.58,0.00,77.60,11.00,0.00,11536.00,4353.00,283.00,854.00,0.00,6046.00
2025,11,AA,American Airlines Network,RIC,"Richmond, VA: Richmond International",300.00,66.00,25.07,1.52,11.50,0.00,27.91,5.00,0.00,4816.00,2342.00,199.00,429.00,0.00,1846.00
2025,11,AA,American Airlines Network,RNO,"Reno, NV: Reno/Tahoe International",189.00,34.00,12.17,1.05,3.47,0.00,17.32,5.00,0.00,3348.00,1155.00,31.00,178.00,0.00,1984.00
2025,11,AA,American Airlines Network,ROC,"Rochester, NY: Frederick Douglass Grtr Rochester International",71.00,15.00,4.08,0.00,0.38,0.00,10.54,0.00,0.00,985.00,285.00,0.00,37.00,0.00,663.00
2025,11,AA,American Airlines Network,RSW,"Fort Myers, FL: Southwest Florida International",592.00,132.00,43.71,5.17,34.88,1.18,47.06,10.00,0.00,10405.00,3921.00,753.00,1720.00,67.00,3944.00
2025,11,AA,American Airlines Network,SAN,"San Diego, CA: San Diego International",702.00,183.00,60.78,4.58,55.55,0.00,62.10,23.00,3.00,12367.00,4458.00,1105.00,2426.00,0.00,4378.00
2025,11,AA,American Airlines Network,SAT,"San Antonio, TX: San Antonio International",653.00,183.00,72.92,5.00,18.27,0.87,85.94,13.00,1.00,13187.00,4389.00,304.00,882.00,92.00,7520.00
2025,11,AA,American Airlines Network,SAV,"Savannah, GA: Savannah/Hilton Head International",159.00,36.00,12.94,1.09,2.07,0.00,19.90,2.00,1.00,3236.00,831.00,111.00,128.00,0.00,2166.00
2025,11,AA,American Airlines Network,SBA,"Santa Barbara, CA: Santa Barbara Municipal",104.00,24.00,9.46,0.00,8.35,0.00,6.19,1.00,0.00,1148.00,381.00,0.00,305.00,0.00,462.00
2025,11,AA,American Airlines Network,SBP,"San Luis Obispo, CA: San Luis Obispo County Regional",103.00,20.00,6.53,0.84,2.26,0.00,10.37,2.00,0.00,1760.00,571.00,265.00,65.00,0.00,859.00
2025,11,AA,American Airlines Network,SDF,"Louisville, KY: Louisville Muhammad Ali International",256.00,71.00,22.98,4.05,9.51,0.00,34.47,5.00,1.00,6741.00,2104.00,346.00,1299.00,0.00,2992.00
2025,11,AA,American Airlines Network,SEA,"Seattle, WA: Seattle/Tacoma International",462.00,122.00,47.87,4.72,31.45,0.00,37.96,10.00,0.00,7181.00,2979.00,326.00,1315.00,0.00,2561.00
2025,11,AA,American Airlines Network,SFO,"San Francisco, CA: San Francisco International",862.00,193.00,47.90,3.56,75.65,0.00,65.89,10.00,1.00,14516.00,3670.00,787.00,3489.00,0.00,6570.00
2025,11,AA,American Airlines Network,SJC,"San Jose, CA: Norman Y. Mineta San Jose International",116.00,27.00,9.91,1.04,3.58,0.00,12.46,2.00,1.00,1556.00,459.00,318.00,191.00,0.00,588.00
2025,11,AA,American Airlines Network,SJU,"San Juan, PR: Luis Munoz Marin International",390.00,86.00,40.32,2.07,27.01,0.00,16.60,1.00,0.00,5543.00,2788.00,146.00,1160.00,0.00,1449.00
2025,11,AA,American Airlines Network,SLC,"Salt Lake City, UT: Salt Lake City International",365.00,84.00,28.89,3.32,17.21,0.00,34.58,9.00,0.00,5261.00,1533.00,505.00,785.00,0.00,2438.00
2025,11,AA,American Airlines Network,SMF,"Sacramento, CA: Sacramento International",258.00,60.00,26.25,0.22,5.57,0.00,27.97,6.00,0.00,3236.00,1041.00,19.00,230.00,0.00,1946.00
2025,11,AA,American Airlines Network,SNA,"Santa Ana, CA: John Wayne Airport-Orange County",524.00,113.00,42.82,2.72,27.43,0.00,40.03,13.00,1.00,6714.00,1930.00,108.00,1109.00,0.00,3567.00
2025,11,AA,American Airlines Network,SRQ,"Sarasota/Bradenton, FL: Sarasota/Bradenton International",187.00,54.00,18.55,0.09,12.25,0.08,23.03,3.00,0.00,3151.00,1187.00,7.00,524.00,3.00,1430.00
2025,11,AA,American Airlines Network,STL,"St. Louis, MO: St Louis Lambert International",417.00,80.00,27.16,0.22,9.02,0.00,43.61,9.00,0.00,5821.00,2364.00,51.00,451.00,0.00,2955.00
2025,11,AA,American Airlines Network,STT,"Charlotte Amalie, VI: Cyril E King",164.00,27.00,13.03,0.00,7.54,1.00,5.43,0.00,0.00,1230.00,583.00,0.00,274.00,62.00,311.00
2025,11,AA,American Airlines Network,STX,"Christiansted, VI: Henry E. Rohlsen",64.00,17.00,3.47,0.00,7.03,0.00,6.50,0.00,0.00,580.00,97.00,0.00,247.00,0.00,236.00
2025,11,AA,American Airlines Network,SYR,"Syracuse, NY: Syracuse Hancock International",117.00,35.00,13.99,1.00,4.95,1.00,14.05,0.00,0.00,2064.00,739.00,22.00,211.00,74.00,1018.00
2025,11,AA,American Airlines Network,TPA,"Tampa, FL: Tampa International",1162.00,269.00,77.92,5.16,62.92,0.24,122.76,17.00,0.00,18209.00,5091.00,559.00,3060.00,36.00,9463.00
2025,11,AA,American Airlines Network,TUL,"Tulsa, OK: Tulsa International",192.00,50.00,18.81,0.84,6.08,0.08,24.19,4.00,0.00,3161.00,949.00,44.00,351.00,21.00,1796.00
2025,11,AA,American Airlines Network,TUS,"Tucson, AZ: Tucson International",316.00,56.00,20.68,1.44,8.50,0.00,25.38,8.00,0.00,5002.00,1786.00,147.00,428.00,0.00,2641.00
2025,11,AA,American Airlines Network,TYS,"Knoxville, TN: McGhee Tyson",121.00,36.00,12.18,2.00,8.84,0.00,12.98,2.00,0.00,2071.00,700.00,195.00,419.00,0.00,757.00
2025,11,AA,American Airlines Network,VPS,"Valparaiso, FL: Eglin AFB Destin Fort Walton Beach",176.00,37.00,16.30,0.05,4.10,0.00,16.56,3.00,0.00,2642.00,851.00,4.00,126.00,0.00,1661.00
2025,11,AA,American Airlines Network,XNA,"Fayetteville, AR: Northwest Arkansas National",82.00,26.00,13.18,1.48,1.56,0.00,9.78,0.00,0.00,1443.00,475.00,94.00,50.00,0.00,824.00
2025,11,AS,Alaska Airlines Network,ABQ,"Albuquerque, NM: Albuquerque International Sunport",50.00,11.00,3.67,0.00,4.20,0.00,3.13,0.00,0.00,531.00,251.00,0.00,158.00,0.00,122.00
2025,11,AS,Alaska Airlines Network,ADK,"Adak Island, AK: Adak",9.00,1.00,1.00,0.00,0.00,0.00,0.00,0.00,0.00,32.00,32.00,0.00,0.00,0.00,0.00
2025,11,AS,Alaska Airlines Network,ADQ,"Kodiak, AK: Kodiak Airport",58.00,5.00,1.81,0.59,0.66,0.00,1.94,2.00,0.00,321.00,111.00,37.00,57.00,0.00,116.00
2025,11,AS,Alaska Airlines Network,ANC,"Anchorage, AK: Ted Stevens Anchorage International",1026.00,153.00,34.75,6.76,40.46,5.25,65.77,16.00,1.00,6955.00,1823.00,369.00,1221.00,114.00,3428.00
2025,11,AS,Alaska Airlines Network,ATL,"Atlanta, GA: Hartsfield-Jackson Atlanta International",137.00,26.00,5.31,0.04,11.33,0.00,9.32,0.00,1.00,1374.00,395.00,3.00,513.00,0.00,463.00
2025,11,AS,Alaska Airlines Network,AUS,"Austin, TX: Austin - Bergstrom International",193.00,31.00,7.16,0.00,20.79,0.00,3.05,0.00,0.00,1654.00,525.00,0.00,979.00,0.00,150.00
2025,11,AS,Alaska Airlines Network,BET,"Bethel, AK: Bethel Airport",58.00,8.00,3.56,0.70,1.30,0.00,2.45,3.00,0.00,428.00,230.00,27.00,65.00,0.00,106.00
2025,11,AS,Alaska Airlines Network,BNA,"Nashville, TN: Nashville International",88.00,24.00,4.21,0.00,13.80,0.00,5.99,0.00,0.00,976.00,271.00,0.00,535.00,0.00,170.00
2025,11,AS,Alaska Airlines Network,BOI,"Boise, ID: Boise Air Terminal",165.00,30.00,5.77,0.00,5.27,0.00,18.96,4.00,0.00,1226.00,285.00,0.00,179.00,0.00,762.00
2025,11,AS,Alaska Airlines Network,BOS,"Boston, MA: Logan International",175.00,25.00,4.76,2.51,15.70,0.00,2.03,1.00,4.00,1326.00,145.00,205.00,918.00,0.00,58.00
2025,11,AS,Alaska Airlines Network,BRW,"Barrow, AK: Wiley Post/Will Rogers Memorial",28.00,6.00,1.00,1.50,0.50,0.00,3.00,0.00,0.00,317.00,15.00,151.00,31.00,0.00,120.00
2025,11,AS,Alaska Airlines Network,BUR,"Burbank, CA: Bob Hope",211.00,26.00,9.71,0.28,8.21,0.00,7.80,2.00,3.00,1184.00,578.00,9.00,356.00,0.00,241.00
2025,11,AS,Alaska Airlines Network,BWI,"Baltimore, MD: Baltimore/Washington International Thurgood Marshall",50.00,6.00,1.97,0.00,1.39,0.00,2.64,0.00,0.00,332.00,235.00,0.00,46.00,0.00,51.00
2025,11,AS,Alaska Airlines Network,BZN,"Bozeman, MT: Bozeman Yellowstone International",38.00,8.00,1.00,0.92,3.08,0.00,3.00,2.00,0.00,226.00,15.00,56.00,70.00,0.00,85.00
2025,11,AS,Alaska Airlines Network,CDV,"Cordova, AK: Merle K Mudhole Smith",57.00,9.00,1.33,0.00,4.05,0.00,3.62,0.00,0.00,421.00,35.00,0.00,131.00,0.00,255.00
2025,11,AS,Alaska Airlines Network,CHS,"Charleston, SC: Charleston AFB/International",23.00,4.00,0.10,0.00,3.10,0.00,0.80,0.00,0.00,199.00,5.00,0.00,153.00,0.00,41.00
2025,11,AS,Alaska Airlines Network,CLE,"Cleveland, OH: Cleveland-Hopkins International",26.00,6.00,1.83,0.00,2.34,0.00,1.83,0.00,0.00,208.00,37.00,0.00,66.00,0.00,105.00
2025,11,AS,Alaska Airlines Network,CMH,"Columbus, OH: John Glenn Columbus International",29.00,4.00,1.00,0.00,1.69,0.00,1.31,0.00,0.00,218.00,57.00,0.00,99.00,0.00,62.00
2025,11,AS,Alaska Airlines Network,CVG,"Cincinnati, OH: Cincinnati/Northern Kentucky International",29.00,5.00,2.00,0.00,1.28,0.00,1.72,0.00,0.00,124.00,39.00,0.00,43.00,0.00,42.00
2025,11,AS,Alaska Airlines Network,DCA,"Washington, DC: Ronald Reagan Washington National",175.00,39.00,5.38,0.00,25.39,0.00,8.23,1.00,4.00,2518.00,346.00,0.00,1700.00,0.00,472.00
2025,11,AS,Alaska Airlines Network,DEN,"Denver, CO: Denver International",212.00,37.00,8.40,0.12,18.15,0.00,10.32,2.00,0.00,1974.00,292.00,9.00,702.00,0.00,971.00
2025,11,AS,Alaska Airlines Network,DFW,"Dallas/Fort Worth, TX: Dallas/Fort Worth International",186.00,25.00,5.53,0.00,16.47,0.00,3.00,1.00,1.00,1020.00,237.00,0.00,686.00,0.00,97.00
2025,11,AS,Alaska Airlines Network,DTW,"Detroit, MI: Detroit Metro Wayne County",38.00,8.00,3.37,0.00,3.12,0.00,1.50,0.00,3.00,887.00,648.00,0.00,102.00,0.00,137.00
2025,11,AS,Alaska Airlines Network,EUG,"Eugene, OR: Mahlon Sweet Field",39.00,12.00,3.35,0.00,3.48,0.00,5.17,0.00,0.00,335.00,100.00,0.00,86.00,0.00,149.00
2025,11,AS,Alaska Airlines Network,EWR,"Newark, NJ: Newark Liberty International",284.00,38.00,7.97,3.70,23.39,0.00,2.95,11.00,4.00,4108.00,331.00,270.00,3365.00,0.00,142.00
2025,11,AS,Alaska Airlines Network,FAI,"Fairbanks, AK: Fairbanks International",236.00,29.00,9.78,0.60,10.88,0.00,7.74,4.00,0.00,1182.00,518.00,21.00,366.00,0.00,277.00
2025,11,AS,Alaska Airlines Network,FAT,"Fresno, CA: Fresno Yosemite International",29.00,2.00,1.00,0.00,0.76,0.00,0.24,0.00,0.00,253.00,216.00,0.00,28.00,0.00,9.00
2025,11,AS,Alaska Airlines Network,FLL,"Fort Lauderdale, FL: Fort Lauderdale-Hollywood International",48.00,13.00,5.10,0.00,4.57,0.00,3.33,0.00,0.00,508.00,325.00,0.00,93.00,0.00,90.00
2025,11,AS,Alaska Airlines Network,GEG,"Spokane, WA: Spokane International",225.00,23.00,8.12,0.50,9.37,0.00,5.01,2.00,0.00,879.00,386.00,18.00,242.00,0.00,233.00
2025,11,AS,Alaska Airlines Network,HNL,"Honolulu, HI: Daniel K Inouye International",138.00,35.00,12.92,0.00,21.42,0.00,0.67,0.00,3.00,1553.00,766.00,0.00,771.00,0.00,16.00
2025,11,AS,Alaska Airlines Network,IAD,"Washington, DC: Washington Dulles International",86.00,15.00,9.38,0.48,5.14,0.00,0.00,0.00,0.00,945.00,606.00,47.00,292.00,0.00,0.00
2025,11,AS,Alaska Airlines Network,IAH,"Houston, TX: George Bush Intercontinental/Houston",88.00,23.00,6.97,0.00,13.22,0.00,2.81,0.00,1.00,949.00,231.00,0.00,655.00,0.00,63.00
2025,11,AS,Alaska Airlines Network,IND,"Indianapolis, IN: Indianapolis International",39.00,5.00,1.00,0.00,1.47,0.00,2.53,0.00,0.00,230.00,96.00,0.00,70.00,0.00,64.00
2025,11,AS,Alaska Airlines Network,JFK,"New York, NY: John F. Kennedy International",332.00,55.00,12.01,2.03,26.46,1.00,13.51,7.00,10.00,3039.00,739.00,118.00,1401.00,135.00,646.00
2025,11,AS,Alaska Airlines Network,JNU,"Juneau, AK: Juneau International",321.00,40.00,6.51,4.08,10.35,0.00,19.06,3.00,1.00,2233.00,397.00,501.00,321.00,0.00,1014.00
2025,11,AS,Alaska Airlines Network,KOA,"Kona, HI: Ellison Onizuka Kona International at Keahole",209.00,40.00,6.99,0.75,25.88,0.00,6.38,2.00,6.00,1526.00,417.00,63.00,774.00,0.00,272.00
2025,11,AS,Alaska Airlines Network,KTN,"Ketchikan, AK: Ketchikan International",173.00,29.00,12.77,1.04,7.51,0.00,7.67,3.00,1.00,1522.00,837.00,42.00,192.00,0.00,451.00
2025,11,AS,Alaska Airlines Network,LAS,"Las Vegas, NV: Harry Reid International",488.00,96.00,14.00,0.50,49.40,0.00,32.10,4.00,0.00,5398.00,825.00,15.00,2197.00,0.00,2361.00
2025,11,AS,Alaska Airlines Network,LAX,"Los Angeles, CA: Los Angeles International",601.00,114.00,29.10,0.00,55.62,0.15,29.12,7.00,0.00,5114.00,1591.00,0.00,1788.00,11.00,1724.00
2025,11,AS,Alaska Airlines Network,LIH,"Lihue, HI: Lihue Airport",113.00,21.00,9.46,1.33,9.62,0.00,0.59,0.00,1.00,1009.00,615.00,34.00,336.00,0.00,24.00
2025,11,AS,Alaska Airlines Network,MCI,"Kansas City, MO: Kansas City International",79.00,17.00,4.21,0.00,6.95,0.00,5.84,0.00,1.00,745.00,329.00,0.00,176.00,0.00,240.00
2025,11,AS,Alaska Airlines Network,MCO,"Orlando, FL: Orlando International",195.00,37.00,7.86,1.00,16.38,0.00,11.76,0.00,3.00,1489.00,376.00,90.00,594.00,0.00,429.00
2025,11,AS,Alaska Airlines Network,MIA,"Miami, FL: Miami International",46.00,9.00,2.47,1.00,5.53,0.00,0.00,0.00,0.00,254.00,82.00,20.00,152.00,0.00,0.00
2025,11,AS,Alaska Airlines Network,MKE,"Milwaukee, WI: General Mitchell International",33.00,7.00,2.09,0.00,4.91,0.00,0.00,0.00,0.00,175.00,49.00,0.00,126.00,0.00,0.00
2025,11,AS,Alaska Airlines Network,MSO,"Missoula, MT: Missoula Montana",59.00,10.00,3.00,1.00,2.00,0.00,4.00,2.00,0.00,487.00,149.00,190.00,58.00,0.00,90.00
2025,11,AS,Alaska Airlines Network,MSP,"Minneapolis, MN: Minneapolis-St Paul International",86.00,11.00,3.35,0.02,5.87,0.00,1.76,0.00,0.00,432.00,164.00,1.00,214.00,0.00,53.00
2025,11,AS,Alaska Airlines Network,MSY,"New Orleans, LA: Louis Armstrong New Orleans International",59.00,14.00,7.89,0.00,4.39,0.00,1.72,0.00,0.00,722.00,493.00,0.00,164.00,0.00,65.00
2025,11,AS,Alaska Airlines Network,OAK,"Oakland, CA: Oakland International",67.00,9.00,1.73,0.00,5.54,0.00,1.73,1.00,0.00,265.00,39.00,0.00,179.00,0.00,47.00
2025,11,AS,Alaska Airlines Network,OGG,"Kahului, HI: Kahului Airport",211.00,39.00,7.90,3.20,15.21,0.00,12.70,0.00,5.00,1447.00,289.00,202.00,465.00,0.00,491.00
2025,11,AS,Alaska Airlines Network,OKC,"Oklahoma City, OK: Okc Will Rogers International",29.00,1.00,0.00,0.00,1.00,0.00,0.00,0.00,0.00,20.00,0.00,0.00,20.00,0.00,0.00
2025,11,AS,Alaska Airlines Network,OMA,"Omaha, NE: Eppley Airfield",30.00,7.00,2.29,0.00,4.00,0.00,0.71,0.00,0.00,520.00,231.00,0.00,215.00,0.00,74.00
2025,11,AS,Alaska Airlines Network,OME,"Nome, AK: Nome Airport",28.00,10.00,3.85,0.21,0.94,0.00,5.00,0.00,0.00,338.00,128.00,15.00,61.00,0.00,134.00
2025,11,AS,Alaska Airlines Network,ONT,"Ontario, CA: Ontario International",194.00,37.00,13.92,0.00,11.97,0.00,11.11,6.00,0.00,1518.00,803.00,0.00,388.00,0.00,327.00
2025,11,AS,Alaska Airlines Network,ORD,"Chicago, IL: Chicago O'Hare International",264.00,78.00,10.31,3.18,50.13,0.00,14.38,12.00,2.00,5595.00,626.00,491.00,3543.00,0.00,935.00
2025,11,AS,Alaska Airlines Network,OTZ,"Kotzebue, AK: Ralph Wien Memorial",29.00,3.00,0.00,3.00,0.00,0.00,0.00,0.00,0.00,104.00,0.00,104.00,0.00,0.00,0.00
2025,11,AS,Alaska Airlines Network,PAE,"Everett, WA: Seattle Paine Field International",88.00,16.00,1.09,0.00,2.55,0.00,12.35,0.00,2.00,969.00,38.00,0.00,54.00,0.00,877.00
2025,11,AS,Alaska Airlines Network,PDX,"Portland, OR: Portland International",1992.00,310.00,55.16,9.98,110.83,0.98,133.05,21.00,1.00,15818.00,4306.00,565.00,3374.00,27.00,7546.00
2025,11,AS,Alaska Airlines Network,PHL,"Philadelphia, PA: Philadelphia International",58.00,8.00,3.52,0.00,1.51,0.00,2.97,0.00,0.00,284.00,164.00,0.00,39.00,0.00,81.00
2025,11,AS,Alaska Airlines Network,PHX,"Phoenix, AZ: Phoenix Sky Harbor International",447.00,127.00,18.56,0.13,84.80,0.00,23.51,1.00,0.00,7031.00,949.00,7.00,4913.00,0.00,1162.00
2025,11,AS,Alaska Airlines Network,PIT,"Pittsburgh, PA: Pittsburgh International",26.00,4.00,1.00,0.00,1.00,0.00,2.00,0.00,0.00,116.00,46.00,0.00,22.00,0.00,48.00
2025,11,AS,Alaska Airlines Network,PSC,"Pasco/Kennewick/Richland, WA: Tri Cities",29.00,8.00,1.59,0.20,2.09,0.00,4.12,1.00,0.00,234.00,32.00,7.00,67.00,0.00,128.00
2025,11,AS,Alaska Airlines Network,PSG,"Petersburg, AK: Petersburg James A Johnson",58.00,8.00,0.78,0.00,3.05,0.00,4.17,2.00,0.00,254.00,45.00,0.00,102.00,0.00,107.00
2025,11,AS,Alaska Airlines Network,PSP,"Palm Springs, CA: Palm Springs International",163.00,23.00,5.31,0.00,12.28,0.00,5.41,0.00,0.00,1031.00,191.00,0.00,543.00,0.00,297.00
2025,11,AS,Alaska Airlines Network,RDM,"Bend/Redmond, OR: Roberts Field",39.00,9.00,2.17,0.00,1.68,0.00,5.15,0.00,1.00,357.00,132.00,0.00,60.00,0.00,165.00
2025,11,AS,Alaska Airlines Network,RDU,"Raleigh/Durham, NC: Raleigh-Durham International",38.00,6.00,2.39,0.00,2.72,0.00,0.89,0.00,0.00,226.00,98.00,0.00,78.00,0.00,50.00
2025,11,AS,Alaska Airlines Network,RNO,"Reno, NV: Reno/Tahoe International",59.00,11.00,1.59,0.87,0.58,0.00,7.96,0.00,0.00,489.00,66.00,132.00,28.00,0.00,263.00
2025,11,AS,Alaska Airlines Network,RSW,"Fort Myers, FL: Southwest Florida International",4.00,0.00,0.00,0.00,0.00,0.00,0.00,0.00,1.00,0.00,0.00,0.00,0.00,0.00,0.00
2025,11,AS,Alaska Airlines Network,SAN,"San Diego, CA: San Diego International",961.00,264.00,41.21,7.11,146.01,1.00,68.67,10.00,6.00,12725.00,2576.00,318.00,5286.00,15.00,4530.00
2025,11,AS,Alaska Airlines Network,SAT,"San Antonio, TX: San Antonio International",50.00,11.00,3.81,0.00,2.93,0.00,4.26,2.00,0.00,434.00,228.00,0.00,55.00,0.00,151.00
2025,11,AS,Alaska Airlines Network,SBA,"Santa Barbara, CA: Santa Barbara Municipal",29.00,4.00,0.40,0.00,0.65,0.00,2.95,0.00,0.00,211.00,8.00,0.00,17.00,0.00,186.00
2025,11,AS,Alaska Airlines Network,SBP,"San Luis Obispo, CA: San Luis Obispo County Regional",30.00,5.00,0.81,0.00,1.19,0.00,3.00,0.00,0.00,130.00,17.00,0.00,32.00,0.00,81.00
2025,11,AS,Alaska Airlines Network,SCC,"Deadhorse, AK: Deadhorse Airport",37.00,4.00,1.00,1.00,1.00,0.00,1.00,0.00,0.00,237.00,20.00,157.00,28.00,0.00,32.00
2025,11,AS,Alaska Airlines Network,SEA,"Seattle, WA: Seattle/Tacoma International",5753.00,1073.00,200.40,26.96,474.83,3.45,367.35,103.00,4.00,54811.00,13921.00,1429.00,15798.00,154.00,23509.00
2025,11,AS,Alaska Airlines Network,SFO,"San Francisco, CA: San Francisco International",775.00,186.00,30.77,4.71,90.89,0.13,59.50,6.00,2.00,9970.00,1556.00,322.00,4519.00,12.00,3561.00
2025,11,AS,Alaska Airlines Network,SIT,"Sitka, AK: Sitka Rocky Gutierrez",89.00,15.00,4.02,0.00,2.57,0.00,8.41,1.00,0.00,618.00,162.00,0.00,60.00,0.00,396.00
2025,11,AS,Alaska Airlines Network,SJC,"San Jose, CA: Norman Y. Mineta San Jose International",178.00,38.00,5.56,0.56,16.98,0.00,14.90,0.00,0.00,1371.00,423.00,9.00,405.00,0.00,534.00
2025,11,AS,Alaska Airlines Network,SLC,"Salt Lake City, UT: Salt Lake City International",84.00,12.00,3.21,0.00,4.33,0.00,4.46,6.00,0.00,483.00,255.00,0.00,100.00,0.00,128.00
2025,11,AS,Alaska Airlines Network,SMF,"Sacramento, CA: Sacramento International",141.00,28.00,3.82,0.46,13.71,0.00,10.01,3.00,0.00,926.00,172.00,22.00,328.00,0.00,404.00
2025,11,AS,Alaska Airlines Network,SNA,"Santa Ana, CA: John Wayne Airport-Orange County",359.00,45.00,11.43,1.59,22.68,0.00,9.30,1.00,0.00,1440.00,563.00,38.00,592.00,0.00,247.00
2025,11,AS,Alaska Airlines Network,STL,"St. Louis, MO: St Louis Lambert International",50.00,8.00,3.56,0.00,2.39,0.00,2.05,0.00,0.00,376.00,191.00,0.00,102.00,0.00,83.00
2025,11,AS,Alaska Airlines Network,STS,"Santa Rosa, CA: Charles M. Schulz - Sonoma County",30.00,1.00,1.00,0.00,0.00,0.00,0.00,0.00,0.00,31.00,31.00,0.00,0.00,0.00,0.00
2025,11,AS,Alaska Airlines Network,TPA,"Tampa, FL: Tampa International",70.00,13.00,2.55,1.77,7.13,0.00,1.55,0.00,0.00,401.00,166.00,36.00,156.00,0.00,43.00
2025,11,AS,Alaska Airlines Network,TUS,"Tucson, AZ: Tucson International",80.00,26.00,9.41,0.00,10.28,0.00,6.31,0.00,0.00,729.00,318.00,0.00,241.00,0.00,170.00
2025,11,AS,Alaska Airlines Network,WRG,"Wrangell, AK: Wrangell Airport",58.00,7.00,1.00,0.00,2.73,0.00,3.27,2.00,0.00,231.00,43.00,0.00,62.00,0.00,126.00
2025,11,AS,Alaska Airlines Network,YAK,"Yakutat, AK: Yakutat Airport",58.00,7.00,0.00,0.00,1.07,0.00,5.93,1.00,0.00,335.00,0.00,0.00,25.00,0.00,310.00
2025,11,B6,JetBlue Airways,ALB,"Albany, NY: Albany International",75.00,21.00,6.04,0.00,5.83,0.00,9.13,1.00,0.00,1644.00,287.00,0.00,365.00,0.00,992.00
2025,11,B6,JetBlue Airways,ATL,"Atlanta, GA: Hartsfield-Jackson Atlanta International",274.00,81.00,27.40,0.00,28.06,0.07,25.48,17.00,1.00,5404.00,1740.00,0.00,1210.00,5.00,2449.00
2025,11,B6,JetBlue Airways,AUS,"Austin, TX: Austin - Bergstrom International",50.00,14.00,5.98,0.00,4.12,0.00,3.90,0.00,0.00,1054.00,465.00,0.00,183.00,0.00,406.00
2025,11,B6,JetBlue Airways,BDL,"Hartford, CT: Bradley International",371.00,75.00,21.51,0.00,20.51,0.21,32.77,7.00,1.00,6556.00,1643.00,0.00,929.00,8.00,3976.00
2025,11,B6,JetBlue Airways,BNA,"Nashville, TN: Nashville International",121.00,37.00,11.84,0.00,11.90,0.00,13.25,2.00,0.00,2406.00,887.00,0.00,662.00,0.00,857.00
2025,11,B6,JetBlue Airways,BOS,"Boston, MA: Logan International",2981.00,706.00,167.56,2.28,269.17,2.43,264.57,91.00,6.00,61346.00,16050.00,268.00,18849.00,72.00,26107.00
2025,11,B6,JetBlue Airways,BQN,"Aguadilla, PR: Rafael Hernandez",136.00,46.00,24.73,0.00,6.23,0.00,15.05,1.00,0.00,3860.00,1825.00,0.00,390.00,0.00,1645.00
2025,11,B6,JetBlue Airways,BUF,"Buffalo, NY: Buffalo Niagara International",304.00,76.00,29.38,0.43,12.80,0.00,33.39,7.00,0.00,6343.00,1967.00,98.00,1005.00,0.00,3273.00
2025,11,B6,JetBlue Airways,CHS,"Charleston, SC: Charleston AFB/International",156.00,43.00,19.67,1.19,11.72,0.00,10.42,4.00,1.00,3354.00,1697.00,42.00,612.00,0.00,1003.00
2025,11,B6,JetBlue Airways,CLE,"Cleveland, OH: Cleveland-Hopkins International",65.00,13.00,3.97,0.00,1.22,0.00,7.81,1.00,0.00,1200.00,285.00,0.00,77.00,0.00,838.00
2025,11,B6,JetBlue Airways,DCA,"Washington, DC: Ronald Reagan Washington National",551.00,178.00,46.29,0.00,80.45,0.00,51.26,16.00,4.00,13497.00,3082.00,0.00,5336.00,0.00,5079.00
2025,11,B6,JetBlue Airways,DEN,"Denver, CO: Denver International",62.00,13.00,5.03,0.00,3.35,0.00,4.62,0.00,0.00,505.00,187.00,0.00,132.00,0.00,186.00
2025,11,B6,JetBlue Airways,DFW,"Dallas/Fort Worth, TX: Dallas/Fort Worth International",30.00,4.00,0.72,0.00,2.40,0.00,0.88,1.00,1.00,268.00,34.00,0.00,56.00,0.00,178.00
2025,11,B6,JetBlue Airways,DTW,"Detroit, MI: Detroit Metro Wayne County",120.00,29.00,11.04,0.00,4.18,0.00,13.78,5.00,0.00,2053.00,774.00,0.00,272.00,0.00,1007.00
2025,11,B6,JetBlue Airways,EWR,"Newark, NJ: Newark Liberty International",455.00,154.00,27.63,0.00,74.94,0.00,51.42,20.00,3.00,14426.00,2131.00,0.00,5637.00,0.00,6658.00
2025,11,B6,JetBlue Airways,EYW,"Key West, FL: Key West International",23.00,6.00,1.00,0.00,5.00,0.00,0.00,0.00,0.00,355.00,18.00,0.00,337.00,0.00,0.00
2025,11,B6,JetBlue Airways,FLL,"Fort Lauderdale, FL: Fort Lauderdale-Hollywood International",2017.00,517.00,159.75,2.50,178.30,0.05,176.40,70.00,3.00,42014.00,12738.00,143.00,9241.00,6.00,19886.00
2025,11,B6,JetBlue Airways,HPN,"White Plains, NY: Westchester County",444.00,90.00,38.20,0.00,22.40,0.30,29.11,8.00,9.00,7383.00,3221.00,0.00,1078.00,18.00,3066.00
2025,11,B6,JetBlue Airways,IAH,"Houston, TX: George Bush Intercontinental/Houston",48.00,8.00,2.32,0.00,3.67,0.00,2.02,1.00,0.00,356.00,98.00,0.00,188.00,0.00,70.00
2025,11,B6,JetBlue Airways,ISP,"Islip, NY: Long Island MacArthur",106.00,18.00,8.95,0.00,1.62,0.00,7.43,2.00,1.00,1056.00,376.00,0.00,41.00,0.00,639.00
2025,11,B6,JetBlue Airways,JAX,"Jacksonville, FL: Jacksonville International",136.00,42.00,14.37,0.00,14.00,0.00,13.63,2.00,0.00,3881.00,1395.00,0.00,857.00,0.00,1629.00
2025,11,B6,JetBlue Airways,JFK,"New York, NY: John F. Kennedy International",2905.00,607.00,208.77,2.13,180.42,3.05,212.63,129.00,3.00,47018.00,14952.00,289.00,11030.00,92.00,20655.00
2025,11,B6,JetBlue Airways,LAS,"Las Vegas, NV: Harry Reid International",329.00,35.00,12.26,0.00,8.59,0.00,14.15,8.00,0.00,2205.00,739.00,0.00,343.00,0.00,1123.00
2025,11,B6,JetBlue Airways,LAX,"Los Angeles, CA: Los Angeles International",664.00,145.00,33.22,0.00,70.82,0.00,40.96,16.00,1.00,9934.00,2440.00,0.00,3185.00,0.00,4309.00
2025,11,B6,JetBlue Airways,LGA,"New York, NY: LaGuardia",362.00,121.00,20.69,0.00,70.24,0.21,29.86,17.00,2.00,10330.00,1410.00,0.00,5995.00,16.00,2909.00
2025,11,B6,JetBlue Airways,MCO,"Orlando, FL: Orlando International",1664.00,397.00,103.80,2.41,149.79,0.42,140.58,49.00,5.00,31421.00,8310.00,334.00,7506.00,49.00,15222.00
2025,11,B6,JetBlue Airways,MHT,"Manchester, NH: Manchester Boston Regional",60.00,15.00,3.05,0.00,2.34,0.00,9.61,0.00,0.00,799.00,145.00,0.00,98.00,0.00,556.00
2025,11,B6,JetBlue Airways,MSY,"New Orleans, LA: Louis Armstrong New Orleans International",154.00,34.00,9.79,0.00,12.58,0.00,11.63,4.00,0.00,2582.00,556.00,0.00,622.00,0.00,1404.00
2025,11,B6,JetBlue Airways,ORD,"Chicago, IL: Chicago O'Hare International",84.00,29.00,7.72,0.00,15.64,0.55,5.09,2.00,0.00,1898.00,489.00,0.00,986.00,65.00,358.00
2025,11,B6,JetBlue Airways,ORH,"Worcester, MA: Worcester Regional",63.00,9.00,3.01,0.00,2.45,0.00,3.54,0.00,0.00,510.00,113.00,0.00,105.00,0.00,292.00
2025,11,B6,JetBlue Airways,PBI,"West Palm Beach/Palm Beach, FL: Palm Beach International",842.00,219.00,56.34,1.01,110.00,0.77,50.87,24.00,5.00,14014.00,3526.00,199.00,6022.00,44.00,4223.00
2025,11,B6,JetBlue Airways,PHL,"Philadelphia, PA: Philadelphia International",146.00,33.00,13.23,0.00,4.31,0.00,15.46,3.00,1.00,2642.00,911.00,0.00,196.00,0.00,1535.00
2025,11,B6,JetBlue Airways,PHX,"Phoenix, AZ: Phoenix Sky Harbor International",144.00,35.00,3.88,0.00,16.05,0.00,15.08,3.00,0.00,2688.00,320.00,0.00,1047.00,0.00,1321.00
2025,11,B6,JetBlue Airways,PIT,"Pittsburgh, PA: Pittsburgh International",189.00,52.00,21.53,0.00,6.43,0.00,24.04,5.00,1.00,4487.00,1585.00,0.00,194.00,0.00,2708.00
2025,11,B6,JetBlue Airways,PQI,"Presque Isle/Houlton, ME: Presque Isle International",30.00,9.00,4.54,0.00,1.08,0.00,3.38,0.00,0.00,556.00,326.00,0.00,26.00,0.00,204.00
2025,11,B6,JetBlue Airways,PSE,"Ponce, PR: Mercedita",37.00,8.00,5.92,0.00,0.64,0.00,1.45,0.00,0.00,520.00,347.00,0.00,33.00,0.00,140.00
2025,11,B6,JetBlue Airways,PVD,"Providence, RI: Rhode Island Tf Green International",283.00,66.00,24.61,1.00,12.32,0.25,27.82,3.00,2.00,4705.00,1215.00,93.00,782.00,15.00,2600.00
2025,11,B6,JetBlue Airways,PWM,"Portland, ME: Portland International Jetport",13.00,0.00,0.00,0.00,0.00,0.00,0.00,0.00,0.00,0.00,0.00,0.00,0.00,0.00,0.00
2025,11,B6,JetBlue Airways,RDU,"Raleigh/Durham, NC: Raleigh-Durham International",293.00,71.00,24.98,0.00,11.77,0.40,33.85,6.00,0.00,4780.00,1353.00,0.00,744.00,12.00,2671.00
2025,11,B6,JetBlue Airways,RIC,"Richmond, VA: Richmond International",218.00,61.00,27.49,0.88,14.01,0.00,18.62,5.00,0.00,3572.00,1435.00,53.00,768.00,0.00,1316.00
2025,11,B6,JetBlue Airways,ROC,"Rochester, NY: Frederick Douglass Grtr Rochester International",56.00,24.00,12.04,0.49,5.12,0.00,6.35,1.00,0.00,1857.00,666.00,99.00,361.00,0.00,731.00
2025,11,B6,JetBlue Airways,RSW,"Fort Myers, FL: Southwest Florida International",381.00,73.00,17.09,0.18,34.57,0.00,21.16,10.00,0.00,6099.00,1586.00,49.00,1793.00,0.00,2671.00
2025,11,B6,JetBlue Airways,SAN,"San Diego, CA: San Diego International",142.00,16.00,6.54,0.00,6.90,0.00,2.57,1.00,0.00,1052.00,437.00,0.00,269.00,0.00,346.00
2025,11,B6,JetBlue Airways,SAV,"Savannah, GA: Savannah/Hilton Head International",105.00,24.00,10.56,0.00,9.13,0.00,4.31,2.00,0.00,1705.00,946.00,0.00,379.00,0.00,380.00
2025,11,B6,JetBlue Airways,SFO,"San Francisco, CA: San Francisco International",325.00,62.00,15.72,0.00,28.97,0.00,17.31,8.00,1.00,3693.00,770.00,0.00,1269.00,0.00,1654.00
2025,11,B6,JetBlue Airways,SJU,"San Juan, PR: Luis Munoz Marin International",983.00,248.00,91.34,1.97,63.02,0.00,91.67,12.00,2.00,20934.00,6971.00,75.00,3960.00,0.00,9928.00
2025,11,B6,JetBlue Airways,SLC,"Salt Lake City, UT: Salt Lake City International",40.00,12.00,3.29,0.54,5.53,0.00,2.65,1.00,0.00,621.00,214.00,15.00,269.00,0.00,123.00
2025,11,B6,JetBlue Airways,SRQ,"Sarasota/Bradenton, FL: Sarasota/Bradenton International",88.00,25.00,8.89,0.00,7.73,0.00,8.38,1.00,0.00,1554.00,398.00,0.00,476.00,0.00,680.00
2025,11,B6,JetBlue Airways,STT,"Charlotte Amalie, VI: Cyril E King",41.00,9.00,2.29,0.00,3.95,0.00,2.77,0.00,0.00,674.00,204.00,0.00,138.00,0.00,332.00
2025,11,B6,JetBlue Airways,STX,"Christiansted, VI: Henry E. Rohlsen",30.00,7.00,3.13,0.00,0.11,0.00,3.76,0.00,0.00,393.00,164.00,0.00,14.00,0.00,215.00
2025,11,B6,JetBlue Airways,SYR,"Syracuse, NY: Syracuse Hancock International",133.00,32.00,18.62,0.00,5.84,0.00,7.54,2.00,1.00,1800.00,924.00,0.00,235.00,0.00,641.00
2025,11,B6,JetBlue Airways,TPA,"Tampa, FL: Tampa International",489.00,128.00,40.79,0.00,48.12,0.00,39.09,19.00,0.00,8647.00,2177.00,0.00,2027.00,0.00,4443.00
2025,11,C5,CommuteAir LLC dba CommuteAir,ALB,"Albany, NY: Albany International",118.00,27.00,13.91,0.00,4.88,0.00,8.21,0.00,0.00,1843.00,537.00,0.00,180.00,0.00,1126.00
2025,11,C5,CommuteAir LLC dba CommuteAir,AMA,"Amarillo, TX: Rick Husband Amarillo International",80.00,13.00,2.71,0.19,3.57,0.00,6.52,0.00,0.00,1029.00,207.00,7.00,139.00,0.00,676.00
2025,11,C5,CommuteAir LLC dba CommuteAir,AVP,"Scranton/Wilkes-Barre, PA: Wilkes Barre Scranton International",54.00,5.00,2.91,0.00,1.33,0.00,0.77,3.00,0.00,400.00,322.00,0.00,28.00,0.00,50.00
2025,11,C5,CommuteAir LLC dba CommuteAir,BDL,"Hartford, CT: Bradley International",5.00,0.00,0.00,0.00,0.00,0.00,0.00,0.00,0.00,0.00,0.00,0.00,0.00,0.00,0.00
2025,11,C5,CommuteAir LLC dba CommuteAir,BHM,"Birmingham, AL: Birmingham-Shuttlesworth International",24.00,2.00,0.00,0.00,2.00,0.00,0.00,3.00,1.00,68.00,0.00,0.00,68.00,0.00,0.00
2025,11,C5,CommuteAir LLC dba CommuteAir,BRO,"Brownsville, TX: Brownsville South Padre Island International",117.00,22.00,10.27,0.79,6.24,0.00,4.70,3.00,1.00,1229.00,531.00,88.00,235.00,0.00,375.00
2025,11,C5,CommuteAir LLC dba CommuteAir,BTR,"Baton Rouge, LA: Baton Rouge Metropolitan/Ryan Field",7.00,1.00,0.00,0.00,1.00,0.00,0.00,0.00,0.00,44.00,0.00,0.00,44.00,0.00,0.00
2025,11,C5,CommuteAir LLC dba CommuteAir,BUF,"Buffalo, NY: Buffalo Niagara International",62.00,9.00,3.00,0.00,5.04,0.00,0.96,1.00,0.00,389.00,110.00,0.00,88.00,0.00,191.00
2025,11,C5,CommuteAir LLC dba CommuteAir,CAE,"Columbia, SC: Columbia Metropolitan",84.00,16.00,7.04,0.00,3.25,0.00,5.71,2.00,0.00,1322.00,525.00,0.00,99.00,0.00,698.00
2025,11,C5,CommuteAir LLC dba CommuteAir,CHO,"Charlottesville, VA: Charlottesville Albemarle",108.00,16.00,10.50,0.00,1.94,0.00,3.56,6.00,0.00,1794.00,1338.00,0.00,139.00,0.00,317.00
2025,11,C5,CommuteAir LLC dba CommuteAir,CRP,"Corpus Christi, TX: Corpus Christi International",73.00,18.00,6.49,1.00,5.28,0.00,5.23,6.00,0.00,2162.00,939.00,136.00,325.00,0.00,762.00
2025,11,C5,CommuteAir LLC dba CommuteAir,CVG,"Cincinnati, OH: Cincinnati/Northern Kentucky International",10.00,1.00,1.00,0.00,0.00,0.00,0.00,0.00,0.00,23.00,23.00,0.00,0.00,0.00,0.00
2025,11,C5,CommuteAir LLC dba CommuteAir,DAY,"Dayton, OH: James M Cox/Dayton International",54.00,14.00,6.49,0.00,3.38,0.00,4.13,2.00,0.00,881.00,285.00,0.00,109.00,0.00,487.00
2025,11,C5,CommuteAir LLC dba CommuteAir,ECP,"Panama City, FL: Northwest Florida Beaches International",54.00,9.00,1.35,0.12,3.12,0.00,4.41,1.00,0.00,733.00,57.00,22.00,140.00,0.00,514.00
2025,11,C5,CommuteAir LLC dba CommuteAir,ELP,"El Paso, TX: El Paso International",10.00,1.00,0.94,0.00,0.06,0.00,0.00,0.00,0.00,176.00,165.00,0.00,11.00,0.00,0.00
2025,11,C5,CommuteAir LLC dba CommuteAir,GPT,"Gulfport/Biloxi, MS: Gulfport-Biloxi International",104.00,17.00,7.77,0.00,5.12,0.00,4.11,3.00,1.00,1326.00,891.00,0.00,113.00,0.00,322.00
2025,11,C5,CommuteAir LLC dba CommuteAir,GSO,"Greensboro/High Point, NC: Piedmont Triad International",49.00,6.00,3.10,0.00,0.30,0.00,2.60,1.00,0.00,261.00,105.00,0.00,12.00,0.00,144.00
2025,11,C5,CommuteAir LLC dba CommuteAir,GSP,"Greer, SC: Greenville-Spartanburg International",54.00,11.00,5.18,0.00,2.51,0.00,3.30,2.00,0.00,381.00,187.00,0.00,53.00,0.00,141.00
2025,11,C5,CommuteAir LLC dba CommuteAir,HRL,"Harlingen/San Benito, TX: Valley International",114.00,24.00,8.87,0.79,6.50,0.00,7.84,2.00,0.00,1837.00,1165.00,22.00,167.00,0.00,483.00
2025,11,C5,CommuteAir LLC dba CommuteAir,HSV,"Huntsville, AL: Huntsville International-Carl T Jones Field",231.00,37.00,16.27,1.00,10.48,0.00,9.25,1.00,0.00,2415.00,1126.00,19.00,246.00,0.00,1024.00
2025,11,C5,CommuteAir LLC dba CommuteAir,IAD,"Washington, DC: Washington Dulles International",1275.00,206.00,55.49,2.72,67.84,0.00,79.95,25.00,1.00,17051.00,3288.00,225.00,3127.00,0.00,10411.00
2025,11,C5,CommuteAir LLC dba CommuteAir,IAH,"Houston, TX: George Bush Intercontinental/Houston",2092.00,357.00,68.78,13.33,176.94,0.00,97.96,61.00,0.00,33379.00,9558.00,1641.00,9254.00,0.00,12926.00
2025,11,C5,CommuteAir LLC dba CommuteAir,ICT,"Wichita, KS: Wichita Dwight D Eisenhower National",73.00,17.00,5.89,0.90,4.59,0.00,5.62,1.00,0.00,777.00,205.00,205.00,130.00,0.00,237.00
2025,11,C5,CommuteAir LLC dba CommuteAir,ITH,"Ithaca/Cortland, NY: Ithaca Tompkins International",59.00,11.00,6.34,1.00,1.95,0.00,1.70,1.00,0.00,2539.00,1733.00,684.00,52.00,0.00,70.00
2025,11,C5,CommuteAir LLC dba CommuteAir,JAN,"Jackson/Vicksburg, MS: Jackson Medgar Wiley Evers International",117.00,22.00,9.52,2.26,3.65,0.00,6.57,2.00,1.00,2430.00,549.00,191.00,141.00,0.00,1549.00
2025,11,C5,CommuteAir LLC dba CommuteAir,LBB,"Lubbock, TX: Lubbock Preston Smith International",80.00,8.00,1.10,0.92,0.75,0.00,5.24,4.00,0.00,573.00,93.00,151.00,34.00,0.00,295.00
2025,11,C5,CommuteAir LLC dba CommuteAir,LCH,"Lake Charles, LA: Lake Charles Regional",82.00,15.00,6.75,1.00,3.96,0.00,3.29,1.00,0.00,612.00,238.00,23.00,140.00,0.00,211.00
2025,11,C5,CommuteAir LLC dba CommuteAir,LFT,"Lafayette, LA: Lafayette Regional Paul Fournet Field",89.00,14.00,4.29,0.14,7.71,0.00,1.86,4.00,0.00,621.00,185.00,13.00,278.00,0.00,145.00
2025,11,C5,CommuteAir LLC dba CommuteAir,LIT,"Little Rock, AR: Bill and Hillary Clinton Nat Adams Field",82.00,12.00,4.00,3.14,3.23,0.00,1.62,2.00,0.00,692.00,191.00,337.00,110.00,0.00,54.00
2025,11,C5,CommuteAir LLC dba CommuteAir,LRD,"Laredo, TX: Laredo International",115.00,21.00,9.67,0.12,4.44,0.00,6.77,3.00,0.00,3494.00,1960.00,18.00,252.00,0.00,1264.00
2025,11,C5,CommuteAir LLC dba CommuteAir,MAF,"Midland/Odessa, TX: Midland International Air and Space Port",2.00,0.00,0.00,0.00,0.00,0.00,0.00,0.00,0.00,0.00,0.00,0.00,0.00,0.00,0.00
2025,11,C5,CommuteAir LLC dba CommuteAir,MDT,"Harrisburg, PA: Harrisburg International",40.00,7.00,5.06,0.00,1.00,0.00,0.94,1.00,0.00,514.00,267.00,0.00,22.00,0.00,225.00
2025,11,C5,CommuteAir LLC dba CommuteAir,MEM,"Memphis, TN: Memphis International",29.00,9.00,3.42,0.00,4.91,0.00,0.67,3.00,0.00,376.00,182.00,0.00,146.00,0.00,48.00
2025,11,C5,CommuteAir LLC dba CommuteAir,MFE,"Mission/McAllen/Edinburg, TX: McAllen International",101.00,11.00,4.78,0.16,3.03,0.00,3.03,6.00,0.00,574.00,207.00,11.00,200.00,0.00,156.00
2025,11,C5,CommuteAir LLC dba CommuteAir,MHT,"Manchester, NH: Manchester Boston Regional",54.00,8.00,2.90,0.00,1.68,0.00,3.42,0.00,0.00,380.00,209.00,0.00,31.00,0.00,140.00
2025,11,C5,CommuteAir LLC dba CommuteAir,MOB,"Mobile, AL: Mobile Regional",194.00,36.00,12.11,0.00,12.79,0.00,11.10,5.00,1.00,2878.00,1447.00,0.00,454.00,0.00,977.00
2025,11,C5,CommuteAir LLC dba CommuteAir,OKC,"Oklahoma City, OK: Okc Will Rogers International",14.00,3.00,1.60,0.00,1.00,0.00,0.40,1.00,0.00,162.00,92.00,0.00,21.00,0.00,49.00
2025,11,C5,CommuteAir LLC dba CommuteAir,ORF,"Norfolk, VA: Norfolk International",14.00,2.00,1.87,0.00,0.13,0.00,0.00,0.00,0.00,48.00,45.00,0.00,3.00,0.00,0.00
2025,11,C5,CommuteAir LLC dba CommuteAir,PHL,"Philadelphia, PA: Philadelphia International",7.00,0.00,0.00,0.00,0.00,0.00,0.00,0.00,0.00,0.00,0.00,0.00,0.00,0.00,0.00
2025,11,C5,CommuteAir LLC dba CommuteAir,PIT,"Pittsburgh, PA: Pittsburgh International",5.00,1.00,0.05,0.00,0.00,0.00,0.95,0.00,0.00,183.00,9.00,0.00,0.00,0.00,174.00
2025,11,C5,CommuteAir LLC dba CommuteAir,PNS,"Pensacola, FL: Pensacola International",111.00,20.00,7.83,0.35,4.84,0.00,6.98,1.00,2.00,876.00,256.00,18.00,208.00,0.00,394.00
2025,11,C5,CommuteAir LLC dba CommuteAir,PVD,"Providence, RI: Rhode Island Tf Green International",21.00,0.00,0.00,0.00,0.00,0.00,0.00,2.00,0.00,0.00,0.00,0.00,0.00,0.00,0.00
2025,11,C5,CommuteAir LLC dba CommuteAir,RIC,"Richmond, VA: Richmond International",8.00,3.00,1.17,0.00,0.13,0.00,1.71,0.00,0.00,110.00,41.00,0.00,5.00,0.00,64.00
2025,11,C5,CommuteAir LLC dba CommuteAir,ROA,"Roanoke, VA: Roanoke Blacksburg Regional",109.00,18.00,9.06,0.00,4.01,0.00,4.93,3.00,1.00,933.00,600.00,0.00,101.00,0.00,232.00
2025,11,C5,CommuteAir LLC dba CommuteAir,SCE,"State College, PA: State College Regional",99.00,15.00,4.98,0.00,3.19,0.00,6.83,1.00,1.00,1612.00,810.00,0.00,154.00,0.00,648.00
2025,11,C5,CommuteAir LLC dba CommuteAir,SGF,"Springfield, MO: Springfield-Branson National",108.00,21.00,6.51,1.11,5.95,0.00,7.43,2.00,0.00,1287.00,351.00,139.00,297.00,0.00,500.00
2025,11,C5,CommuteAir LLC dba CommuteAir,SHV,"Shreveport, LA: Shreveport Regional",30.00,1.00,0.86,0.00,0.14,0.00,0.00,4.00,0.00,35.00,30.00,0.00,5.00,0.00,0.00
2025,11,C5,CommuteAir LLC dba CommuteAir,SYR,"Syracuse, NY: Syracuse Hancock International",5.00,0.00,0.00,0.00,0.00,0.00,0.00,0.00,0.00,0.00,0.00,0.00,0.00,0.00,0.00
2025,11,C5,CommuteAir LLC dba CommuteAir,TUL,"Tulsa, OK: Tulsa International",45.00,11.00,3.81,0.00,2.63,0.00,4.56,2.00,0.00,600.00,218.00,0.00,175.00,0.00,207.00
2025,11,C5,CommuteAir LLC dba CommuteAir,TYS,"Knoxville, TN: McGhee Tyson",236.00,48.00,20.72,1.73,11.05,0.00,14.50,0.00,2.00,3321.00,1587.00,57.00,291.00,0.00,1386.00
2025,11,C5,CommuteAir LLC dba CommuteAir,XNA,"Fayetteville, AR: Northwest Arkansas National",24.00,5.00,1.17,0.00,1.21,0.00,2.62,1.00,0.00,264.00,95.00,0.00,39.00,0.00,130.00
2025,11,DL,Delta Air Lines Network,ABQ,"Albuquerque, NM: Albuquerque International Sunport",78.00,10.00,6.21,0.00,3.71,0.00,0.08,4.00,0.00,372.00,239.00,0.00,129.00,0.00,4.00
2025,11,DL,Delta Air Lines Network,AGS,"Augusta, GA: Augusta Regional at Bush Field",100.00,21.00,11.39,2.76,2.61,0.00,4.24,1.00,0.00,1405.00,882.00,195.00,120.00,0.00,208.00
2025,11,DL,Delta Air Lines Network,ALB,"Albany, NY: Albany International",114.00,20.00,7.55,0.85,6.99,0.00,4.61,2.00,0.00,1406.00,612.00,35.00,226.00,0.00,533.00
2025,11,DL,Delta Air Lines Network,ANC,"Anchorage, AK: Ted Stevens Anchorage International",204.00,34.00,12.15,0.00,14.99,0.00,6.87,0.00,1.00,2204.00,1353.00,0.00,522.00,0.00,329.00
2025,11,DL,Delta Air Lines Network,ATL,"Atlanta, GA: Hartsfield-Jackson Atlanta International",19515.00,2607.00,783.98,48.74,740.22,0.84,1033.22,425.00,54.00,221053.00,89129.00,4686.00,58469.00,36.00,68733.00
2025,11,DL,Delta Air Lines Network,ATW,"Appleton, WI: Appleton International",55.00,5.00,3.00,0.00,1.00,0.00,1.00,2.00,2.00,148.00,108.00,0.00,15.00,0.00,25.00
2025,11,DL,Delta Air Lines Network,AUS,"Austin, TX: Austin - Bergstrom International",1054.00,219.00,59.34,1.99,93.48,0.00,64.19,13.00,2.00,15616.00,5767.00,301.00,4814.00,0.00,4734.00
2025,11,DL,Delta Air Lines Network,AVL,"Asheville, NC: Asheville Regional",181.00,25.00,12.06,1.00,2.85,0.00,9.09,2.00,0.00,1068.00,593.00,59.00,67.00,0.00,349.00
2025,11,DL,Delta Air Lines Network,BDL,"Hartford, CT: Bradley International",347.00,69.00,38.89,0.50,16.44,0.00,13.17,3.00,0.00,4393.00,2358.00,74.00,1297.00,0.00,664.00
2025,11,DL,Delta Air Lines Network,BHM,"Birmingham, AL: Birmingham-Shuttlesworth International",262.00,31.00,15.55,1.16,5.20,1.00,8.09,9.00,0.00,2009.00,975.00,156.00,328.00,29.00,521.00
2025,11,DL,Delta Air Lines Network,BIL,"Billings, MT: Billings Logan International",60.00,8.00,2.92,0.00,2.84,0.00,2.23,0.00,0.00,433.00,132.00,0.00,132.00,0.00,169.00
2025,11,DL,Delta Air Lines Network,BIS,"Bismarck/Mandan, ND: Bismarck Municipal",29.00,4.00,2.00,0.00,1.00,0.00,1.00,0.00,0.00,223.00,66.00,0.00,29.00,0.00,128.00
2025,11,DL,Delta Air Lines Network,BNA,"Nashville, TN: Nashville International",777.00,147.00,50.59,1.56,54.89,0.00,39.96,18.00,2.00,8254.00,2920.00,120.00,2730.00,0.00,2484.00
2025,11,DL,Delta Air Lines Network,BOI,"Boise, ID: Boise Air Terminal",194.00,31.00,11.66,2.73,11.72,0.00,4.89,5.00,2.00,1564.00,661.00,316.00,414.00,0.00,173.00
2025,11,DL,Delta Air Lines Network,BOS,"Boston, MA: Logan International",2243.00,492.00,138.97,4.99,191.32,1.00,155.72,25.00,5.00,43206.00,16104.00,491.00,13978.00,23.00,12610.00
2025,11,DL,Delta Air Lines Network,BTR,"Baton Rouge, LA: Baton Rouge Metropolitan/Ryan Field",101.00,19.00,9.17,0.87,1.33,0.00,7.63,3.00,0.00,821.00,381.00,34.00,46.00,0.00,360.00
2025,11,DL,Delta Air Lines Network,BTV,"Burlington, VT: Patrick Leahy Burlington International",31.00,5.00,3.03,0.00,1.20,0.00,0.77,0.00,0.00,212.00,115.00,0.00,73.00,0.00,24.00
2025,11,DL,Delta Air Lines Network,BUF,"Buffalo, NY: Buffalo Niagara International",119.00,14.00,4.78,0.73,3.49,0.00,5.00,3.00,0.00,849.00,306.00,41.00,237.00,0.00,265.00
2025,11,DL,Delta Air Lines Network,BUR,"Burbank, CA: Bob Hope",59.00,10.00,6.87,0.00,2.74,0.00,0.39,1.00,1.00,612.00,537.00,0.00,66.00,0.00,9.00
2025,11,DL,Delta Air Lines Network,BWI,"Baltimore, MD: Baltimore/Washington International Thurgood Marshall",435.00,65.00,33.90,0.18,17.08,0.00,13.85,6.00,0.00,3922.00,1899.00,7.00,1114.00,0.00,902.00
2025,11,DL,Delta Air Lines Network,BZN,"Bozeman, MT: Bozeman Yellowstone International",147.00,21.00,12.21,1.98,5.92,0.00,0.89,2.00,4.00,1613.00,1123.00,244.00,203.00,0.00,43.00
2025,11,DL,Delta Air Lines Network,CAE,"Columbia, SC: Columbia Metropolitan",140.00,26.00,11.45,0.00,4.55,0.00,10.00,3.00,0.00,1761.00,852.00,0.00,293.00,0.00,616.00
2025,11,DL,Delta Air Lines Network,CHA,"Chattanooga, TN: Lovell Field",119.00,24.00,10.35,0.00,3.25,0.00,10.40,1.00,0.00,1622.00,700.00,0.00,322.00,0.00,600.00
2025,11,DL,Delta Air Lines Network,CHO,"Charlottesville, VA: Charlottesville Albemarle",60.00,7.00,2.48,0.00,1.26,0.00,3.25,3.00,0.00,422.00,236.00,0.00,23.00,0.00,163.00
2025,11,DL,Delta Air Lines Network,CHS,"Charleston, SC: Charleston AFB/International",413.00,65.00,29.89,0.00,21.34,0.00,13.76,8.00,0.00,3710.00,1983.00,0.00,1052.00,0.00,675.00
2025,11,DL,Delta Air Lines Network,CID,"Cedar Rapids/Iowa City, IA: The Eastern Iowa",33.00,8.00,3.39,0.00,3.87,0.00,0.74,0.00,0.00,570.00,91.00,0.00,434.00,0.00,45.00
2025,11,DL,Delta Air Lines Network,CLE,"Cleveland, OH: Cleveland-Hopkins International",267.00,35.00,16.04,1.00,7.01,0.00,10.96,6.00,0.00,2085.00,1217.00,26.00,219.00,0.00,623.00
2025,11,DL,Delta Air Lines Network,CLT,"Charlotte, NC: Charlotte Douglas International",443.00,74.00,28.39,0.45,24.19,0.00,20.97,5.00,0.00,4491.00,2040.00,32.00,1299.00,0.00,1120.00
2025,11,DL,Delta Air Lines Network,CMH,"Columbus, OH: John Glenn Columbus International",276.00,34.00,15.97,1.82,5.12,0.00,11.09,3.00,2.00,1927.00,926.00,80.00,205.00,0.00,716.00
2025,11,DL,Delta Air Lines Network,COS,"Colorado Springs, CO: City of Colorado Springs Municipal",52.00,9.00,3.56,1.00,2.18,0.00,2.26,2.00,0.00,391.00,182.00,62.00,103.00,0.00,44.00
2025,11,DL,Delta Air Lines Network,CVG,"Cincinnati, OH: Cincinnati/Northern Kentucky International",623.00,98.00,42.71,0.73,18.25,0.00,36.32,4.00,0.00,7714.00,3624.00,27.00,1172.00,0.00,2891.00
2025,11,DL,Delta Air Lines Network,DAB,"Daytona Beach, FL: Daytona Beach International",118.00,12.00,4.15,0.00,3.33,0.00,4.52,4.00,0.00,759.00,163.00,0.00,342.00,0.00,254.00
2025,11,DL,Delta Air Lines Network,DAL,"Dallas, TX: Dallas Love Field",155.00,28.00,13.83,0.00,8.94,0.00,5.23,4.00,1.00,1422.00,797.00,0.00,411.00,0.00,214.00
2025,11,DL,Delta Air Lines Network,DAY,"Dayton, OH: James M Cox/Dayton International",135.00,12.00,6.04,0.15,1.22,0.00,4.59,5.00,0.00,589.00,333.00,13.00,31.00,0.00,212.00
2025,11,DL,Delta Air Lines Network,DCA,"Washington, DC: Ronald Reagan Washington National",762.00,207.00,47.78,0.37,127.66,0.00,31.18,13.00,3.00,14091.00,4237.00,65.00,6946.00,0.00,2843.00
2025,11,DL,Delta Air Lines Network,DEN,"Denver, CO: Denver International",951.00,170.00,71.23,2.36,56.03,0.00,40.38,14.00,0.00,11979.00,6920.00,144.00,2078.00,0.00,2837.00
2025,11,DL,Delta Air Lines Network,DFW,"Dallas/Fort Worth, TX: Dallas/Fort Worth International",995.00,256.00,77.61,2.70,110.14,0.00,65.55,17.00,3.00,18175.00,6536.00,107.00,6831.00,0.00,4701.00
2025,11,DL,Delta Air Lines Network,DSM,"Des Moines, IA: Des Moines International",112.00,15.00,6.31,0.00,4.62,0.00,4.07,3.00,0.00,980.00,510.00,0.00,183.00,0.00,287.00
2025,11,DL,Delta Air Lines Network,DTW,"Detroit, MI: Detroit Metro Wayne County",4967.00,751.00,201.55,6.00,178.43,0.76,364.25,58.00,3.00,55483.00,20136.00,726.00,8199.00,57.00,26365.00
2025,11,DL,Delta Air Lines Network,ECP,"Panama City, FL: Northwest Florida Beaches International",192.00,24.00,9.01,0.00,5.10,0.00,9.89,6.00,2.00,1477.00,957.00,0.00,140.00,0.00,380.00
2025,11,DL,Delta Air Lines Network,ELP,"El Paso, TX: El Paso International",60.00,11.00,4.88,0.00,3.01,0.00,3.11,0.00,0.00,751.00,447.00,0.00,124.00,0.00,180.00
2025,11,DL,Delta Air Lines Network,EWR,"Newark, NJ: Newark Liberty International",564.00,155.00,39.10,1.82,91.75,1.00,21.33,25.00,2.00,12230.00,3686.00,197.00,6861.00,38.00,1448.00
2025,11,DL,Delta Air Lines Network,EYW,"Key West, FL: Key West International",119.00,26.00,11.50,3.53,5.69,0.00,5.27,3.00,3.00,3254.00,606.00,1857.00,223.00,0.00,568.00
2025,11,DL,Delta Air Lines Network,FAI,"Fairbanks, AK: Fairbanks International",30.00,2.00,1.00,0.00,0.00,0.00,1.00,0.00,0.00,87.00,58.00,0.00,0.00,0.00,29.00
2025,11,DL,Delta Air Lines Network,FAR,"Fargo, ND: Hector International",54.00,8.00,5.65,0.00,0.46,0.00,1.88,0.00,0.00,1148.00,1056.00,0.00,23.00,0.00,69.00
2025,11,DL,Delta Air Lines Network,FCA,"Kalispell, MT: Glacier Park International",59.00,11.00,3.79,1.00,1.76,0.00,4.44,1.00,0.00,1272.00,199.00,775.00,41.00,0.00,257.00
2025,11,DL,Delta Air Lines Network,FLL,"Fort Lauderdale, FL: Fort Lauderdale-Hollywood International",1041.00,225.00,77.57,2.30,94.36,0.88,49.89,20.00,3.00,15003.00,5203.00,145.00,4721.00,80.00,4854.00
2025,11,DL,Delta Air Lines Network,FSD,"Sioux Falls, SD: Joe Foss Field",60.00,12.00,6.85,0.00,4.74,0.00,0.41,1.00,0.00,608.00,443.00,0.00,154.00,0.00,11.00
2025,11,DL,Delta Air Lines Network,GEG,"Spokane, WA: Spokane International",207.00,39.00,12.42,0.87,12.71,0.00,13.00,2.00,1.00,2142.00,949.00,59.00,363.00,0.00,771.00
2025,11,DL,Delta Air Lines Network,GNV,"Gainesville, FL: Gainesville Regional",136.00,11.00,2.61,0.00,2.46,0.00,5.93,7.00,0.00,477.00,85.00,0.00,64.00,0.00,328.00
2025,11,DL,Delta Air Lines Network,GPT,"Gulfport/Biloxi, MS: Gulfport-Biloxi International",106.00,19.00,11.27,0.00,3.06,0.00,4.67,3.00,0.00,1215.00,855.00,0.00,76.00,0.00,284.00
2025,11,DL,Delta Air Lines Network,GRB,"Green Bay, WI: Green Bay Austin Straubel International",60.00,13.00,6.65,0.00,2.29,0.00,4.06,0.00,0.00,742.00,333.00,0.00,174.00,0.00,235.00
2025,11,DL,Delta Air Lines Network,GRR,"Grand Rapids, MI: Gerald R. Ford International",170.00,24.00,11.09,1.91,8.14,0.00,2.86,2.00,0.00,1467.00,542.00,426.00,385.00,0.00,114.00
2025,11,DL,Delta Air Lines Network,GSO,"Greensboro/High Point, NC: Piedmont Triad International",230.00,35.00,18.05,0.43,6.28,0.00,10.24,5.00,0.00,1744.00,964.00,35.00,237.00,0.00,508.00
2025,11,DL,Delta Air Lines Network,GSP,"Greer, SC: Greenville-Spartanburg International",262.00,34.00,16.76,1.09,6.47,0.00,9.68,7.00,1.00,2125.00,1005.00,63.00,253.00,0.00,804.00
2025,11,DL,Delta Air Lines Network,HNL,"Honolulu, HI: Daniel K Inouye International",287.00,35.00,16.43,0.00,12.70,0.00,5.87,0.00,3.00,2120.00,1538.00,0.00,368.00,0.00,214.00
2025,11,DL,Delta Air Lines Network,HOU,"Houston, TX: William P Hobby",118.00,28.00,11.62,0.00,9.38,0.00,7.00,3.00,0.00,1633.00,691.00,0.00,567.00,0.00,375.00
2025,11,DL,Delta Air Lines Network,HPN,"White Plains, NY: Westchester County",60.00,14.00,3.09,0.00,4.85,0.00,6.07,1.00,0.00,1689.00,157.00,0.00,996.00,0.00,536.00
2025,11,DL,Delta Air Lines Network,HRL,"Harlingen/San Benito, TX: Valley International",24.00,5.00,2.08,0.00,0.00,0.00,2.92,0.00,0.00,284.00,71.00,0.00,0.00,0.00,213.00
2025,11,DL,Delta Air Lines Network,HSV,"Huntsville, AL: Huntsville International-Carl T Jones Field",173.00,20.00,10.40,0.96,1.68,0.00,6.96,3.00,0.00,1580.00,732.00,50.00,251.00,0.00,547.00
2025,11,DL,Delta Air Lines Network,IAD,"Washington, DC: Washington Dulles International",243.00,41.00,22.14,1.00,7.85,0.00,10.01,7.00,1.00,2929.00,1445.00,533.00,346.00,0.00,605.00
2025,11,DL,Delta Air Lines Network,IAH,"Houston, TX: George Bush Intercontinental/Houston",674.00,138.00,53.68,1.92,47.82,0.00,34.58,9.00,1.00,11537.00,6230.00,80.00,2163.00,0.00,3064.00
2025,11,DL,Delta Air Lines Network,ICT,"Wichita, KS: Wichita Dwight D Eisenhower National",86.00,17.00,8.40,0.77,3.81,1.00,3.01,1.00,0.00,744.00,313.00,20.00,92.00,86.00,233.00
2025,11,DL,Delta Air Lines Network,IDA,"Idaho Falls, ID: Idaho Falls Regional",23.00,6.00,2.79,0.00,0.21,0.00,3.00,1.00,0.00,296.00,127.00,0.00,13.00,0.00,156.00
2025,11,DL,Delta Air Lines Network,ILM,"Wilmington, NC: Wilmington International",110.00,17.00,8.85,1.00,2.72,0.00,4.43,2.00,0.00,954.00,479.00,94.00,86.00,0.00,295.00
2025,11,DL,Delta Air Lines Network,IND,"Indianapolis, IN: Indianapolis International",368.00,47.00,22.49,0.86,10.33,0.00,13.31,8.00,1.00,2776.00,1153.00,121.00,465.00,0.00,1037.00
2025,11,DL,Delta Air Lines Network,JAC,"Jackson, WY: Jackson Hole",60.00,9.00,2.60,0.00,0.12,0.00,6.29,0.00,0.00,427.00,132.00,0.00,5.00,0.00,290.00
2025,11,DL,Delta Air Lines Network,JAN,"Jackson/Vicksburg, MS: Jackson Medgar Wiley Evers International",164.00,22.00,9.96,1.00,3.27,0.00,7.77,6.00,0.00,1113.00,537.00,30.00,131.00,0.00,415.00
2025,11,DL,Delta Air Lines Network,JAX,"Jacksonville, FL: Jacksonville International",431.00,83.00,38.41,0.81,17.70,0.00,26.09,6.00,0.00,4232.00,2032.00,88.00,681.00,0.00,1431.00
2025,11,DL,Delta Air Lines Network,JFK,"New York, NY: John F. Kennedy International",2547.00,433.00,142.90,6.11,162.21,0.00,121.78,23.00,7.00,33043.00,13503.00,583.00,9194.00,0.00,9763.00
2025,11,DL,Delta Air Lines Network,KOA,"Kona, HI: Ellison Onizuka Kona International at Keahole",60.00,15.00,7.05,0.00,6.48,0.00,1.46,0.00,1.00,520.00,306.00,0.00,162.00,0.00,52.00
2025,11,DL,Delta Air Lines Network,LAS,"Las Vegas, NV: Harry Reid International",1247.00,242.00,81.39,1.53,117.58,0.00,41.49,13.00,1.00,14080.00,5825.00,59.00,5590.00,0.00,2606.00
2025,11,DL,Delta Air Lines Network,LAX,"Los Angeles, CA: Los Angeles International",2994.00,488.00,159.85,4.66,158.11,1.00,164.39,40.00,2.00,30893.00,12885.00,644.00,5992.00,23.00,11349.00
2025,11,DL,Delta Air Lines Network,LEX,"Lexington, KY: Blue Grass",184.00,29.00,11.16,3.29,3.59,0.00,10.95,7.00,1.00,2963.00,1159.00,936.00,209.00,0.00,659.00
2025,11,DL,Delta Air Lines Network,LGA,"New York, NY: LaGuardia",2643.00,813.00,145.21,7.11,408.49,0.00,252.19,70.00,8.00,77021.00,26284.00,852.00,28161.00,0.00,21724.00
2025,11,DL,Delta Air Lines Network,LGB,"Long Beach, CA: Long Beach Airport",30.00,5.00,3.00,0.00,2.00,0.00,0.00,0.00,0.00,205.00,130.00,0.00,75.00,0.00,0.00
2025,11,DL,Delta Air Lines Network,LIH,"Lihue, HI: Lihue Airport",60.00,12.00,4.50,0.00,4.47,0.00,3.03,0.00,0.00,592.00,330.00,0.00,133.00,0.00,129.00
2025,11,DL,Delta Air Lines Network,LIT,"Little Rock, AR: Bill and Hillary Clinton Nat Adams Field",185.00,25.00,16.49,0.80,3.50,0.00,4.21,3.00,0.00,1538.00,853.00,235.00,268.00,0.00,182.00
2025,11,DL,Delta Air Lines Network,MCI,"Kansas City, MO: Kansas City International",698.00,136.00,45.85,0.23,35.91,0.00,54.00,11.00,0.00,10619.00,5172.00,11.00,1729.00,0.00,3707.00
2025,11,DL,Delta Air Lines Network,MCO,"Orlando, FL: Orlando International",1711.00,351.00,133.27,3.38,145.18,1.00,68.18,32.00,1.00,22479.00,10385.00,115.00,7331.00,30.00,4618.00
2025,11,DL,Delta Air Lines Network,MDT,"Harrisburg, PA: Harrisburg International",83.00,15.00,4.36,1.05,3.79,0.00,5.80,1.00,0.00,885.00,206.00,108.00,194.00,0.00,377.00
2025,11,DL,Delta Air Lines Network,MDW,"Chicago, IL: Chicago Midway International",108.00,13.00,5.98,0.00,2.91,0.00,4.11,4.00,2.00,748.00,408.00,0.00,98.00,0.00,242.00
2025,11,DL,Delta Air Lines Network,MEM,"Memphis, TN: Memphis International",340.00,53.00,25.37,0.40,9.61,0.00,17.61,6.00,0.00,2831.00,1273.00,33.00,394.00,0.00,1131.00
2025,11,DL,Delta Air Lines Network,MIA,"Miami, FL: Miami International",940.00,242.00,77.06,2.00,123.12,0.00,39.81,14.00,2.00,15032.00,5679.00,93.00,6406.00,0.00,2854.00
2025,11,DL,Delta Air Lines Network,MKE,"Milwaukee, WI: General Mitchell International",284.00,41.00,17.51,1.47,10.68,0.00,11.34,6.00,0.00,1901.00,1149.00,73.00,268.00,0.00,411.00
2025,11,DL,Delta Air Lines Network,MLB,"Melbourne, FL: Melbourne Orlando International",117.00,11.00,3.74,0.00,2.07,0.00,5.19,5.00,0.00,448.00,141.00,0.00,37.00,0.00,270.00
2025,11,DL,Delta Air Lines Network,MOB,"Mobile, AL: Mobile Regional",41.00,5.00,2.72,0.00,0.06,0.00,2.22,2.00,0.00,197.00,109.00,0.00,1.00,0.00,87.00
2025,11,DL,Delta Air Lines Network,MSN,"Madison, WI: Dane County Regional-Truax Field",168.00,26.00,15.38,0.80,2.42,0.00,7.40,2.00,0.00,1798.00,963.00,139.00,104.00,0.00,592.00
2025,11,DL,Delta Air Lines Network,MSO,"Missoula, MT: Missoula Montana",60.00,10.00,6.37,0.00,2.46,0.00,1.17,0.00,0.00,555.00,425.00,0.00,74.00,0.00,56.00
2025,11,DL,Delta Air Lines Network,MSP,"Minneapolis, MN: Minneapolis-St Paul International",5188.00,795.00,234.35,24.11,220.34,0.90,315.29,53.00,1.00,71576.00,30936.00,4057.00,9789.00,678.00,26116.00
2025,11,DL,Delta Air Lines Network,MSY,"New Orleans, LA: Louis Armstrong New Orleans International",634.00,86.00,33.09,1.24,26.45,0.00,25.22,11.00,1.00,4508.00,2045.00,48.00,1123.00,0.00,1292.00
2025,11,DL,Delta Air Lines Network,MYR,"Myrtle Beach, SC: Myrtle Beach International",173.00,23.00,10.15,0.00,9.29,0.00,3.56,6.00,0.00,1070.00,568.00,0.00,374.00,0.00,128.00
2025,11,DL,Delta Air Lines Network,OGG,"Kahului, HI: Kahului Airport",109.00,11.00,6.81,0.00,2.78,0.00,1.41,0.00,0.00,1015.00,903.00,0.00,65.00,0.00,47.00
2025,11,DL,Delta Air Lines Network,OKC,"Oklahoma City, OK: Okc Will Rogers International",139.00,23.00,11.37,1.00,1.60,0.00,9.03,5.00,0.00,932.00,431.00,57.00,61.00,0.00,383.00
2025,11,DL,Delta Air Lines Network,OMA,"Omaha, NE: Eppley Airfield",137.00,18.00,8.87,0.00,2.82,0.00,6.31,3.00,0.00,933.00,483.00,0.00,85.00,0.00,365.00
2025,11,DL,Delta Air Lines Network,ONT,"Ontario, CA: Ontario International",144.00,22.00,12.38,0.39,6.21,0.00,3.02,3.00,0.00,1309.00,842.00,11.00,301.00,0.00,155.00
2025,11,DL,Delta Air Lines Network,ORD,"Chicago, IL: Chicago O'Hare International",965.00,324.00,89.98,3.06,157.09,0.00,73.87,30.00,4.00,28890.00,8517.00,1137.00,11884.00,0.00,7352.00
2025,11,DL,Delta Air Lines Network,ORF,"Norfolk, VA: Norfolk International",263.00,56.00,22.21,0.93,14.15,0.00,18.71,3.00,0.00,3177.00,1078.00,114.00,899.00,0.00,1086.00
2025,11,DL,Delta Air Lines Network,PBI,"West Palm Beach/Palm Beach, FL: Palm Beach International",562.00,136.00,47.14,0.00,54.54,0.41,33.90,7.00,3.00,8962.00,3329.00,0.00,2936.00,41.00,2656.00
2025,11,DL,Delta Air Lines Network,PDX,"Portland, OR: Portland International",589.00,129.00,55.12,0.77,49.64,0.00,23.47,7.00,0.00,7020.00,3529.00,195.00,1824.00,0.00,1472.00
2025,11,DL,Delta Air Lines Network,PHL,"Philadelphia, PA: Philadelphia International",527.00,90.00,33.80,0.40,31.60,0.00,24.20,12.00,1.00,5488.00,2149.00,36.00,1454.00,0.00,1849.00
2025,11,DL,Delta Air Lines Network,PHX,"Phoenix, AZ: Phoenix Sky Harbor International",909.00,227.00,71.33,0.52,120.50,0.00,34.66,8.00,1.00,15297.00,5924.00,28.00,6852.00,0.00,2493.00
2025,11,DL,Delta Air Lines Network,PIT,"Pittsburgh, PA: Pittsburgh International",235.00,37.00,20.07,1.00,6.92,0.00,9.02,7.00,0.00,2476.00,1359.00,29.00,588.00,0.00,500.00
2025,11,DL,Delta Air Lines Network,PNS,"Pensacola, FL: Pensacola International",225.00,29.00,9.34,2.52,9.16,0.00,7.98,5.00,0.00,947.00,241.00,111.00,244.00,0.00,351.00
2025,11,DL,Delta Air Lines Network,PSC,"Pasco/Kennewick/Richland, WA: Tri Cities",60.00,13.00,5.47,0.99,2.45,0.00,4.09,0.00,2.00,1159.00,222.00,648.00,73.00,0.00,216.00
2025,11,DL,Delta Air Lines Network,PSP,"Palm Springs, CA: Palm Springs International",85.00,13.00,3.94,0.00,7.56,0.00,1.50,2.00,0.00,440.00,128.00,0.00,235.00,0.00,77.00
2025,11,DL,Delta Air Lines Network,PVD,"Providence, RI: Rhode Island Tf Green International",112.00,22.00,10.88,0.00,4.42,0.00,6.70,4.00,0.00,1269.00,520.00,0.00,106.00,0.00,643.00
2025,11,DL,Delta Air Lines Network,PWM,"Portland, ME: Portland International Jetport",95.00,19.00,7.45,0.00,3.88,0.00,7.67,2.00,0.00,1475.00,911.00,0.00,141.00,0.00,423.00
2025,11,DL,Delta Air Lines Network,RDU,"Raleigh/Durham, NC: Raleigh-Durham International",1038.00,164.00,63.93,1.78,48.14,0.00,50.15,16.00,1.00,11396.00,5134.00,861.00,2048.00,0.00,3353.00
2025,11,DL,Delta Air Lines Network,RIC,"Richmond, VA: Richmond International",235.00,31.00,14.66,0.58,9.26,0.00,6.50,8.00,0.00,1668.00,767.00,11.00,408.00,0.00,482.00
2025,11,DL,Delta Air Lines Network,RNO,"Reno, NV: Reno/Tahoe International",81.00,10.00,3.56,0.00,4.70,0.00,1.74,0.00,0.00,929.00,593.00,0.00,280.00,0.00,56.00
2025,11,DL,Delta Air Lines Network,ROA,"Roanoke, VA: Roanoke Blacksburg Regional",30.00,6.00,3.69,0.00,2.00,0.00,0.31,1.00,0.00,238.00,153.00,0.00,64.00,0.00,21.00
2025,11,DL,Delta Air Lines Network,ROC,"Rochester, NY: Frederick Douglass Grtr Rochester International",84.00,21.00,8.18,0.08,6.42,0.00,6.31,3.00,0.00,1179.00,541.00,2.00,205.00,0.00,431.00
2025,11,DL,Delta Air Lines Network,RSW,"Fort Myers, FL: Southwest Florida International",571.00,102.00,48.61,2.00,34.29,1.00,16.10,5.00,0.00,7897.00,4812.00,89.00,1784.00,35.00,1177.00
2025,11,DL,Delta Air Lines Network,SAN,"San Diego, CA: San Diego International",794.00,183.00,47.61,0.00,99.74,0.00,35.66,6.00,5.00,9668.00,2850.00,0.00,4346.00,0.00,2472.00
2025,11,DL,Delta Air Lines Network,SAT,"San Antonio, TX: San Antonio International",563.00,104.00,44.53,2.04,25.66,0.00,31.77,7.00,0.00,6721.00,3040.00,165.00,968.00,0.00,2548.00
2025,11,DL,Delta Air Lines Network,SAV,"Savannah, GA: Savannah/Hilton Head International",297.00,38.00,12.55,2.04,9.90,0.00,13.51,4.00,0.00,2464.00,763.00,239.00,414.00,0.00,1048.00
2025,11,DL,Delta Air Lines Network,SBA,"Santa Barbara, CA: Santa Barbara Municipal",55.00,5.00,4.03,0.00,0.04,0.00,0.93,3.00,0.00,318.00,277.00,0.00,1.00,0.00,40.00
2025,11,DL,Delta Air Lines Network,SDF,"Louisville, KY: Louisville Muhammad Ali International",214.00,39.00,18.72,0.07,11.28,0.00,8.93,4.00,0.00,4033.00,1706.00,7.00,1759.00,0.00,561.00
2025,11,DL,Delta Air Lines Network,SEA,"Seattle, WA: Seattle/Tacoma International",2612.00,426.00,122.31,11.39,144.26,0.00,148.04,25.00,6.00,29625.00,11589.00,1892.00,5618.00,0.00,10526.00
2025,11,DL,Delta Air Lines Network,SFO,"San Francisco, CA: San Francisco International",1138.00,334.00,80.41,0.00,205.93,0.00,47.66,11.00,2.00,21195.00,7571.00,0.00,10704.00,0.00,2920.00
2025,11,DL,Delta Air Lines Network,SGF,"Springfield, MO: Springfield-Branson National",34.00,3.00,3.00,0.00,0.00,0.00,0.00,1.00,0.00,214.00,214.00,0.00,0.00,0.00,0.00
2025,11,DL,Delta Air Lines Network,SJC,"San Jose, CA: Norman Y. Mineta San Jose International",179.00,34.00,14.77,0.07,7.87,0.00,11.29,6.00,0.00,2954.00,1720.00,8.00,289.00,0.00,937.00
2025,11,DL,Delta Air Lines Network,SJU,"San Juan, PR: Luis Munoz Marin International",267.00,54.00,23.30,1.35,21.78,0.00,7.57,2.00,1.00,2706.00,1249.00,171.00,1010.00,0.00,276.00
2025,11,DL,Delta Air Lines Network,SLC,"Salt Lake City, UT: Salt Lake City International",4275.00,556.00,179.11,15.44,146.87,0.00,214.59,45.00,2.00,47019.00,20632.00,3596.00,5681.00,0.00,17110.00
2025,11,DL,Delta Air Lines Network,SMF,"Sacramento, CA: Sacramento International",271.00,32.00,20.48,0.00,7.92,0.00,3.60,7.00,0.00,2876.00,2199.00,0.00,375.00,0.00,302.00
2025,11,DL,Delta Air Lines Network,SNA,"Santa Ana, CA: John Wayne Airport-Orange County",389.00,81.00,39.97,0.00,25.23,0.00,15.81,6.00,1.00,4095.00,2428.00,0.00,796.00,0.00,871.00
2025,11,DL,Delta Air Lines Network,SRQ,"Sarasota/Bradenton, FL: Sarasota/Bradenton International",247.00,42.00,17.27,0.35,11.88,0.00,12.51,6.00,0.00,3031.00,1616.00,23.00,548.00,0.00,844.00
2025,11,DL,Delta Air Lines Network,STL,"St. Louis, MO: St Louis Lambert International",449.00,77.00,42.72,0.04,13.06,0.00,21.18,11.00,0.00,4606.00,2601.00,5.00,719.00,0.00,1281.00
2025,11,DL,Delta Air Lines Network,STT,"Charlotte Amalie, VI: Cyril E King",39.00,11.00,4.18,0.00,6.36,0.00,0.46,0.00,0.00,595.00,371.00,0.00,213.00,0.00,11.00
2025,11,DL,Delta Air Lines Network,STX,"Christiansted, VI: Henry E. Rohlsen",4.00,0.00,0.00,0.00,0.00,0.00,0.00,0.00,0.00,0.00,0.00,0.00,0.00,0.00,0.00
2025,11,DL,Delta Air Lines Network,SYR,"Syracuse, NY: Syracuse Hancock International",114.00,22.00,9.39,1.23,5.26,0.00,6.13,3.00,0.00,1137.00,494.00,49.00,248.00,0.00,346.00
2025,11,DL,Delta Air Lines Network,TLH,"Tallahassee, FL: Tallahassee International",144.00,19.00,10.14,0.00,1.78,0.00,7.08,3.00,1.00,1330.00,790.00,0.00,103.00,0.00,437.00
2025,11,DL,Delta Air Lines Network,TPA,"Tampa, FL: Tampa International",1113.00,233.00,95.31,1.41,76.87,0.00,59.41,18.00,3.00,14921.00,6490.00,114.00,3991.00,0.00,4326.00
2025,11,DL,Delta Air Lines Network,TRI,"Bristol/Johnson City/Kingsport, TN: Tri Cities",61.00,7.00,5.46,0.00,0.96,0.00,0.58,1.00,0.00,299.00,257.00,0.00,28.00,0.00,14.00
2025,11,DL,Delta Air Lines Network,TUL,"Tulsa, OK: Tulsa International",135.00,17.00,10.30,1.22,2.84,0.00,2.64,6.00,0.00,942.00,608.00,114.00,91.00,0.00,129.00
2025,11,DL,Delta Air Lines Network,TUS,"Tucson, AZ: Tucson International",80.00,11.00,6.35,0.00,1.16,0.00,3.49,3.00,0.00,754.00,456.00,0.00,29.00,0.00,269.00
2025,11,DL,Delta Air Lines Network,TVC,"Traverse City, MI: Cherry Capital",30.00,6.00,3.35,0.00,1.72,0.00,0.93,0.00,0.00,314.00,207.00,0.00,48.00,0.00,59.00
2025,11,DL,Delta Air Lines Network,TYS,"Knoxville, TN: McGhee Tyson",153.00,28.00,11.18,3.53,4.28,0.00,9.01,7.00,1.00,1091.00,350.00,295.00,163.00,0.00,283.00
2025,11,DL,Delta Air Lines Network,VPS,"Valparaiso, FL: Eglin AFB Destin Fort Walton Beach",209.00,21.00,8.81,0.51,5.68,0.00,6.01,8.00,0.00,1201.00,544.00,44.00,349.00,0.00,264.00
2025,11,DL,Delta Air Lines Network,XNA,"Fayetteville, AR: Northwest Arkansas National",22.00,1.00,0.00,0.00,0.56,0.00,0.44,0.00,0.00,18.00,0.00,0.00,10.00,0.00,8.00
2025,11,F9,Frontier Airlines,ATL,"Atlanta, GA: Hartsfield-Jackson Atlanta International",1543.00,476.00,89.24,2.71,190.60,0.00,193.46,52.00,5.00,39192.00,6480.00,151.00,10179.00,0.00,22382.00
2025,11,F9,Frontier Airlines,AUS,"Austin, TX: Austin - Bergstrom International",178.00,45.00,8.91,2.00,21.44,0.00,12.65,1.00,0.00,3359.00,745.00,115.00,1323.00,0.00,1176.00
2025,11,F9,Frontier Airlines,BDL,"Hartford, CT: Bradley International",50.00,7.00,4.36,0.00,1.73,0.00,0.91,0.00,0.00,471.00,335.00,0.00,76.00,0.00,60.00
2025,11,F9,Frontier Airlines,BNA,"Nashville, TN: Nashville International",80.00,23.00,6.91,0.00,8.86,0.00,7.22,1.00,0.00,2161.00,814.00,0.00,571.00,0.00,776.00
2025,11,F9,Frontier Airlines,BOI,"Boise, ID: Boise Air Terminal",11.00,3.00,0.74,0.00,2.26,0.00,0.00,0.00,0.00,91.00,42.00,0.00,49.00,0.00,0.00
2025,11,F9,Frontier Airlines,BOS,"Boston, MA: Logan International",81.00,12.00,6.83,0.00,4.18,0.00,0.99,0.00,0.00,887.00,585.00,0.00,166.00,0.00,136.00
2025,11,F9,Frontier Airlines,BQN,"Aguadilla, PR: Rafael Hernandez",32.00,2.00,0.57,0.00,0.00,0.00,1.43,1.00,0.00,59.00,24.00,0.00,0.00,0.00,35.00
2025,11,F9,Frontier Airlines,BTV,"Burlington, VT: Patrick Leahy Burlington International",6.00,1.00,0.00,0.00,0.00,0.00,1.00,0.00,0.00,95.00,0.00,0.00,0.00,0.00,95.00
2025,11,F9,Frontier Airlines,BUF,"Buffalo, NY: Buffalo Niagara International",70.00,21.00,6.89,0.47,5.76,0.00,7.88,1.00,0.00,1827.00,556.00,11.00,233.00,0.00,1027.00
2025,11,F9,Frontier Airlines,BUR,"Burbank, CA: Bob Hope",8.00,2.00,0.84,0.00,1.16,0.00,0.00,0.00,0.00,43.00,21.00,0.00,22.00,0.00,0.00
2025,11,F9,Frontier Airlines,BWI,"Baltimore, MD: Baltimore/Washington International Thurgood Marshall",242.00,62.00,19.60,1.29,15.14,0.00,25.97,5.00,0.00,5244.00,1815.00,67.00,715.00,0.00,2647.00
2025,11,F9,Frontier Airlines,CHS,"Charleston, SC: Charleston AFB/International",23.00,7.00,4.02,0.00,1.54,0.00,1.43,0.00,0.00,516.00,270.00,0.00,72.00,0.00,174.00
2025,11,F9,Frontier Airlines,CID,"Cedar Rapids/Iowa City, IA: The Eastern Iowa",18.00,3.00,0.26,0.00,0.15,0.00,2.59,0.00,0.00,195.00,20.00,0.00,12.00,0.00,163.00
2025,11,F9,Frontier Airlines,CLE,"Cleveland, OH: Cleveland-Hopkins International",507.00,113.00,22.99,1.14,15.85,0.00,73.03,5.00,1.00,9567.00,2476.00,54.00,678.00,0.00,6359.00
2025,11,F9,Frontier Airlines,CLT,"Charlotte, NC: Charlotte Douglas International",281.00,56.00,17.42,0.64,10.01,0.00,27.93,7.00,0.00,4859.00,954.00,112.00,963.00,0.00,2830.00
2025,11,F9,Frontier Airlines,CMH,"Columbus, OH: John Glenn Columbus International",37.00,5.00,0.96,0.00,1.03,0.00,3.01,0.00,0.00,427.00,241.00,0.00,73.00,0.00,113.00
2025,11,F9,Frontier Airlines,CRP,"Corpus Christi, TX: Corpus Christi International",9.00,0.00,0.00,0.00,0.00,0.00,0.00,0.00,0.00,0.00,0.00,0.00,0.00,0.00,0.00
2025,11,F9,Frontier Airlines,CVG,"Cincinnati, OH: Cincinnati/Northern Kentucky International",283.00,57.00,14.62,0.01,10.41,0.00,31.96,4.00,0.00,5432.00,1515.00,1.00,405.00,0.00,3511.00
2025,11,F9,Frontier Airlines,DCA,"Washington, DC: Ronald Reagan Washington National",82.00,13.00,0.29,0.00,9.60,0.00,3.11,0.00,0.00,892.00,11.00,0.00,682.00,0.00,199.00
2025,11,F9,Frontier Airlines,DEN,"Denver, CO: Denver International",1936.00,297.00,73.62,3.72,77.84,0.00,141.82,16.00,0.00,24857.00,5160.00,282.00,2755.00,0.00,16660.00
2025,11,F9,Frontier Airlines,DFW,"Dallas/Fort Worth, TX: Dallas/Fort Worth International",867.00,242.00,45.52,3.17,101.04,0.00,92.27,20.00,2.00,25000.00,5299.00,462.00,7952.00,0.00,11287.00
2025,11,F9,Frontier Airlines,DSM,"Des Moines, IA: Des Moines International",16.00,2.00,0.86,0.00,0.58,0.00,0.56,0.00,0.00,41.00,19.00,0.00,11.00,0.00,11.00
2025,11,F9,Frontier Airlines,DTW,"Detroit, MI: Detroit Metro Wayne County",195.00,35.00,7.39,0.88,7.09,0.00,19.64,3.00,1.00,1749.00,356.00,30.00,241.00,0.00,1122.00
2025,11,F9,Frontier Airlines,ELP,"El Paso, TX: El Paso International",64.00,12.00,4.11,0.00,2.17,0.00,5.71,0.00,0.00,1007.00,221.00,0.00,115.00,0.00,671.00
2025,11,F9,Frontier Airlines,EWR,"Newark, NJ: Newark Liberty International",89.00,32.00,7.48,0.44,15.47,0.00,8.61,4.00,0.00,2223.00,518.00,27.00,908.00,0.00,770.00
2025,11,F9,Frontier Airlines,FAR,"Fargo, ND: Hector International",13.00,2.00,0.00,0.00,0.00,0.00,2.00,0.00,0.00,222.00,0.00,0.00,0.00,0.00,222.00
2025,11,F9,Frontier Airlines,FLL,"Fort Lauderdale, FL: Fort Lauderdale-Hollywood International",165.00,38.00,11.00,1.89,11.95,0.00,13.15,8.00,1.00,3505.00,662.00,58.00,1435.00,0.00,1350.00
2025,11,F9,Frontier Airlines,FSD,"Sioux Falls, SD: Joe Foss Field",14.00,3.00,0.64,0.00,0.63,0.00,1.73,0.00,0.00,136.00,13.00,0.00,12.00,0.00,111.00
2025,11,F9,Frontier Airlines,GEG,"Spokane, WA: Spokane International",13.00,2.00,0.00,0.00,1.43,0.00,0.57,0.00,0.00,59.00,0.00,0.00,46.00,0.00,13.00
2025,11,F9,Frontier Airlines,GRR,"Grand Rapids, MI: Gerald R. Ford International",36.00,8.00,3.10,0.00,2.79,0.00,2.11,1.00,0.00,845.00,177.00,0.00,137.00,0.00,531.00
2025,11,F9,Frontier Airlines,IAD,"Washington, DC: Washington Dulles International",124.00,35.00,12.58,0.63,9.94,0.00,11.85,2.00,0.00,2973.00,1448.00,72.00,554.00,0.00,899.00
2025,11,F9,Frontier Airlines,IAH,"Houston, TX: George Bush Intercontinental/Houston",392.00,95.00,23.25,0.99,40.62,0.00,30.13,10.00,0.00,8390.00,2583.00,74.00,2497.00,0.00,3236.00
2025,11,F9,Frontier Airlines,IND,"Indianapolis, IN: Indianapolis International",75.00,13.00,4.44,0.00,2.48,0.00,6.08,1.00,0.00,1110.00,410.00,0.00,75.00,0.00,625.00
2025,11,F9,Frontier Airlines,ISP,"Islip, NY: Long Island MacArthur",70.00,13.00,3.40,0.00,2.45,0.00,7.16,0.00,0.00,1148.00,231.00,0.00,159.00,0.00,758.00
2025,11,F9,Frontier Airlines,JAX,"Jacksonville, FL: Jacksonville International",56.00,13.00,5.44,0.00,3.27,0.00,4.28,1.00,0.00,1102.00,568.00,0.00,219.00,0.00,315.00
2025,11,F9,Frontier Airlines,JFK,"New York, NY: John F. Kennedy International",298.00,53.00,18.72,1.00,14.77,0.00,18.51,5.00,0.00,4802.00,2734.00,116.00,527.00,0.00,1425.00
2025,11,F9,Frontier Airlines,LAS,"Las Vegas, NV: Harry Reid International",971.00,219.00,45.15,1.18,71.69,0.00,100.98,9.00,0.00,18832.00,4161.00,104.00,4022.00,0.00,10545.00
2025,11,F9,Frontier Airlines,LAX,"Los Angeles, CA: Los Angeles International",488.00,99.00,23.68,0.86,30.44,0.00,44.02,14.00,0.00,7819.00,1350.00,67.00,1795.00,0.00,4607.00
2025,11,F9,Frontier Airlines,LGA,"New York, NY: LaGuardia",207.00,87.00,13.93,0.00,47.43,0.00,25.63,7.00,0.00,8561.00,1427.00,0.00,4925.00,0.00,2209.00
2025,11,F9,Frontier Airlines,LIT,"Little Rock, AR: Bill and Hillary Clinton Nat Adams Field",9.00,0.00,0.00,0.00,0.00,0.00,0.00,0.00,0.00,0.00,0.00,0.00,0.00,0.00,0.00
2025,11,F9,Frontier Airlines,MCI,"Kansas City, MO: Kansas City International",58.00,6.00,3.78,0.00,1.22,0.00,1.00,0.00,0.00,329.00,248.00,0.00,43.00,0.00,38.00
2025,11,F9,Frontier Airlines,MCO,"Orlando, FL: Orlando International",1345.00,320.00,70.25,1.65,91.30,0.00,156.79,21.00,0.00,32400.00,7191.00,478.00,7653.00,0.00,17078.00
2025,11,F9,Frontier Airlines,MDT,"Harrisburg, PA: Harrisburg International",8.00,2.00,0.00,0.00,0.00,0.00,2.00,0.00,0.00,126.00,0.00,0.00,0.00,0.00,126.00
2025,11,F9,Frontier Airlines,MDW,"Chicago, IL: Chicago Midway International",222.00,62.00,17.60,1.16,10.94,0.00,32.31,10.00,1.00,6714.00,1142.00,60.00,1243.00,0.00,4269.00
2025,11,F9,Frontier Airlines,MEM,"Memphis, TN: Memphis International",18.00,4.00,1.80,0.00,0.00,0.00,2.20,0.00,0.00,423.00,85.00,0.00,0.00,0.00,338.00
2025,11,F9,Frontier Airlines,MIA,"Miami, FL: Miami International",336.00,91.00,25.02,2.01,22.16,0.00,41.82,8.00,0.00,8966.00,2510.00,79.00,1654.00,0.00,4723.00
2025,11,F9,Frontier Airlines,MKE,"Milwaukee, WI: General Mitchell International",11.00,2.00,0.50,0.00,0.67,0.00,0.83,0.00,0.00,81.00,21.00,0.00,27.00,0.00,33.00
2025,11,F9,Frontier Airlines,MSN,"Madison, WI: Dane County Regional-Truax Field",19.00,4.00,0.01,0.00,0.05,0.00,3.94,0.00,0.00,431.00,1.00,0.00,5.00,0.00,425.00
2025,11,F9,Frontier Airlines,MSO,"Missoula, MT: Missoula Montana",3.00,0.00,0.00,0.00,0.00,0.00,0.00,0.00,0.00,0.00,0.00,0.00,0.00,0.00,0.00
2025,11,F9,Frontier Airlines,MSP,"Minneapolis, MN: Minneapolis-St Paul International",85.00,15.00,3.17,0.77,5.66,0.00,5.40,0.00,0.00,757.00,188.00,49.00,154.00,0.00,366.00
2025,11,F9,Frontier Airlines,MSY,"New Orleans, LA: Louis Armstrong New Orleans International",66.00,12.00,3.91,0.00,1.41,0.00,6.67,0.00,0.00,853.00,309.00,0.00,91.00,0.00,453.00
2025,11,F9,Frontier Airlines,MYR,"Myrtle Beach, SC: Myrtle Beach International",20.00,6.00,2.00,0.00,1.67,0.00,2.33,1.00,0.00,331.00,110.00,0.00,100.00,0.00,121.00
2025,11,F9,Frontier Airlines,OKC,"Oklahoma City, OK: Okc Will Rogers International",53.00,11.00,4.64,0.00,1.99,0.00,4.37,1.00,0.00,1004.00,385.00,0.00,92.00,0.00,527.00
2025,11,F9,Frontier Airlines,OMA,"Omaha, NE: Eppley Airfield",26.00,6.00,3.47,0.00,0.50,0.00,2.03,0.00,0.00,582.00,285.00,0.00,18.00,0.00,279.00
2025,11,F9,Frontier Airlines,ONT,"Ontario, CA: Ontario International",214.00,47.00,9.28,1.00,10.58,0.00,26.13,1.00,1.00,2670.00,428.00,112.00,507.00,0.00,1623.00
2025,11,F9,Frontier Airlines,ORD,"Chicago, IL: Chicago O'Hare International",390.00,125.00,21.25,0.99,38.17,0.00,64.58,33.00,0.00,16714.00,2641.00,811.00,6171.00,0.00,7091.00
2025,11,F9,Frontier Airlines,ORF,"Norfolk, VA: Norfolk International",33.00,4.00,2.33,0.00,0.47,0.00,1.20,1.00,0.00,235.00,181.00,0.00,17.00,0.00,37.00
2025,11,F9,Frontier Airlines,PAE,"Everett, WA: Seattle Paine Field International",22.00,4.00,0.00,0.00,2.11,0.00,1.89,0.00,0.00,145.00,0.00,0.00,54.00,0.00,91.00
2025,11,F9,Frontier Airlines,PBI,"West Palm Beach/Palm Beach, FL: Palm Beach International",29.00,12.00,3.32,0.00,5.06,0.00,3.61,1.00,0.00,680.00,161.00,0.00,252.00,0.00,267.00
2025,11,F9,Frontier Airlines,PDX,"Portland, OR: Portland International",87.00,8.00,1.98,0.84,0.39,0.00,4.79,0.00,0.00,340.00,73.00,70.00,20.00,0.00,177.00
2025,11,F9,Frontier Airlines,PHL,"Philadelphia, PA: Philadelphia International",780.00,191.00,46.58,2.17,35.10,0.00,107.15,20.00,1.00,16185.00,3958.00,59.00,1973.00,0.00,10195.00
2025,11,F9,Frontier Airlines,PHX,"Phoenix, AZ: Phoenix Sky Harbor International",662.00,205.00,33.47,1.91,96.06,0.00,73.56,16.00,0.00,18499.00,2839.00,619.00,7103.00,0.00,7938.00
2025,11,F9,Frontier Airlines,PIT,"Pittsburgh, PA: Pittsburgh International",39.00,4.00,0.20,0.21,1.10,0.00,2.48,0.00,0.00,347.00,19.00,20.00,90.00,0.00,218.00
2025,11,F9,Frontier Airlines,PNS,"Pensacola, FL: Pensacola International",19.00,3.00,2.00,0.00,0.00,0.00,1.00,1.00,0.00,201.00,108.00,0.00,0.00,0.00,93.00
2025,11,F9,Frontier Airlines,PSE,"Ponce, PR: Mercedita",19.00,1.00,1.00,0.00,0.00,0.00,0.00,0.00,0.00,43.00,43.00,0.00,0.00,0.00,0.00
2025,11,F9,Frontier Airlines,PSP,"Palm Springs, CA: Palm Springs International",13.00,4.00,0.39,0.00,1.55,0.00,2.06,0.00,0.00,285.00,46.00,0.00,60.00,0.00,179.00
2025,11,F9,Frontier Airlines,RDU,"Raleigh/Durham, NC: Raleigh-Durham International",386.00,97.00,26.00,0.07,18.13,0.00,52.80,9.00,0.00,8452.00,2339.00,6.00,961.00,0.00,5146.00
2025,11,F9,Frontier Airlines,RIC,"Richmond, VA: Richmond International",18.00,4.00,1.37,1.00,0.19,0.00,1.44,1.00,0.00,188.00,51.00,86.00,4.00,0.00,47.00
2025,11,F9,Frontier Airlines,RNO,"Reno, NV: Reno/Tahoe International",34.00,5.00,2.32,0.00,0.68,0.00,2.00,0.00,0.00,281.00,78.00,0.00,23.00,0.00,180.00
2025,11,F9,Frontier Airlines,RSW,"Fort Myers, FL: Southwest Florida International",107.00,23.00,5.61,0.56,10.85,0.00,5.97,2.00,0.00,1368.00,522.00,28.00,392.00,0.00,426.00
2025,11,F9,Frontier Airlines,SAN,"San Diego, CA: San Diego International",186.00,47.00,14.29,1.00,17.50,0.00,14.21,2.00,1.00,3061.00,942.00,37.00,857.00,0.00,1225.00
2025,11,F9,Frontier Airlines,SAT,"San Antonio, TX: San Antonio International",94.00,9.00,5.94,0.00,1.06,0.00,2.00,0.00,0.00,389.00,310.00,0.00,47.00,0.00,32.00
2025,11,F9,Frontier Airlines,SEA,"Seattle, WA: Seattle/Tacoma International",128.00,26.00,7.11,0.13,9.73,0.00,9.03,2.00,0.00,1626.00,569.00,7.00,427.00,0.00,623.00
2025,11,F9,Frontier Airlines,SFO,"San Francisco, CA: San Francisco International",305.00,104.00,16.83,0.00,57.94,0.00,29.23,4.00,0.00,7116.00,756.00,0.00,4354.00,0.00,2006.00
2025,11,F9,Frontier Airlines,SJC,"San Jose, CA: Norman Y. Mineta San Jose International",18.00,3.00,1.94,0.00,0.06,0.00,1.00,0.00,0.00,159.00,75.00,0.00,1.00,0.00,83.00
2025,11,F9,Frontier Airlines,SJU,"San Juan, PR: Luis Munoz Marin International",347.00,107.00,31.37,2.02,30.52,0.00,43.10,4.00,1.00,8800.00,2819.00,76.00,1569.00,0.00,4336.00
2025,11,F9,Frontier Airlines,SLC,"Salt Lake City, UT: Salt Lake City International",279.00,43.00,13.46,0.06,9.42,0.00,20.06,4.00,0.00,3722.00,1802.00,13.00,396.00,0.00,1511.00
2025,11,F9,Frontier Airlines,SMF,"Sacramento, CA: Sacramento International",53.00,12.00,5.39,0.00,3.37,0.00,3.25,0.00,0.00,392.00,215.00,0.00,91.00,0.00,86.00
2025,11,F9,Frontier Airlines,SNA,"Santa Ana, CA: John Wayne Airport-Orange County",86.00,12.00,3.08,0.00,3.20,0.00,5.72,2.00,0.00,526.00,142.00,0.00,123.00,0.00,261.00
2025,11,F9,Frontier Airlines,SRQ,"Sarasota/Bradenton, FL: Sarasota/Bradenton International",16.00,5.00,0.01,0.00,2.03,0.00,2.97,0.00,0.00,347.00,1.00,0.00,87.00,0.00,259.00
2025,11,F9,Frontier Airlines,STL,"St. Louis, MO: St Louis Lambert International",122.00,18.00,6.01,0.37,3.55,0.00,8.06,2.00,1.00,1196.00,354.00,80.00,233.00,0.00,529.00
2025,11,F9,Frontier Airlines,SYR,"Syracuse, NY: Syracuse Hancock International",14.00,6.00,0.00,0.13,4.44,0.00,1.42,1.00,0.00,337.00,0.00,6.00,281.00,0.00,50.00
2025,11,F9,Frontier Airlines,TPA,"Tampa, FL: Tampa International",513.00,124.00,31.64,0.00,33.17,0.00,59.18,14.00,0.00,10672.00,1601.00,0.00,1734.00,0.00,7337.00
2025,11,F9,Frontier Airlines,TTN,"Trenton, NJ: Trenton Mercer",64.00,13.00,3.20,0.00,5.07,0.00,4.74,0.00,0.00,988.00,226.00,0.00,349.00,0.00,413.00
2025,11,F9,Frontier Airlines,TUL,"Tulsa, OK: Tulsa International",8.00,2.00,0.72,0.00,0.00,0.00,1.28,0.00,0.00,247.00,89.00,0.00,0.00,0.00,158.00
2025,11,F9,Frontier Airlines,TUS,"Tucson, AZ: Tucson International",30.00,4.00,0.88,0.00,1.00,0.00,2.12,1.00,0.00,298.00,72.00,0.00,38.00,0.00,188.00
2025,11,F9,Frontier Airlines,TYS,"Knoxville, TN: McGhee Tyson",10.00,0.00,0.00,0.00,0.00,0.00,0.00,0.00,0.00,0.00,0.00,0.00,0.00,0.00,0.00
2025,11,F9,Frontier Airlines,XNA,"Fayetteville, AR: Northwest Arkansas National",13.00,2.00,0.33,0.00,0.00,0.00,1.67,0.00,0.00,38.00,6.00,0.00,0.00,0.00,32.00
2025,11,G4,Allegiant Air,ABE,"Allentown/Bethlehem/Easton, PA: Lehigh Valley International",171.00,30.00,4.72,3.36,9.56,0.43,11.93,0.00,0.00,1976.00,289.00,280.00,603.00,13.00,791.00
2025,11,G4,Allegiant Air,ALB,"Albany, NY: Albany International",59.00,5.00,2.13,0.00,1.51,0.00,1.37,0.00,1.00,199.00,102.00,0.00,53.00,0.00,44.00
2025,11,G4,Allegiant Air,ATW,"Appleton, WI: Appleton International",129.00,23.00,5.56,0.00,2.39,0.00,15.06,0.00,1.00,1548.00,588.00,0.00,97.00,0.00,863.00
2025,11,G4,Allegiant Air,AUS,"Austin, TX: Austin - Bergstrom International",49.00,16.00,4.12,0.49,8.32,0.00,3.08,0.00,0.00,1118.00,388.00,63.00,500.00,0.00,167.00
2025,11,G4,Allegiant Air,AVL,"Asheville, NC: Asheville Regional",268.00,66.00,11.94,3.06,13.36,0.00,37.64,0.00,0.00,6038.00,764.00,239.00,598.00,0.00,4437.00
2025,11,G4,Allegiant Air,AZA,"Phoenix, AZ: Mesa Gateway",547.00,118.00,17.58,5.92,41.42,0.00,53.08,3.00,0.00,12267.00,3627.00,1021.00,2368.00,0.00,5251.00
2025,11,G4,Allegiant Air,BGR,"Bangor, ME: Bangor International",44.00,8.00,2.18,1.00,2.31,0.00,2.51,0.00,0.00,507.00,66.00,144.00,178.00,0.00,119.00
2025,11,G4,Allegiant Air,BIL,"Billings, MT: Billings Logan International",27.00,3.00,0.41,0.74,0.64,0.62,0.59,0.00,0.00,90.00,14.00,14.00,19.00,23.00,20.00
2025,11,G4,Allegiant Air,BIS,"Bismarck/Mandan, ND: Bismarck Municipal",30.00,5.00,2.02,0.00,0.88,0.00,2.10,0.00,0.00,201.00,36.00,0.00,24.00,0.00,141.00
2025,11,G4,Allegiant Air,BLI,"Bellingham, WA: Bellingham International",77.00,11.00,0.74,0.00,5.63,0.63,4.00,5.00,1.00,375.00,20.00,0.00,157.00,10.00,188.00
2025,11,G4,Allegiant Air,BLV,"Belleville, IL: Scott AFB MidAmerica St Louis",78.00,16.00,6.05,3.55,2.36,0.00,4.04,1.00,0.00,923.00,449.00,113.00,104.00,0.00,257.00
2025,11,G4,Allegiant Air,BMI,"Bloomington/Normal, IL: Central Il Regional Airport at Bloomington",18.00,4.00,1.40,0.00,0.43,0.00,2.17,0.00,0.00,396.00,137.00,0.00,51.00,0.00,208.00
2025,11,G4,Allegiant Air,BNA,"Nashville, TN: Nashville International",174.00,47.00,6.47,5.73,13.52,0.00,21.28,1.00,0.00,5251.00,1356.00,1082.00,941.00,0.00,1872.00
2025,11,G4,Allegiant Air,BOI,"Boise, ID: Boise Air Terminal",29.00,9.00,4.49,0.00,1.15,0.95,2.41,0.00,1.00,441.00,229.00,0.00,33.00,19.00,160.00
2025,11,G4,Allegiant Air,BOS,"Boston, MA: Logan International",54.00,4.00,0.00,0.00,4.00,0.00,0.00,1.00,0.00,101.00,0.00,0.00,101.00,0.00,0.00
2025,11,G4,Allegiant Air,BZN,"Bozeman, MT: Bozeman Yellowstone International",22.00,3.00,0.00,0.00,1.13,0.00,1.88,2.00,1.00,101.00,0.00,0.00,17.00,0.00,84.00
2025,11,G4,Allegiant Air,CAE,"Columbia, SC: Columbia Metropolitan",18.00,4.00,0.05,1.65,0.00,0.00,2.30,0.00,0.00,388.00,6.00,172.00,0.00,0.00,210.00
2025,11,G4,Allegiant Air,CAK,"Akron, OH: Akron-Canton Regional",61.00,9.00,3.66,0.00,0.80,0.00,4.54,0.00,0.00,685.00,261.00,0.00,69.00,0.00,355.00
2025,11,G4,Allegiant Air,CHA,"Chattanooga, TN: Lovell Field",40.00,14.00,4.10,0.29,4.53,0.00,5.08,0.00,0.00,985.00,266.00,6.00,412.00,0.00,301.00
2025,11,G4,Allegiant Air,CHS,"Charleston, SC: Charleston AFB/International",9.00,5.00,1.59,0.00,0.16,0.00,3.25,0.00,0.00,205.00,66.00,0.00,10.00,0.00,129.00
2025,11,G4,Allegiant Air,CID,"Cedar Rapids/Iowa City, IA: The Eastern Iowa",72.00,14.00,3.06,0.49,4.95,0.00,5.49,2.00,2.00,1015.00,360.00,33.00,181.00,0.00,441.00
2025,11,G4,Allegiant Air,CKB,"Clarksburg/Fairmont, WV: North Central West Virginia",9.00,5.00,2.14,1.00,1.30,0.00,0.56,0.00,0.00,487.00,223.00,193.00,53.00,0.00,18.00
2025,11,G4,Allegiant Air,COS,"Colorado Springs, CO: City of Colorado Springs Municipal",27.00,2.00,0.77,0.00,1.02,0.00,0.21,0.00,0.00,173.00,119.00,0.00,22.00,0.00,32.00
2025,11,G4,Allegiant Air,CVG,"Cincinnati, OH: Cincinnati/Northern Kentucky International",249.00,63.00,14.47,3.00,14.81,0.00,30.73,3.00,0.00,5949.00,1271.00,1624.00,730.00,0.00,2324.00
2025,11,G4,Allegiant Air,DAY,"Dayton, OH: James M Cox/Dayton International",27.00,6.00,3.25,0.81,0.67,0.00,1.28,0.00,0.00,457.00,355.00,21.00,41.00,0.00,40.00
2025,11,G4,Allegiant Air,DEN,"Denver, CO: Denver International",18.00,5.00,2.00,0.00,1.07,0.00,1.93,0.00,0.00,484.00,354.00,0.00,31.00,0.00,99.00
2025,11,G4,Allegiant Air,DSM,"Des Moines, IA: Des Moines International",170.00,26.00,5.18,6.19,4.52,0.00,10.11,8.00,1.00,5258.00,679.00,2312.00,627.00,0.00,1640.00
2025,11,G4,Allegiant Air,ELM,"Elmira/Corning, NY: Elmira/Corning Regional",29.00,6.00,3.22,0.00,2.46,0.00,0.32,0.00,0.00,374.00,253.00,0.00,87.00,0.00,34.00
2025,11,G4,Allegiant Air,EUG,"Eugene, OR: Mahlon Sweet Field",27.00,5.00,3.14,0.00,0.16,0.00,1.70,0.00,0.00,371.00,281.00,0.00,7.00,0.00,83.00
2025,11,G4,Allegiant Air,EVV,"Evansville, IN: Evansville Regional",18.00,2.00,0.09,0.00,0.40,0.00,1.51,0.00,0.00,73.00,5.00,0.00,6.00,0.00,62.00
2025,11,G4,Allegiant Air,EWR,"Newark, NJ: Newark Liberty International",55.00,6.00,0.00,0.00,6.00,0.00,0.00,1.00,0.00,1014.00,0.00,0.00,1014.00,0.00,0.00
2025,11,G4,Allegiant Air,EYW,"Key West, FL: Key West International",73.00,15.00,1.49,1.68,8.41,0.00,3.41,0.00,0.00,1020.00,202.00,163.00,358.00,0.00,297.00
2025,11,G4,Allegiant Air,FAR,"Fargo, ND: Hector International",49.00,6.00,2.91,1.00,1.90,0.00,0.19,0.00,0.00,192.00,82.00,50.00,52.00,0.00,8.00
2025,11,G4,Allegiant Air,FAT,"Fresno, CA: Fresno Yosemite International",63.00,9.00,1.00,2.00,1.86,0.00,4.14,2.00,0.00,631.00,39.00,248.00,78.00,0.00,266.00
2025,11,G4,Allegiant Air,FCA,"Kalispell, MT: Glacier Park International",13.00,3.00,1.14,0.00,1.15,0.00,0.72,0.00,0.00,144.00,81.00,0.00,35.00,0.00,28.00
2025,11,G4,Allegiant Air,FLL,"Fort Lauderdale, FL: Fort Lauderdale-Hollywood International",307.00,120.00,22.10,5.23,31.93,0.00,60.75,3.00,0.00,10570.00,1452.00,2114.00,2792.00,0.00,4212.00
2025,11,G4,Allegiant Air,FNT,"Flint, MI: Bishop International",122.00,37.00,11.77,2.12,4.68,0.00,18.43,0.00,0.00,2578.00,1282.00,68.00,301.00,0.00,927.00
2025,11,G4,Allegiant Air,FSD,"Sioux Falls, SD: Joe Foss Field",75.00,10.00,3.60,1.76,3.69,0.00,0.94,1.00,0.00,778.00,310.00,169.00,219.00,0.00,80.00
2025,11,G4,Allegiant Air,FWA,"Fort Wayne, IN: Fort Wayne International",70.00,17.00,1.89,1.72,7.05,0.71,5.63,0.00,0.00,788.00,71.00,129.00,239.00,32.00,317.00
2025,11,G4,Allegiant Air,GEG,"Spokane, WA: Spokane International",18.00,3.00,1.53,1.00,0.40,0.00,0.07,0.00,0.00,1047.00,51.00,982.00,12.00,0.00,2.00
2025,11,G4,Allegiant Air,GFK,"Grand Forks, ND: Grand Forks International",17.00,1.00,0.00,0.00,1.00,0.00,0.00,0.00,0.00,21.00,0.00,0.00,21.00,0.00,0.00
2025,11,G4,Allegiant Air,GRI,"Grand Island, NE: Central Nebraska Regional",20.00,2.00,0.86,0.00,0.14,0.00,1.00,0.00,1.00,130.00,67.00,0.00,11.00,0.00,52.00
2025,11,G4,Allegiant Air,GRR,"Grand Rapids, MI: Gerald R. Ford International",189.00,54.00,12.88,1.88,12.26,0.00,26.98,0.00,1.00,3084.00,578.00,108.00,566.00,0.00,1832.00
2025,11,G4,Allegiant Air,GSO,"Greensboro/High Point, NC: Piedmont Triad International",9.00,2.00,0.00,0.00,0.56,0.00,1.44,0.00,0.00,74.00,0.00,0.00,20.00,0.00,54.00
2025,11,G4,Allegiant Air,GSP,"Greer, SC: Greenville-Spartanburg International",37.00,11.00,3.45,0.47,3.43,0.00,3.64,0.00,0.00,946.00,146.00,78.00,512.00,0.00,210.00
2025,11,G4,Allegiant Air,GTF,"Great Falls, MT: Great Falls International",18.00,3.00,0.90,0.00,0.91,0.00,1.18,0.00,0.00,134.00,47.00,0.00,25.00,0.00,62.00
2025,11,G4,Allegiant Air,GUF,"Gulf Shores, AL: Gulf Shores International Jack Edwards Field",49.00,4.00,0.00,1.00,0.00,0.00,3.00,1.00,0.00,155.00,0.00,63.00,0.00,0.00,92.00
2025,11,G4,Allegiant Air,HGR,"Hagerstown, MD: Hagerstown Regional-Richard A. Henson Field",19.00,4.00,2.43,0.00,0.55,0.00,1.02,0.00,0.00,216.00,149.00,0.00,10.00,0.00,57.00
2025,11,G4,Allegiant Air,HOU,"Houston, TX: William P Hobby",19.00,3.00,0.96,0.00,0.33,0.00,1.71,0.00,0.00,71.00,24.00,0.00,8.00,0.00,39.00
2025,11,G4,Allegiant Air,HSV,"Huntsville, AL: Huntsville International-Carl T Jones Field",5.00,1.00,0.00,0.32,0.17,0.00,0.52,0.00,0.00,60.00,0.00,19.00,10.00,0.00,31.00
2025,11,G4,Allegiant Air,HTS,"Ashland, WV: Tri-State/Milton J. Ferguson Field",31.00,12.00,4.21,0.80,1.77,0.00,5.21,2.00,0.00,812.00,346.00,156.00,77.00,0.00,233.00
2025,11,G4,Allegiant Air,IAD,"Washington, DC: Washington Dulles International",50.00,7.00,1.40,1.00,1.92,0.00,2.68,0.00,0.00,382.00,72.00,34.00,60.00,0.00,216.00
2025,11,G4,Allegiant Air,IAG,"Niagara Falls, NY: Niagara Falls International",28.00,5.00,2.25,0.00,1.04,0.00,1.71,0.00,0.00,660.00,368.00,0.00,100.00,0.00,192.00
2025,11,G4,Allegiant Air,ICT,"Wichita, KS: Wichita Dwight D Eisenhower National",23.00,3.00,1.98,0.00,0.19,0.00,0.83,0.00,0.00,225.00,122.00,0.00,5.00,0.00,98.00
2025,11,G4,Allegiant Air,IDA,"Idaho Falls, ID: Idaho Falls Regional",45.00,10.00,4.84,0.98,1.34,0.00,2.84,0.00,1.00,772.00,440.00,41.00,51.00,0.00,240.00
2025,11,G4,Allegiant Air,IND,"Indianapolis, IN: Indianapolis International",100.00,19.00,3.17,1.28,4.18,0.00,10.37,0.00,0.00,1251.00,227.00,160.00,176.00,0.00,688.00
2025,11,G4,Allegiant Air,JAX,"Jacksonville, FL: Jacksonville International",79.00,21.00,2.53,0.94,9.04,0.00,8.50,1.00,0.00,1511.00,130.00,116.00,651.00,0.00,614.00
2025,11,G4,Allegiant Air,LAS,"Las Vegas, NV: Harry Reid International",604.00,143.00,13.90,12.91,67.83,0.00,48.36,17.00,0.00,12107.00,1928.00,2139.00,4552.00,0.00,3488.00
2025,11,G4,Allegiant Air,LAX,"Los Angeles, CA: Los Angeles International",13.00,2.00,0.40,0.00,0.76,0.00,0.84,0.00,0.00,79.00,6.00,0.00,19.00,0.00,54.00
2025,11,G4,Allegiant Air,LCK,"Columbus, OH: Rickenbacker International",68.00,8.00,2.96,0.39,1.65,0.00,2.99,0.00,0.00,320.00,117.00,12.00,53.00,0.00,138.00
2025,11,G4,Allegiant Air,LEX,"Lexington, KY: Blue Grass",64.00,19.00,7.43,1.14,5.06,0.00,5.36,0.00,0.00,1380.00,736.00,38.00,164.00,0.00,442.00
2025,11,G4,Allegiant Air,LIT,"Little Rock, AR: Bill and Hillary Clinton Nat Adams Field",9.00,2.00,0.06,0.85,0.15,0.00,0.94,0.00,0.00,145.00,2.00,95.00,17.00,0.00,31.00
2025,11,G4,Allegiant Air,LRD,"Laredo, TX: Laredo International",11.00,0.00,0.00,0.00,0.00,0.00,0.00,2.00,0.00,0.00,0.00,0.00,0.00,0.00,0.00
2025,11,G4,Allegiant Air,MCI,"Kansas City, MO: Kansas City International",18.00,0.00,0.00,0.00,0.00,0.00,0.00,0.00,0.00,0.00,0.00,0.00,0.00,0.00,0.00
2025,11,G4,Allegiant Air,MCO,"Orlando, FL: Orlando International",25.00,5.00,0.92,0.00,3.08,0.00,1.00,0.00,0.00,191.00,83.00,0.00,68.00,0.00,40.00
2025,11,G4,Allegiant Air,MDT,"Harrisburg, PA: Harrisburg International",64.00,11.00,0.21,1.61,4.57,0.00,4.60,0.00,1.00,510.00,14.00,143.00,136.00,0.00,217.00
2025,11,G4,Allegiant Air,MDW,"Chicago, IL: Chicago Midway International",36.00,6.00,1.31,0.00,1.52,0.00,3.18,0.00,0.00,210.00,67.00,0.00,42.00,0.00,101.00
2025,11,G4,Allegiant Air,MEM,"Memphis, TN: Memphis International",45.00,9.00,1.78,0.00,2.94,0.00,4.28,0.00,0.00,478.00,71.00,0.00,126.00,0.00,281.00
2025,11,G4,Allegiant Air,MFE,"Mission/McAllen/Edinburg, TX: McAllen International",45.00,5.00,2.44,0.00,1.00,0.00,1.56,0.00,0.00,187.00,86.00,0.00,40.00,0.00,61.00
2025,11,G4,Allegiant Air,MFR,"Medford, OR: Rogue Valley International - Medford",21.00,4.00,1.16,0.00,0.65,0.00,2.19,0.00,0.00,319.00,139.00,0.00,17.00,0.00,163.00
2025,11,G4,Allegiant Air,MLB,"Melbourne, FL: Melbourne Orlando International",29.00,5.00,1.00,0.00,4.00,0.00,0.00,2.00,0.00,172.00,50.00,0.00,122.00,0.00,0.00
2025,11,G4,Allegiant Air,MLI,"Moline, IL: Quad Cities International",47.00,9.00,1.98,2.00,4.25,0.00,0.77,0.00,0.00,675.00,200.00,321.00,111.00,0.00,43.00
2025,11,G4,Allegiant Air,MOT,"Minot, ND: Minot International",24.00,7.00,3.09,0.00,2.42,0.00,1.50,0.00,0.00,236.00,125.00,0.00,67.00,0.00,44.00
2025,11,G4,Allegiant Air,MRY,"Monterey, CA: Monterey Regional",9.00,4.00,2.46,0.00,0.21,0.00,1.32,0.00,0.00,237.00,152.00,0.00,7.00,0.00,78.00
2025,11,G4,Allegiant Air,MSO,"Missoula, MT: Missoula Montana",26.00,3.00,2.00,0.00,0.03,0.00,0.97,2.00,0.00,90.00,61.00,0.00,1.00,0.00,28.00
2025,11,G4,Allegiant Air,MSY,"New Orleans, LA: Louis Armstrong New Orleans International",8.00,0.00,0.00,0.00,0.00,0.00,0.00,0.00,0.00,0.00,0.00,0.00,0.00,0.00,0.00
2025,11,G4,Allegiant Air,MYR,"Myrtle Beach, SC: Myrtle Beach International",63.00,5.00,0.66,0.00,3.33,0.00,1.02,0.00,0.00,436.00,40.00,0.00,206.00,0.00,190.00
2025,11,G4,Allegiant Air,OAK,"Oakland, CA: Oakland International",10.00,0.00,0.00,0.00,0.00,0.00,0.00,0.00,0.00,0.00,0.00,0.00,0.00,0.00,0.00
2025,11,G4,Allegiant Air,OMA,"Omaha, NE: Eppley Airfield",56.00,5.00,1.58,0.88,0.85,0.00,1.69,0.00,0.00,384.00,168.00,30.00,81.00,0.00,105.00
2025,11,G4,Allegiant Air,PBG,"Plattsburgh, NY: Plattsburgh International",27.00,3.00,1.77,0.00,0.23,0.00,1.00,0.00,1.00,125.00,43.00,0.00,7.00,0.00,75.00
2025,11,G4,Allegiant Air,PBI,"West Palm Beach/Palm Beach, FL: Palm Beach International",40.00,12.00,3.43,0.00,5.42,0.00,3.14,0.00,0.00,1468.00,172.00,0.00,1035.00,0.00,261.00
2025,11,G4,Allegiant Air,PDX,"Portland, OR: Portland International",13.00,3.00,1.00,0.00,1.00,0.00,1.00,0.00,0.00,220.00,20.00,0.00,16.00,0.00,184.00
2025,11,G4,Allegiant Air,PGD,"Punta Gorda, FL: Punta Gorda Airport",605.00,127.00,24.12,6.62,64.37,1.02,30.87,4.00,0.00,8254.00,2164.00,950.00,3238.00,83.00,1819.00
2025,11,G4,Allegiant Air,PHX,"Phoenix, AZ: Phoenix Sky Harbor International",35.00,7.00,2.24,1.00,2.19,0.00,1.57,0.00,0.00,811.00,156.00,343.00,270.00,0.00,42.00
2025,11,G4,Allegiant Air,PIA,"Peoria, IL: General Downing - Peoria International",102.00,11.00,1.00,0.55,3.65,0.00,5.79,3.00,3.00,868.00,39.00,20.00,258.00,0.00,551.00
2025,11,G4,Allegiant Air,PIE,"St. Petersburg, FL: St Pete Clearwater International",661.00,203.00,36.98,7.69,66.16,0.14,92.03,2.00,5.00,15535.00,2826.00,616.00,4078.00,10.00,8005.00
2025,11,G4,Allegiant Air,PIT,"Pittsburgh, PA: Pittsburgh International",140.00,27.00,6.89,2.52,6.27,0.00,11.31,0.00,0.00,1960.00,732.00,303.00,254.00,0.00,671.00
2025,11,G4,Allegiant Air,PSC,"Pasco/Kennewick/Richland, WA: Tri Cities",25.00,4.00,0.88,1.00,2.12,0.00,0.00,0.00,1.00,195.00,43.00,74.00,78.00,0.00,0.00
2025,11,G4,Allegiant Air,PSM,"Portsmouth, NH: Portsmouth International at Pease",35.00,4.00,0.39,0.00,2.58,0.00,1.02,0.00,0.00,117.00,13.00,0.00,71.00,0.00,33.00
2025,11,G4,Allegiant Air,PSP,"Palm Springs, CA: Palm Springs International",13.00,1.00,0.92,0.00,0.08,0.00,0.00,0.00,0.00,48.00,44.00,0.00,4.00,0.00,0.00
2025,11,G4,Allegiant Air,PVD,"Providence, RI: Rhode Island Tf Green International",10.00,3.00,2.37,0.00,0.38,0.00,0.25,0.00,0.00,245.00,232.00,0.00,8.00,0.00,5.00
2025,11,G4,Allegiant Air,PVU,"Provo, UT: Provo Municipal",128.00,20.00,0.67,1.96,4.06,0.00,13.31,1.00,2.00,1829.00,117.00,90.00,242.00,0.00,1380.00
2025,11,G4,Allegiant Air,RAP,"Rapid City, SD: Rapid City Regional",30.00,12.00,6.93,0.00,1.50,0.22,3.35,0.00,0.00,857.00,519.00,0.00,60.00,8.00,270.00
2025,11,G4,Allegiant Air,RFD,"Rockford, IL: Chicago/Rockford International",69.00,11.00,3.02,0.00,4.05,0.00,3.93,0.00,0.00,831.00,365.00,0.00,244.00,0.00,222.00
2025,11,G4,Allegiant Air,RIC,"Richmond, VA: Richmond International",23.00,4.00,2.00,0.00,0.51,0.00,1.49,0.00,0.00,307.00,168.00,0.00,41.00,0.00,98.00
2025,11,G4,Allegiant Air,ROA,"Roanoke, VA: Roanoke Blacksburg Regional",30.00,11.00,1.97,0.00,3.75,0.00,5.28,0.00,0.00,514.00,76.00,0.00,151.00,0.00,287.00
2025,11,G4,Allegiant Air,ROC,"Rochester, NY: Frederick Douglass Grtr Rochester International",9.00,2.00,1.27,0.00,0.31,0.00,0.42,0.00,0.00,61.00,42.00,0.00,8.00,0.00,11.00
2025,11,G4,Allegiant Air,RSW,"Fort Myers, FL: Southwest Florida International",14.00,3.00,1.00,1.00,1.00,0.00,0.00,0.00,0.00,194.00,15.00,130.00,49.00,0.00,0.00
2025,11,G4,Allegiant Air,SAV,"Savannah, GA: Savannah/Hilton Head International",68.00,9.00,0.35,0.69,3.62,0.00,4.34,0.00,0.00,443.00,25.00,27.00,245.00,0.00,146.00
2025,11,G4,Allegiant Air,SBN,"South Bend, IN: South Bend International",89.00,17.00,5.11,2.00,5.14,0.55,4.20,1.00,0.00,1027.00,335.00,223.00,227.00,56.00,186.00
2025,11,G4,Allegiant Air,SCK,"Stockton, CA: Stockton Metro",48.00,12.00,4.77,0.48,1.86,0.00,4.88,1.00,0.00,1523.00,1090.00,30.00,91.00,0.00,312.00
2025,11,G4,Allegiant Air,SDF,"Louisville, KY: Louisville Muhammad Ali International",56.00,14.00,4.01,0.84,1.95,0.00,7.20,0.00,0.00,862.00,225.00,94.00,124.00,0.00,419.00
2025,11,G4,Allegiant Air,SFB,"Sanford, FL: Orlando Sanford International",773.00,260.00,42.16,11.15,64.72,0.28,141.70,2.00,1.00,19974.00,2897.00,1628.00,3180.00,8.00,12261.00
2025,11,G4,Allegiant Air,SGF,"Springfield, MO: Springfield-Branson National",58.00,6.00,1.97,0.64,0.35,0.00,3.04,0.00,0.00,909.00,460.00,23.00,32.00,0.00,394.00
2025,11,G4,Allegiant Air,SHV,"Shreveport, LA: Shreveport Regional",9.00,1.00,0.00,0.00,1.00,0.00,0.00,0.00,0.00,51.00,0.00,0.00,51.00,0.00,0.00
2025,11,G4,Allegiant Air,SLC,"Salt Lake City, UT: Salt Lake City International",1.00,1.00,0.02,0.00,0.98,0.00,0.00,0.00,0.00,150.00,3.00,0.00,147.00,0.00,0.00
2025,11,G4,Allegiant Air,SMX,"Santa Maria, CA: Santa Maria Public/Capt. G. Allan Hancock Field",9.00,1.00,1.00,0.00,0.00,0.00,0.00,0.00,0.00,20.00,20.00,0.00,0.00,0.00,0.00
2025,11,G4,Allegiant Air,SNA,"Santa Ana, CA: John Wayne Airport-Orange County",88.00,16.00,3.97,4.00,2.16,0.00,5.87,1.00,0.00,1075.00,522.00,145.00,89.00,0.00,319.00
2025,11,G4,Allegiant Air,SPI,"Springfield, IL: Abraham Lincoln Capital",9.00,0.00,0.00,0.00,0.00,0.00,0.00,0.00,0.00,0.00,0.00,0.00,0.00,0.00,0.00
2025,11,G4,Allegiant Air,SRQ,"Sarasota/Bradenton, FL: Sarasota/Bradenton International",290.00,52.00,7.48,2.17,23.68,0.00,18.68,1.00,1.00,4727.00,934.00,144.00,1545.00,0.00,2104.00
2025,11,G4,Allegiant Air,STC,"St. Cloud, MN: St. Cloud Regional",13.00,2.00,0.85,0.00,1.15,0.00,0.00,0.00,0.00,157.00,113.00,0.00,44.00,0.00,0.00
2025,11,G4,Allegiant Air,SWF,"Newburgh/Poughkeepsie, NY: New York Stewart International",49.00,11.00,5.20,0.71,4.45,0.00,0.64,0.00,0.00,790.00,468.00,17.00,287.00,0.00,18.00
2025,11,G4,Allegiant Air,SYR,"Syracuse, NY: Syracuse Hancock International",51.00,13.00,2.43,0.39,6.17,0.00,4.01,0.00,0.00,610.00,91.00,12.00,230.00,0.00,277.00
2025,11,G4,Allegiant Air,TOL,"Toledo, OH: Eugene F Kranz Toledo Express",31.00,6.00,0.59,0.00,1.81,0.00,3.60,0.00,0.00,404.00,50.00,0.00,93.00,0.00,261.00
2025,11,G4,Allegiant Air,TRI,"Bristol/Johnson City/Kingsport, TN: Tri Cities",9.00,4.00,0.76,0.64,0.36,0.00,2.25,0.00,0.00,370.00,42.00,21.00,13.00,0.00,294.00
2025,11,G4,Allegiant Air,TUL,"Tulsa, OK: Tulsa International",18.00,1.00,0.16,0.00,0.11,0.00,0.74,0.00,0.00,38.00,6.00,0.00,4.00,0.00,28.00
2025,11,G4,Allegiant Air,TVC,"Traverse City, MI: Cherry Capital",27.00,4.00,2.00,0.00,0.11,0.00,1.89,0.00,0.00,82.00,43.00,0.00,2.00,0.00,37.00
2025,11,G4,Allegiant Air,TYS,"Knoxville, TN: McGhee Tyson",293.00,75.00,13.05,3.35,22.82,0.00,35.78,0.00,8.00,4498.00,711.00,252.00,1112.00,0.00,2423.00
2025,11,G4,Allegiant Air,USA,"Concord, NC: Concord Padgett Regional",63.00,23.00,8.45,0.21,4.20,0.20,9.93,1.00,0.00,1451.00,608.00,13.00,282.00,10.00,538.00
2025,11,G4,Allegiant Air,VPS,"Valparaiso, FL: Eglin AFB Destin Fort Walton Beach",109.00,20.00,1.16,2.01,7.66,0.00,9.17,1.00,0.00,2424.00,174.00,1070.00,448.00,0.00,732.00
2025,11,G4,Allegiant Air,XNA,"Fayetteville, AR: Northwest Arkansas National",54.00,6.00,1.85,0.00,2.51,0.00,1.64,0.00,0.00,354.00,192.00,0.00,119.00,0.00,43.00
2025,11,G7,GoJet Airlines LLC d/b/a United Express,ABE,"Allentown/Bethlehem/Easton, PA: Lehigh Valley International",88.00,32.00,11.83,0.00,3.70,0.00,16.47,6.00,1.00,3167.00,1341.00,0.00,159.00,0.00,1667.00
2025,11,G7,GoJet Airlines LLC d/b/a United Express,ATW,"Appleton, WI: Appleton International",113.00,42.00,11.62,0.06,6.55,0.00,23.77,7.00,1.00,4412.00,847.00,5.00,299.00,0.00,3261.00
2025,11,G7,GoJet Airlines LLC d/b/a United Express,AVL,"Asheville, NC: Asheville Regional",30.00,9.00,2.13,0.00,1.10,0.00,5.76,6.00,0.00,786.00,266.00,0.00,45.00,0.00,475.00
2025,11,G7,GoJet Airlines LLC d/b/a United Express,AVP,"Scranton/Wilkes-Barre, PA: Wilkes Barre Scranton International",59.00,16.00,5.17,0.00,1.58,0.00,9.25,6.00,0.00,1640.00,329.00,0.00,103.00,0.00,1208.00
2025,11,G7,GoJet Airlines LLC d/b/a United Express,BGR,"Bangor, ME: Bangor International",54.00,21.00,3.58,0.61,6.71,0.00,10.10,4.00,1.00,3239.00,403.00,11.00,286.00,0.00,2539.00
2025,11,G7,GoJet Airlines LLC d/b/a United Express,BHM,"Birmingham, AL: Birmingham-Shuttlesworth International",90.00,29.00,11.47,0.01,5.38,0.00,12.14,5.00,0.00,3461.00,1199.00,5.00,374.00,0.00,1883.00
2025,11,G7,GoJet Airlines LLC d/b/a United Express,BTV,"Burlington, VT: Patrick Leahy Burlington International",148.00,44.00,13.14,0.00,9.65,0.00,21.21,6.00,1.00,5040.00,1114.00,0.00,508.00,0.00,3418.00
2025,11,G7,GoJet Airlines LLC d/b/a United Express,BUF,"Buffalo, NY: Buffalo Niagara International",72.00,27.00,5.78,0.09,4.55,0.00,16.57,10.00,0.00,2450.00,343.00,30.00,276.00,0.00,1801.00
2025,11,G7,GoJet Airlines LLC d/b/a United Express,CHA,"Chattanooga, TN: Lovell Field",88.00,35.00,10.78,0.00,6.74,0.00,17.49,4.00,0.00,4963.00,1834.00,0.00,303.00,0.00,2826.00
2025,11,G7,GoJet Airlines LLC d/b/a United Express,CID,"Cedar Rapids/Iowa City, IA: The Eastern Iowa",120.00,35.00,9.21,2.71,7.95,0.00,15.12,11.00,0.00,2718.00,539.00,88.00,439.00,0.00,1652.00
2025,11,G7,GoJet Airlines LLC d/b/a United Express,CLE,"Cleveland, OH: Cleveland-Hopkins International",17.00,3.00,0.00,0.00,1.24,0.00,1.76,0.00,0.00,125.00,0.00,0.00,26.00,0.00,99.00
2025,11,G7,GoJet Airlines LLC d/b/a United Express,CLT,"Charlotte, NC: Charlotte Douglas International",5.00,1.00,0.00,0.00,1.00,0.00,0.00,0.00,0.00,105.00,0.00,0.00,105.00,0.00,0.00
2025,11,G7,GoJet Airlines LLC d/b/a United Express,CMH,"Columbus, OH: John Glenn Columbus International",6.00,2.00,0.01,0.00,0.00,0.00,1.99,1.00,0.00,212.00,2.00,0.00,0.00,0.00,210.00
2025,11,G7,GoJet Airlines LLC d/b/a United Express,CVG,"Cincinnati, OH: Cincinnati/Northern Kentucky International",112.00,33.00,9.77,0.00,7.44,0.00,15.80,14.00,1.00,3331.00,673.00,0.00,304.00,0.00,2354.00
2025,11,G7,GoJet Airlines LLC d/b/a United Express,DAY,"Dayton, OH: James M Cox/Dayton International",79.00,19.00,6.06,0.00,1.92,0.00,11.02,4.00,0.00,1290.00,339.00,0.00,70.00,0.00,881.00
2025,11,G7,GoJet Airlines LLC d/b/a United Express,DCA,"Washington, DC: Ronald Reagan Washington National",240.00,110.00,13.98,0.00,61.06,0.00,34.96,44.00,1.00,10259.00,1453.00,0.00,3548.00,0.00,5258.00
2025,11,G7,GoJet Airlines LLC d/b/a United Express,EWR,"Newark, NJ: Newark Liberty International",958.00,302.00,36.27,2.82,122.29,0.00,140.62,113.00,0.00,39937.00,4423.00,141.00,11949.00,0.00,23424.00
2025,11,G7,GoJet Airlines LLC d/b/a United Express,FSD,"Sioux Falls, SD: Joe Foss Field",59.00,15.00,2.37,0.00,4.15,0.00,8.48,3.00,0.00,1726.00,580.00,0.00,240.00,0.00,906.00
2025,11,G7,GoJet Airlines LLC d/b/a United Express,GRB,"Green Bay, WI: Green Bay Austin Straubel International",49.00,25.00,4.89,0.74,6.06,0.00,13.31,2.00,0.00,2505.00,358.00,131.00,314.00,0.00,1702.00
2025,11,G7,GoJet Airlines LLC d/b/a United Express,GRR,"Grand Rapids, MI: Gerald R. Ford International",29.00,10.00,1.78,0.45,0.71,0.00,7.05,1.00,0.00,1256.00,414.00,75.00,69.00,0.00,698.00
2025,11,G7,GoJet Airlines LLC d/b/a United Express,GSO,"Greensboro/High Point, NC: Piedmont Triad International",61.00,24.00,2.78,0.00,4.51,0.00,16.71,3.00,0.00,2949.00,237.00,0.00,393.00,0.00,2319.00
2025,11,G7,GoJet Airlines LLC d/b/a United Express,GSP,"Greer, SC: Greenville-Spartanburg International",62.00,19.00,2.51,0.00,4.97,0.00,11.52,4.00,0.00,1538.00,131.00,0.00,244.00,0.00,1163.00
2025,11,G7,GoJet Airlines LLC d/b/a United Express,HSV,"Huntsville, AL: Huntsville International-Carl T Jones Field",3.00,2.00,1.00,0.00,0.00,0.00,1.00,0.00,0.00,268.00,53.00,0.00,0.00,0.00,215.00
2025,11,G7,GoJet Airlines LLC d/b/a United Express,IAD,"Washington, DC: Washington Dulles International",693.00,187.00,41.48,1.66,70.43,0.00,73.43,22.00,1.00,18863.00,4521.00,213.00,3636.00,0.00,10493.00
2025,11,G7,GoJet Airlines LLC d/b/a United Express,ICT,"Wichita, KS: Wichita Dwight D Eisenhower National",31.00,10.00,2.78,0.00,1.79,0.00,5.43,5.00,0.00,1096.00,250.00,0.00,101.00,0.00,745.00
2025,11,G7,GoJet Airlines LLC d/b/a United Express,LEX,"Lexington, KY: Blue Grass",62.00,18.00,4.43,0.09,2.71,0.00,10.77,4.00,2.00,3968.00,289.00,37.00,155.00,0.00,3487.00
2025,11,G7,GoJet Airlines LLC d/b/a United Express,LIT,"Little Rock, AR: Bill and Hillary Clinton Nat Adams Field",59.00,18.00,5.13,0.91,0.45,0.00,11.51,3.00,0.00,2259.00,369.00,587.00,25.00,0.00,1278.00
2025,11,G7,GoJet Airlines LLC d/b/a United Express,MDT,"Harrisburg, PA: Harrisburg International",68.00,22.00,9.36,0.00,2.12,0.00,10.52,2.00,0.00,2804.00,802.00,0.00,120.00,0.00,1882.00
2025,11,G7,GoJet Airlines LLC d/b/a United Express,MEM,"Memphis, TN: Memphis International",24.00,7.00,1.87,0.00,0.39,0.00,4.74,5.00,0.00,730.00,151.00,0.00,47.00,0.00,532.00
2025,11,G7,GoJet Airlines LLC d/b/a United Express,MSN,"Madison, WI: Dane County Regional-Truax Field",30.00,9.00,2.15,0.00,2.15,0.00,4.70,4.00,0.00,799.00,137.00,0.00,101.00,0.00,561.00
2025,11,G7,GoJet Airlines LLC d/b/a United Express,OMA,"Omaha, NE: Eppley Airfield",1.00,1.00,1.00,0.00,0.00,0.00,0.00,0.00,0.00,31.00,31.00,0.00,0.00,0.00,0.00
2025,11,G7,GoJet Airlines LLC d/b/a United Express,ORD,"Chicago, IL: Chicago O'Hare International",1844.00,564.00,86.01,14.46,240.24,0.00,223.29,136.00,5.00,72070.00,10952.00,4294.00,22378.00,0.00,34446.00
2025,11,G7,GoJet Airlines LLC d/b/a United Express,ORF,"Norfolk, VA: Norfolk International",43.00,14.00,2.25,0.00,2.47,0.00,9.29,7.00,0.00,1601.00,258.00,0.00,178.00,0.00,1165.00
2025,11,G7,GoJet Airlines LLC d/b/a United Express,PHL,"Philadelphia, PA: Philadelphia International",27.00,4.00,0.12,0.00,1.65,0.00,2.23,5.00,0.00,606.00,21.00,0.00,33.00,0.00,552.00
2025,11,G7,GoJet Airlines LLC d/b/a United Express,PIA,"Peoria, IL: General Downing - Peoria International",60.00,26.00,6.57,0.00,7.63,0.00,11.80,3.00,0.00,3595.00,624.00,0.00,349.00,0.00,2622.00
2025,11,G7,GoJet Airlines LLC d/b/a United Express,PIT,"Pittsburgh, PA: Pittsburgh International",82.00,24.00,6.56,1.00,6.30,0.00,10.14,12.00,0.00,3109.00,434.00,101.00,320.00,0.00,2254.00
2025,11,G7,GoJet Airlines LLC d/b/a United Express,PVD,"Providence, RI: Rhode Island Tf Green International",46.00,7.00,1.78,0.00,1.03,0.00,4.19,4.00,0.00,853.00,144.00,0.00,58.00,0.00,651.00
2025,11,G7,GoJet Airlines LLC d/b/a United Express,PWM,"Portland, ME: Portland International Jetport",113.00,28.00,7.24,1.00,6.37,0.00,13.40,4.00,0.00,4472.00,651.00,71.00,293.00,0.00,3457.00
2025,11,G7,GoJet Airlines LLC d/b/a United Express,RDU,"Raleigh/Durham, NC: Raleigh-Durham International",1.00,0.00,0.00,0.00,0.00,0.00,0.00,0.00,0.00,0.00,0.00,0.00,0.00,0.00,0.00
2025,11,G7,GoJet Airlines LLC d/b/a United Express,RIC,"Richmond, VA: Richmond International",201.00,78.00,22.09,0.00,13.39,0.00,42.52,8.00,0.00,10126.00,2282.00,0.00,671.00,0.00,7173.00
2025,11,G7,GoJet Airlines LLC d/b/a United Express,ROA,"Roanoke, VA: Roanoke Blacksburg Regional",61.00,30.00,8.02,1.45,7.45,0.00,13.07,4.00,0.00,3616.00,1378.00,436.00,359.00,0.00,1443.00
2025,11,G7,GoJet Airlines LLC d/b/a United Express,ROC,"Rochester, NY: Frederick Douglass Grtr Rochester International",126.00,32.00,12.26,0.00,5.35,0.00,14.39,5.00,0.00,2032.00,478.00,0.00,190.00,0.00,1364.00
2025,11,G7,GoJet Airlines LLC d/b/a United Express,SCE,"State College, PA: State College Regional",87.00,31.00,5.97,2.53,6.45,0.00,16.05,8.00,1.00,3430.00,494.00,423.00,324.00,0.00,2189.00
2025,11,G7,GoJet Airlines LLC d/b/a United Express,SDF,"Louisville, KY: Louisville Muhammad Ali International",63.00,16.00,2.51,0.00,4.23,0.00,9.26,10.00,0.00,1860.00,132.00,0.00,178.00,0.00,1550.00
2025,11,G7,GoJet Airlines LLC d/b/a United Express,SGF,"Springfield, MO: Springfield-Branson National",109.00,35.00,9.43,0.00,9.58,0.00,16.00,9.00,0.00,2874.00,432.00,0.00,501.00,0.00,1941.00
2025,11,G7,GoJet Airlines LLC d/b/a United Express,STL,"St. Louis, MO: St Louis Lambert International",210.00,70.00,25.75,1.08,12.71,0.00,30.46,8.00,0.00,9073.00,4629.00,108.00,585.00,0.00,3751.00
2025,11,G7,GoJet Airlines LLC d/b/a United Express,SYR,"Syracuse, NY: Syracuse Hancock International",86.00,21.00,6.95,0.97,2.62,0.00,10.46,1.00,1.00,1759.00,312.00,69.00,60.00,0.00,1318.00
2025,11,G7,GoJet Airlines LLC d/b/a United Express,TVC,"Traverse City, MI: Cherry Capital",59.00,15.00,4.16,0.04,3.13,0.00,7.66,3.00,0.00,1681.00,458.00,10.00,261.00,0.00,952.00
2025,11,G7,GoJet Airlines LLC d/b/a United Express,TYS,"Knoxville, TN: McGhee Tyson",84.00,30.00,8.27,0.16,6.08,0.00,15.49,5.00,0.00,3652.00,662.00,202.00,340.00,0.00,2448.00
2025,11,G7,GoJet Airlines LLC d/b/a United Express,XNA,"Fayetteville, AR: Northwest Arkansas National",117.00,31.00,9.74,0.00,4.86,0.00,16.40,8.00,0.00,3586.00,877.00,0.00,306.00,0.00,2403.00
2025,11,HA,Hawaiian Airlines Network,BOS,"Boston, MA: Logan International",12.00,4.00,3.00,0.00,0.00,0.00,1.00,0.00,0.00,138.00,121.00,0.00,0.00,0.00,17.00
2025,11,HA,Hawaiian Airlines Network,HNL,"Honolulu, HI: Daniel K Inouye International",2665.00,472.00,253.55,5.98,10.30,1.07,201.10,60.00,1.00,27341.00,16020.00,949.00,388.00,50.00,9934.00
2025,11,HA,Hawaiian Airlines Network,ITO,"Hilo, HI: Hilo International",391.00,62.00,41.38,1.89,1.00,2.15,15.58,5.00,1.00,2152.00,1352.00,41.00,16.00,54.00,689.00
2025,11,HA,Hawaiian Airlines Network,JFK,"New York, NY: John F. Kennedy International",30.00,5.00,2.00,0.00,0.00,0.00,3.00,0.00,0.00,273.00,130.00,0.00,0.00,0.00,143.00
2025,11,HA,Hawaiian Airlines Network,KOA,"Kona, HI: Ellison Onizuka Kona International at Keahole",574.00,75.00,55.09,0.00,1.00,1.67,17.25,11.00,1.00,2507.00,1843.00,0.00,19.00,52.00,593.00
2025,11,HA,Hawaiian Airlines Network,LAS,"Las Vegas, NV: Harry Reid International",144.00,43.00,32.48,0.09,0.00,0.72,9.70,1.00,0.00,2687.00,2084.00,13.00,0.00,16.00,574.00
2025,11,HA,Hawaiian Airlines Network,LAX,"Los Angeles, CA: Los Angeles International",148.00,67.00,49.44,2.31,1.00,1.00,13.25,1.00,0.00,3168.00,2493.00,63.00,16.00,26.00,570.00
2025,11,HA,Hawaiian Airlines Network,LGB,"Long Beach, CA: Long Beach Airport",60.00,14.00,12.60,0.00,0.00,0.00,1.40,0.00,0.00,347.00,302.00,0.00,0.00,0.00,45.00
2025,11,HA,Hawaiian Airlines Network,LIH,"Lihue, HI: Lihue Airport",681.00,92.00,53.46,2.35,0.00,1.43,34.76,17.00,1.00,2786.00,1472.00,73.00,0.00,40.00,1201.00
2025,11,HA,Hawaiian Airlines Network,OAK,"Oakland, CA: Oakland International",71.00,19.00,16.51,0.00,0.00,0.00,2.49,2.00,0.00,731.00,634.00,0.00,0.00,0.00,97.00
2025,11,HA,Hawaiian Airlines Network,OGG,"Kahului, HI: Kahului Airport",1054.00,120.00,85.92,0.00,0.81,0.00,33.27,22.00,0.00,5114.00,3778.00,0.00,27.00,0.00,1309.00
2025,11,HA,Hawaiian Airlines Network,PDX,"Portland, OR: Portland International",73.00,18.00,17.74,0.00,0.00,0.26,0.00,1.00,0.00,833.00,823.00,0.00,0.00,10.00,0.00
2025,11,HA,Hawaiian Airlines Network,PHX,"Phoenix, AZ: Phoenix Sky Harbor International",30.00,11.00,8.05,1.00,0.00,0.37,1.58,0.00,0.00,414.00,306.00,30.00,0.00,10.00,68.00
2025,11,HA,Hawaiian Airlines Network,PPG,"Pago Pago, TT: Pago Pago International",12.00,0.00,0.00,0.00,0.00,0.00,0.00,0.00,0.00,0.00,0.00,0.00,0.00,0.00,0.00
2025,11,HA,Hawaiian Airlines Network,SAN,"San Diego, CA: San Diego International",73.00,38.00,26.71,4.45,0.00,0.00,6.83,2.00,0.00,2368.00,1455.00,290.00,0.00,0.00,623.00
2025,11,HA,Hawaiian Airlines Network,SEA,"Seattle, WA: Seattle/Tacoma International",147.00,52.00,42.29,1.00,0.17,0.00,8.54,1.00,0.00,3667.00,2706.00,30.00,5.00,0.00,926.00
2025,11,HA,Hawaiian Airlines Network,SFO,"San Francisco, CA: San Francisco International",81.00,22.00,17.95,0.00,0.00,0.55,3.51,2.00,2.00,1249.00,1135.00,0.00,0.00,12.00,102.00
2025,11,HA,Hawaiian Airlines Network,SJC,"San Jose, CA: Norman Y. Mineta San Jose International",60.00,15.00,9.71,0.00,0.00,0.00,5.29,0.00,0.00,594.00,463.00,0.00,0.00,0.00,131.00
2025,11,HA,Hawaiian Airlines Network,SLC,"Salt Lake City, UT: Salt Lake City International",30.00,7.00,4.01,2.70,0.00,0.00,0.29,0.00,1.00,274.00,115.00,152.00,0.00,0.00,7.00
2025,11,HA,Hawaiian Airlines Network,SMF,"Sacramento, CA: Sacramento International",90.00,24.00,21.29,0.00,0.00,0.30,2.41,0.00,0.00,786.00,664.00,0.00,0.00,14.00,108.00
2025,11,MQ,Envoy Air,ABI,"Abilene, TX: Abilene Regional",142.00,23.00,6.55,1.18,6.74,0.00,8.54,6.00,0.00,1310.00,209.00,90.00,419.00,0.00,592.00
2025,11,MQ,Envoy Air,ABQ,"Albuquerque, NM: Albuquerque International Sunport",60.00,17.00,4.54,2.35,3.62,0.00,6.48,1.00,0.00,1137.00,232.00,145.00,271.00,0.00,489.00
2025,11,MQ,Envoy Air,ACT,"Waco, TX: Waco Regional",30.00,3.00,1.01,0.00,1.29,0.00,0.70,5.00,0.00,81.00,34.00,0.00,29.00,0.00,18.00
2025,11,MQ,Envoy Air,AEX,"Alexandria, LA: Alexandria International",85.00,9.00,1.40,1.37,4.35,0.00,1.87,7.00,0.00,573.00,44.00,238.00,205.00,0.00,86.00
2025,11,MQ,Envoy Air,ALB,"Albany, NY: Albany International",50.00,9.00,0.48,0.78,4.18,0.00,3.56,2.00,0.00,418.00,22.00,49.00,166.00,0.00,181.00
2025,11,MQ,Envoy Air,ALO,"Waterloo, IA: Waterloo Regional",54.00,10.00,0.26,1.38,0.29,0.00,8.07,3.00,1.00,683.00,29.00,87.00,31.00,0.00,536.00
2025,11,MQ,Envoy Air,AMA,"Amarillo, TX: Rick Husband Amarillo International",125.00,14.00,1.14,1.00,6.53,0.00,5.33,8.00,1.00,987.00,31.00,312.00,261.00,0.00,383.00
2025,11,MQ,Envoy Air,ATL,"Atlanta, GA: Hartsfield-Jackson Atlanta International",121.00,16.00,2.95,1.63,3.24,0.00,8.18,4.00,0.00,1079.00,150.00,148.00,229.00,0.00,552.00
2025,11,MQ,Envoy Air,ATW,"Appleton, WI: Appleton International",169.00,31.00,10.13,1.78,5.99,0.00,13.11,11.00,2.00,1790.00,432.00,156.00,287.00,0.00,915.00
2025,11,MQ,Envoy Air,AUS,"Austin, TX: Austin - Bergstrom International",10.00,2.00,0.86,0.00,0.57,0.00,0.57,1.00,0.00,89.00,51.00,0.00,20.00,0.00,18.00
2025,11,MQ,Envoy Air,AVL,"Asheville, NC: Asheville Regional",90.00,12.00,1.73,0.49,7.66,0.00,2.12,3.00,0.00,578.00,47.00,31.00,322.00,0.00,178.00
2025,11,MQ,Envoy Air,AVP,"Scranton/Wilkes-Barre, PA: Wilkes Barre Scranton International",51.00,8.00,0.83,0.71,1.63,0.00,4.83,3.00,0.00,961.00,85.00,77.00,247.00,0.00,552.00
2025,11,MQ,Envoy Air,AZO,"Kalamazoo, MI: Kalamazoo/Battle Creek International",87.00,10.00,3.04,1.18,1.78,0.00,4.00,12.00,0.00,637.00,90.00,50.00,133.00,0.00,364.00
2025,11,MQ,Envoy Air,BDL,"Hartford, CT: Bradley International",2.00,1.00,0.00,0.14,0.72,0.00,0.14,0.00,0.00,43.00,0.00,6.00,31.00,0.00,6.00
2025,11,MQ,Envoy Air,BGR,"Bangor, ME: Bangor International",1.00,0.00,0.00,0.00,0.00,0.00,0.00,0.00,0.00,0.00,0.00,0.00,0.00,0.00,0.00
2025,11,MQ,Envoy Air,BHM,"Birmingham, AL: Birmingham-Shuttlesworth International",168.00,19.00,3.19,2.28,6.08,0.00,7.45,7.00,0.00,1767.00,596.00,364.00,320.00,0.00,487.00
2025,11,MQ,Envoy Air,BIL,"Billings, MT: Billings Logan International",60.00,7.00,0.68,0.01,4.34,0.00,1.96,0.00,0.00,409.00,15.00,1.00,126.00,0.00,267.00
2025,11,MQ,Envoy Air,BIS,"Bismarck/Mandan, ND: Bismarck Municipal",87.00,14.00,1.40,1.73,8.72,0.00,2.15,1.00,0.00,660.00,71.00,88.00,354.00,0.00,147.00
2025,11,MQ,Envoy Air,BMI,"Bloomington/Normal, IL: Central Il Regional Airport at Bloomington",145.00,21.00,1.16,2.63,5.56,0.00,11.65,14.00,0.00,1185.00,41.00,129.00,319.00,0.00,696.00
2025,11,MQ,Envoy Air,BNA,"Nashville, TN: Nashville International",164.00,42.00,7.45,1.84,13.60,0.73,18.38,4.00,0.00,3128.00,358.00,115.00,1611.00,36.00,1008.00
2025,11,MQ,Envoy Air,BOI,"Boise, ID: Boise Air Terminal",40.00,9.00,1.80,1.20,4.46,0.00,1.54,0.00,1.00,548.00,62.00,122.00,203.00,0.00,161.00
2025,11,MQ,Envoy Air,BOS,"Boston, MA: Logan International",142.00,18.00,3.45,1.29,4.60,0.00,8.67,7.00,2.00,1534.00,188.00,419.00,246.00,0.00,681.00
2025,11,MQ,Envoy Air,BRO,"Brownsville, TX: Brownsville South Padre Island International",126.00,16.00,5.37,0.66,4.28,0.00,5.68,10.00,0.00,934.00,247.00,47.00,146.00,0.00,494.00
2025,11,MQ,Envoy Air,BTR,"Baton Rouge, LA: Baton Rouge Metropolitan/Ryan Field",27.00,2.00,1.00,0.00,1.00,0.00,0.00,1.00,0.00,115.00,48.00,0.00,67.00,0.00,0.00
2025,11,MQ,Envoy Air,BUF,"Buffalo, NY: Buffalo Niagara International",83.00,15.00,1.42,1.67,8.83,0.00,3.08,4.00,0.00,897.00,64.00,141.00,347.00,0.00,345.00
2025,11,MQ,Envoy Air,BUR,"Burbank, CA: Bob Hope",20.00,2.00,0.06,0.42,0.58,0.00,0.94,1.00,1.00,115.00,4.00,19.00,26.00,0.00,66.00
2025,11,MQ,Envoy Air,BWI,"Baltimore, MD: Baltimore/Washington International Thurgood Marshall",136.00,16.00,3.91,2.08,3.89,1.00,5.12,11.00,0.00,1047.00,201.00,253.00,182.00,42.00,369.00
2025,11,MQ,Envoy Air,CAE,"Columbia, SC: Columbia Metropolitan",41.00,3.00,1.72,0.43,0.28,0.00,0.57,1.00,0.00,101.00,69.00,9.00,11.00,0.00,12.00
2025,11,MQ,Envoy Air,CHS,"Charleston, SC: Charleston AFB/International",141.00,22.00,6.39,2.24,9.81,0.00,3.56,2.00,0.00,897.00,189.00,133.00,378.00,0.00,197.00
2025,11,MQ,Envoy Air,CID,"Cedar Rapids/Iowa City, IA: The Eastern Iowa",137.00,40.00,11.44,7.21,9.56,0.00,11.79,7.00,0.00,4068.00,554.00,1991.00,431.00,0.00,1092.00
2025,11,MQ,Envoy Air,CLD,"Carlsbad, CA: McClellan-Palomar",60.00,11.00,1.78,0.86,1.74,0.00,6.62,1.00,1.00,508.00,51.00,61.00,79.00,0.00,317.00
2025,11,MQ,Envoy Air,CLE,"Cleveland, OH: Cleveland-Hopkins International",152.00,33.00,10.40,4.02,8.17,0.00,10.41,9.00,0.00,2219.00,439.00,288.00,720.00,0.00,772.00
2025,11,MQ,Envoy Air,CLL,"College Station/Bryan, TX: Easterwood Field",113.00,11.00,2.49,1.14,3.71,0.00,3.65,5.00,1.00,507.00,184.00,58.00,129.00,0.00,136.00
2025,11,MQ,Envoy Air,CLT,"Charlotte, NC: Charlotte Douglas International",469.00,53.00,14.92,3.63,15.59,0.00,18.86,7.00,0.00,2916.00,960.00,150.00,718.00,0.00,1088.00
2025,11,MQ,Envoy Air,CMH,"Columbus, OH: John Glenn Columbus International",270.00,50.00,11.30,4.59,11.23,0.00,22.88,3.00,1.00,3520.00,461.00,559.00,561.00,0.00,1939.00
2025,11,MQ,Envoy Air,CMI,"Champaign/Urbana, IL: University of Illinois/Willard",163.00,28.00,4.92,2.93,6.89,0.00,13.26,13.00,1.00,1867.00,145.00,198.00,500.00,0.00,1024.00
2025,11,MQ,Envoy Air,COS,"Colorado Springs, CO: City of Colorado Springs Municipal",4.00,1.00,0.00,0.00,1.00,0.00,0.00,0.00,0.00,36.00,0.00,0.00,36.00,0.00,0.00
2025,11,MQ,Envoy Air,COU,"Columbia, MO: Columbia Regional",209.00,40.00,6.32,2.77,13.33,0.00,17.57,13.00,2.00,2355.00,352.00,398.00,509.00,0.00,1096.00
2025,11,MQ,Envoy Air,CRP,"Corpus Christi, TX: Corpus Christi International",109.00,12.00,1.56,1.66,5.33,0.00,3.45,3.00,0.00,647.00,102.00,94.00,248.00,0.00,203.00
2025,11,MQ,Envoy Air,CVG,"Cincinnati, OH: Cincinnati/Northern Kentucky International",209.00,46.00,5.91,3.53,11.88,0.00,24.69,8.00,0.00,2831.00,375.00,235.00,604.00,0.00,1617.00
2025,11,MQ,Envoy Air,CWA,"Mosinee, WI: Central Wisconsin",89.00,20.00,5.76,2.21,6.08,0.00,5.95,6.00,0.00,1224.00,181.00,192.00,307.00,0.00,544.00
2025,11,MQ,Envoy Air,DAY,"Dayton, OH: James M Cox/Dayton International",81.00,14.00,2.00,1.17,5.98,0.00,4.85,3.00,0.00,1269.00,130.00,128.00,444.00,0.00,567.00
2025,11,MQ,Envoy Air,DCA,"Washington, DC: Ronald Reagan Washington National",386.00,95.00,11.79,0.64,61.36,0.40,20.81,10.00,2.00,5650.00,733.00,49.00,3468.00,36.00,1364.00
2025,11,MQ,Envoy Air,DEN,"Denver, CO: Denver International",15.00,4.00,1.71,0.00,0.76,0.00,1.54,1.00,0.00,270.00,87.00,0.00,53.00,0.00,130.00
2025,11,MQ,Envoy Air,DFW,"Dallas/Fort Worth, TX: Dallas/Fort Worth International",4698.00,699.00,118.25,75.22,303.13,1.77,200.62,213.00,7.00,51177.00,9403.00,9815.00,16631.00,85.00,15243.00
2025,11,MQ,Envoy Air,DSM,"Des Moines, IA: Des Moines International",86.00,16.00,4.39,0.72,5.39,0.00,5.50,2.00,1.00,904.00,194.00,106.00,195.00,0.00,409.00
2025,11,MQ,Envoy Air,DTW,"Detroit, MI: Detroit Metro Wayne County",37.00,4.00,2.00,1.00,0.09,0.00,0.91,3.00,0.00,216.00,97.00,84.00,3.00,0.00,32.00
2025,11,MQ,Envoy Air,ECP,"Panama City, FL: Northwest Florida Beaches International",65.00,8.00,3.13,0.00,4.00,0.00,0.87,1.00,1.00,403.00,238.00,0.00,129.00,0.00,36.00
2025,11,MQ,Envoy Air,ELP,"El Paso, TX: El Paso International",151.00,27.00,6.91,2.56,3.64,0.00,13.89,5.00,0.00,1673.00,433.00,174.00,245.00,0.00,821.00
2025,11,MQ,Envoy Air,EVV,"Evansville, IN: Evansville Regional",146.00,21.00,5.38,3.25,3.76,0.00,8.60,8.00,0.00,1179.00,189.00,221.00,228.00,0.00,541.00
2025,11,MQ,Envoy Air,EWR,"Newark, NJ: Newark Liberty International",59.00,9.00,2.00,0.40,4.31,0.00,2.29,9.00,0.00,653.00,91.00,19.00,371.00,0.00,172.00
2025,11,MQ,Envoy Air,EYW,"Key West, FL: Key West International",214.00,35.00,6.30,0.64,13.78,0.00,14.28,7.00,0.00,1843.00,241.00,61.00,593.00,0.00,948.00
2025,11,MQ,Envoy Air,FAR,"Fargo, ND: Hector International",183.00,31.00,7.57,1.25,12.49,0.00,9.69,6.00,1.00,1743.00,408.00,111.00,532.00,0.00,692.00
2025,11,MQ,Envoy Air,FAY,"Fayetteville, NC: Fayetteville Regional/Grannis Field",1.00,0.00,0.00,0.00,0.00,0.00,0.00,0.00,0.00,0.00,0.00,0.00,0.00,0.00,0.00
2025,11,MQ,Envoy Air,FCA,"Kalispell, MT: Glacier Park International",1.00,0.00,0.00,0.00,0.00,0.00,0.00,0.00,0.00,0.00,0.00,0.00,0.00,0.00,0.00
2025,11,MQ,Envoy Air,FSD,"Sioux Falls, SD: Joe Foss Field",87.00,16.00,3.38,0.00,6.13,0.00,6.49,4.00,0.00,554.00,95.00,0.00,156.00,0.00,303.00
2025,11,MQ,Envoy Air,FSM,"Fort Smith, AR: Fort Smith Regional",98.00,14.00,3.94,1.06,4.54,0.00,4.47,9.00,0.00,815.00,181.00,67.00,260.00,0.00,307.00
2025,11,MQ,Envoy Air,FWA,"Fort Wayne, IN: Fort Wayne International",30.00,3.00,0.52,0.00,1.48,0.00,1.00,2.00,0.00,87.00,26.00,0.00,45.00,0.00,16.00
2025,11,MQ,Envoy Air,GCK,"Garden City, KS: Garden City Regional",2.00,1.00,1.00,0.00,0.00,0.00,0.00,0.00,0.00,37.00,37.00,0.00,0.00,0.00,0.00
2025,11,MQ,Envoy Air,GGG,"Longview, TX: East Texas Regional",59.00,4.00,0.94,0.00,0.44,0.00,2.62,5.00,0.00,174.00,66.00,0.00,10.00,0.00,98.00
2025,11,MQ,Envoy Air,GJT,"Grand Junction, CO: Grand Junction Regional",97.00,17.00,2.71,1.46,7.88,0.00,4.94,1.00,0.00,508.00,80.00,33.00,242.00,0.00,153.00
2025,11,MQ,Envoy Air,GNV,"Gainesville, FL: Gainesville Regional",93.00,10.00,1.17,1.07,3.62,0.00,4.14,1.00,0.00,623.00,66.00,81.00,153.00,0.00,323.00
2025,11,MQ,Envoy Air,GPT,"Gulfport/Biloxi, MS: Gulfport-Biloxi International",43.00,5.00,0.67,0.97,1.67,0.00,1.68,1.00,0.00,245.00,31.00,35.00,100.00,0.00,79.00
2025,11,MQ,Envoy Air,GRB,"Green Bay, WI: Green Bay Austin Straubel International",147.00,34.00,6.95,4.94,5.73,0.00,16.38,13.00,0.00,2515.00,337.00,642.00,286.00,0.00,1250.00
2025,11,MQ,Envoy Air,GRK,"Killeen, TX: Robert Gray AAF",145.00,18.00,2.75,3.00,5.42,0.00,6.83,10.00,0.00,1536.00,120.00,513.00,222.00,0.00,681.00
2025,11,MQ,Envoy Air,GRR,"Grand Rapids, MI: Gerald R. Ford International",140.00,23.00,3.84,3.13,4.52,0.00,11.52,12.00,1.00,1657.00,259.00,323.00,274.00,0.00,801.00
2025,11,MQ,Envoy Air,GSO,"Greensboro/High Point, NC: Piedmont Triad International",169.00,23.00,6.45,1.13,7.14,0.00,8.28,11.00,0.00,1585.00,248.00,125.00,312.00,0.00,900.00
2025,11,MQ,Envoy Air,GSP,"Greer, SC: Greenville-Spartanburg International",152.00,23.00,3.87,2.82,10.02,0.00,6.30,6.00,1.00,1342.00,240.00,190.00,381.00,0.00,531.00
2025,11,MQ,Envoy Air,HHH,"Hilton Head, SC: Hilton Head Airport",91.00,9.00,0.90,0.75,2.73,0.00,4.63,2.00,0.00,434.00,18.00,15.00,98.00,0.00,303.00
2025,11,MQ,Envoy Air,HOU,"Houston, TX: William P Hobby",39.00,3.00,0.00,0.02,1.12,0.00,1.86,4.00,0.00,169.00,0.00,2.00,36.00,0.00,131.00
2025,11,MQ,Envoy Air,HPN,"White Plains, NY: Westchester County",147.00,27.00,4.45,4.04,9.10,0.00,9.41,10.00,2.00,2158.00,242.00,507.00,521.00,0.00,888.00
2025,11,MQ,Envoy Air,HRL,"Harlingen/San Benito, TX: Valley International",107.00,14.00,2.72,1.81,6.03,0.00,3.44,3.00,0.00,800.00,118.00,116.00,218.00,0.00,348.00
2025,11,MQ,Envoy Air,HSV,"Huntsville, AL: Huntsville International-Carl T Jones Field",61.00,8.00,2.86,1.78,0.90,0.00,2.46,4.00,0.00,380.00,191.00,71.00,38.00,0.00,80.00
2025,11,MQ,Envoy Air,IAH,"Houston, TX: George Bush Intercontinental/Houston",72.00,11.00,3.06,0.54,3.24,0.00,4.16,2.00,0.00,482.00,128.00,38.00,115.00,0.00,201.00
2025,11,MQ,Envoy Air,ICT,"Wichita, KS: Wichita Dwight D Eisenhower National",187.00,32.00,8.78,2.12,6.79,0.00,14.30,13.00,0.00,1726.00,253.00,174.00,353.00,0.00,946.00
2025,11,MQ,Envoy Air,ILM,"Wilmington, NC: Wilmington International",6.00,2.00,0.75,0.00,1.08,0.00,0.17,1.00,0.00,137.00,56.00,0.00,68.00,0.00,13.00
2025,11,MQ,Envoy Air,IND,"Indianapolis, IN: Indianapolis International",4.00,0.00,0.00,0.00,0.00,0.00,0.00,0.00,0.00,0.00,0.00,0.00,0.00,0.00,0.00
2025,11,MQ,Envoy Air,JAN,"Jackson/Vicksburg, MS: Jackson Medgar Wiley Evers International",16.00,3.00,0.13,0.00,2.45,0.00,0.42,1.00,0.00,128.00,2.00,0.00,98.00,0.00,28.00
2025,11,MQ,Envoy Air,JAX,"Jacksonville, FL: Jacksonville International",100.00,10.00,1.01,0.06,3.50,0.00,5.43,5.00,0.00,577.00,50.00,2.00,154.00,0.00,371.00
2025,11,MQ,Envoy Air,LAN,"Lansing, MI: Capital Region International",59.00,16.00,3.03,1.76,2.96,0.00,8.25,3.00,0.00,756.00,125.00,113.00,79.00,0.00,439.00
2025,11,MQ,Envoy Air,LBB,"Lubbock, TX: Lubbock Preston Smith International",144.00,20.00,5.35,1.24,5.83,0.00,7.58,1.00,0.00,1267.00,178.00,92.00,400.00,0.00,597.00
2025,11,MQ,Envoy Air,LCH,"Lake Charles, LA: Lake Charles Regional",86.00,10.00,2.00,0.09,4.34,0.00,3.56,6.00,1.00,339.00,74.00,5.00,139.00,0.00,121.00
2025,11,MQ,Envoy Air,LEX,"Lexington, KY: Blue Grass",7.00,2.00,0.69,0.00,0.00,0.00,1.31,0.00,0.00,51.00,11.00,0.00,0.00,0.00,40.00
2025,11,MQ,Envoy Air,LFT,"Lafayette, LA: Lafayette Regional Paul Fournet Field",3.00,0.00,0.00,0.00,0.00,0.00,0.00,0.00,0.00,0.00,0.00,0.00,0.00,0.00,0.00
2025,11,MQ,Envoy Air,LIT,"Little Rock, AR: Bill and Hillary Clinton Nat Adams Field",281.00,55.00,11.78,2.16,20.92,0.00,20.13,10.00,0.00,2848.00,469.00,139.00,864.00,0.00,1376.00
2025,11,MQ,Envoy Air,LRD,"Laredo, TX: Laredo International",118.00,18.00,7.40,0.13,6.24,0.00,4.23,8.00,0.00,568.00,174.00,6.00,231.00,0.00,157.00
2025,11,MQ,Envoy Air,LSE,"La Crosse, WI: La Crosse Regional",89.00,10.00,3.55,0.30,1.17,0.00,4.98,12.00,0.00,891.00,234.00,34.00,93.00,0.00,530.00
2025,11,MQ,Envoy Air,MAF,"Midland/Odessa, TX: Midland International Air and Space Port",200.00,26.00,8.47,2.39,7.22,0.00,7.92,8.00,1.00,1399.00,389.00,128.00,359.00,0.00,523.00
2025,11,MQ,Envoy Air,MCI,"Kansas City, MO: Kansas City International",90.00,19.00,3.93,0.56,3.64,0.00,10.87,5.00,0.00,1117.00,223.00,53.00,147.00,0.00,694.00
2025,11,MQ,Envoy Air,MDT,"Harrisburg, PA: Harrisburg International",108.00,18.00,3.29,2.06,7.32,0.00,5.32,6.00,0.00,947.00,109.00,147.00,362.00,0.00,329.00
2025,11,MQ,Envoy Air,MEM,"Memphis, TN: Memphis International",104.00,17.00,4.04,1.27,4.99,0.00,6.71,9.00,0.00,770.00,148.00,107.00,146.00,0.00,369.00
2025,11,MQ,Envoy Air,MFE,"Mission/McAllen/Edinburg, TX: McAllen International",38.00,3.00,0.00,0.00,2.25,0.00,0.75,1.00,0.00,66.00,0.00,0.00,50.00,0.00,16.00
2025,11,MQ,Envoy Air,MFR,"Medford, OR: Rogue Valley International - Medford",60.00,10.00,1.66,0.00,4.25,0.00,4.08,1.00,0.00,430.00,45.00,0.00,120.00,0.00,265.00
2025,11,MQ,Envoy Air,MGM,"Montgomery, AL: Montgomery Regional",1.00,0.00,0.00,0.00,0.00,0.00,0.00,0.00,0.00,0.00,0.00,0.00,0.00,0.00,0.00
2025,11,MQ,Envoy Air,MHK,"Manhattan/Ft. Riley, KS: Manhattan Regional",84.00,13.00,4.48,0.31,6.23,0.00,1.99,3.00,0.00,461.00,133.00,19.00,184.00,0.00,125.00
2025,11,MQ,Envoy Air,MHT,"Manchester, NH: Manchester Boston Regional",1.00,0.00,0.00,0.00,0.00,0.00,0.00,0.00,0.00,0.00,0.00,0.00,0.00,0.00,0.00
2025,11,MQ,Envoy Air,MIA,"Miami, FL: Miami International",1371.00,210.00,49.02,6.06,66.66,0.00,88.27,48.00,0.00,14174.00,3853.00,1155.00,2735.00,0.00,6431.00
2025,11,MQ,Envoy Air,MKE,"Milwaukee, WI: General Mitchell International",2.00,0.00,0.00,0.00,0.00,0.00,0.00,0.00,0.00,0.00,0.00,0.00,0.00,0.00,0.00
2025,11,MQ,Envoy Air,MLI,"Moline, IL: Quad Cities International",89.00,15.00,4.05,0.91,5.00,0.00,5.05,5.00,0.00,702.00,161.00,22.00,251.00,0.00,268.00
2025,11,MQ,Envoy Air,MLU,"Monroe, LA: Monroe Regional",87.00,16.00,8.25,0.23,2.51,0.00,5.01,4.00,1.00,908.00,455.00,7.00,100.00,0.00,346.00
2025,11,MQ,Envoy Air,MOB,"Mobile, AL: Mobile Regional",95.00,7.00,2.49,0.13,1.94,0.00,2.44,6.00,1.00,220.00,58.00,7.00,54.00,0.00,101.00
2025,11,MQ,Envoy Air,MQT,"Marquette, MI: Marquette Sawyer Regional",59.00,8.00,0.62,0.63,1.33,0.00,5.41,4.00,0.00,2002.00,17.00,417.00,173.00,0.00,1395.00
2025,11,MQ,Envoy Air,MRY,"Monterey, CA: Monterey Regional",40.00,6.00,1.00,0.00,1.65,1.00,2.35,3.00,1.00,264.00,78.00,0.00,52.00,29.00,105.00
2025,11,MQ,Envoy Air,MSN,"Madison, WI: Dane County Regional-Truax Field",59.00,12.00,2.58,1.71,3.58,0.00,4.12,4.00,1.00,855.00,196.00,146.00,256.00,0.00,257.00
2025,11,MQ,Envoy Air,MSO,"Missoula, MT: Missoula Montana",30.00,6.00,0.00,1.05,3.19,0.00,1.76,0.00,0.00,164.00,0.00,43.00,60.00,0.00,61.00
2025,11,MQ,Envoy Air,MSP,"Minneapolis, MN: Minneapolis-St Paul International",107.00,24.00,8.25,2.32,6.67,0.00,6.76,7.00,0.00,1186.00,246.00,155.00,350.00,0.00,435.00
2025,11,MQ,Envoy Air,MSY,"New Orleans, LA: Louis Armstrong New Orleans International",59.00,4.00,1.48,0.00,1.39,0.00,1.12,4.00,0.00,157.00,74.00,0.00,32.00,0.00,51.00
2025,11,MQ,Envoy Air,MTJ,"Montrose/Delta, CO: Montrose Regional",29.00,5.00,1.52,0.00,2.49,0.00,0.99,0.00,0.00,166.00,32.00,0.00,52.00,0.00,82.00
2025,11,MQ,Envoy Air,MYR,"Myrtle Beach, SC: Myrtle Beach International",2.00,0.00,0.00,0.00,0.00,0.00,0.00,0.00,0.00,0.00,0.00,0.00,0.00,0.00,0.00
2025,11,MQ,Envoy Air,OKC,"Oklahoma City, OK: Okc Will Rogers International",54.00,2.00,0.00,1.00,1.00,0.00,0.00,1.00,0.00,210.00,0.00,188.00,22.00,0.00,0.00
2025,11,MQ,Envoy Air,OMA,"Omaha, NE: Eppley Airfield",137.00,20.00,2.82,2.00,9.51,0.00,5.66,7.00,0.00,1135.00,188.00,148.00,434.00,0.00,365.00
2025,11,MQ,Envoy Air,ORD,"Chicago, IL: Chicago O'Hare International",4377.00,947.00,114.07,38.20,463.62,0.21,330.90,292.00,2.00,78568.00,9442.00,8023.00,29297.00,4.00,31802.00
2025,11,MQ,Envoy Air,ORF,"Norfolk, VA: Norfolk International",62.00,10.00,2.74,0.98,2.18,0.00,4.11,2.00,0.00,359.00,73.00,45.00,81.00,0.00,160.00
2025,11,MQ,Envoy Air,PHX,"Phoenix, AZ: Phoenix Sky Harbor International",951.00,195.00,28.81,14.07,90.16,0.00,61.96,37.00,1.00,15032.00,3021.00,1317.00,4388.00,0.00,6306.00
2025,11,MQ,Envoy Air,PIA,"Peoria, IL: General Downing - Peoria International",133.00,24.00,5.46,1.79,4.91,0.00,11.84,14.00,0.00,1385.00,210.00,178.00,298.00,0.00,699.00
2025,11,MQ,Envoy Air,PIT,"Pittsburgh, PA: Pittsburgh International",27.00,3.00,1.35,0.00,1.00,0.00,0.65,0.00,0.00,104.00,72.00,0.00,21.00,0.00,11.00
2025,11,MQ,Envoy Air,PNS,"Pensacola, FL: Pensacola International",139.00,21.00,2.47,3.70,5.93,0.00,8.90,7.00,1.00,1016.00,125.00,374.00,257.00,0.00,260.00
2025,11,MQ,Envoy Air,PSP,"Palm Springs, CA: Palm Springs International",4.00,3.00,2.00,0.00,1.00,0.00,0.00,0.00,0.00,146.00,67.00,0.00,79.00,0.00,0.00
2025,11,MQ,Envoy Air,RAP,"Rapid City, SD: Rapid City Regional",60.00,12.00,1.24,1.23,5.87,0.00,3.67,1.00,0.00,614.00,130.00,99.00,205.00,0.00,180.00
2025,11,MQ,Envoy Air,RDM,"Bend/Redmond, OR: Roberts Field",54.00,7.00,1.72,0.00,1.00,0.00,4.28,1.00,1.00,171.00,37.00,0.00,26.00,0.00,108.00
2025,11,MQ,Envoy Air,RDU,"Raleigh/Durham, NC: Raleigh-Durham International",83.00,16.00,3.41,1.00,4.74,1.00,5.84,1.00,0.00,1074.00,280.00,45.00,241.00,110.00,398.00
2025,11,MQ,Envoy Air,RIC,"Richmond, VA: Richmond International",27.00,2.00,1.00,0.00,0.00,0.00,1.00,0.00,0.00,79.00,55.00,0.00,0.00,0.00,24.00
2025,11,MQ,Envoy Air,RNO,"Reno, NV: Reno/Tahoe International",35.00,3.00,1.51,0.00,1.00,0.00,0.49,1.00,0.00,192.00,100.00,0.00,23.00,0.00,69.00
2025,11,MQ,Envoy Air,ROC,"Rochester, NY: Frederick Douglass Grtr Rochester International",52.00,11.00,0.30,1.94,8.69,0.00,0.06,1.00,0.00,368.00,10.00,78.00,278.00,0.00,2.00
2025,11,MQ,Envoy Air,RST,"Rochester, MN: Rochester International",30.00,5.00,3.00,1.61,0.39,0.00,0.00,2.00,0.00,293.00,113.00,147.00,33.00,0.00,0.00
2025,11,MQ,Envoy Air,SAV,"Savannah, GA: Savannah/Hilton Head International",93.00,9.00,2.43,0.36,3.60,0.00,2.60,5.00,0.00,503.00,156.00,24.00,171.00,0.00,152.00
2025,11,MQ,Envoy Air,SBA,"Santa Barbara, CA: Santa Barbara Municipal",36.00,7.00,0.72,0.00,0.68,0.00,5.60,2.00,1.00,465.00,35.00,0.00,32.00,0.00,398.00
2025,11,MQ,Envoy Air,SBP,"San Luis Obispo, CA: San Luis Obispo County Regional",51.00,4.00,0.48,0.00,1.52,0.00,2.00,3.00,1.00,161.00,12.00,0.00,94.00,0.00,55.00
2025,11,MQ,Envoy Air,SDF,"Louisville, KY: Louisville Muhammad Ali International",3.00,0.00,0.00,0.00,0.00,0.00,0.00,0.00,0.00,0.00,0.00,0.00,0.00,0.00,0.00
2025,11,MQ,Envoy Air,SEA,"Seattle, WA: Seattle/Tacoma International",15.00,2.00,0.16,0.00,0.00,0.00,1.84,0.00,0.00,117.00,9.00,0.00,0.00,0.00,108.00
2025,11,MQ,Envoy Air,SGF,"Springfield, MO: Springfield-Branson National",315.00,55.00,12.27,7.13,21.58,0.00,14.02,10.00,2.00,2871.00,297.00,589.00,1093.00,0.00,892.00
2025,11,MQ,Envoy Air,SHV,"Shreveport, LA: Shreveport Regional",19.00,1.00,0.83,0.00,0.00,0.00,0.17,3.00,0.00,24.00,20.00,0.00,0.00,0.00,4.00
2025,11,MQ,Envoy Air,SJC,"San Jose, CA: Norman Y. Mineta San Jose International",68.00,10.00,4.51,0.00,1.51,0.00,3.98,1.00,0.00,346.00,199.00,0.00,24.00,0.00,123.00
2025,11,MQ,Envoy Air,SLC,"Salt Lake City, UT: Salt Lake City International",5.00,0.00,0.00,0.00,0.00,0.00,0.00,0.00,0.00,0.00,0.00,0.00,0.00,0.00,0.00
2025,11,MQ,Envoy Air,SMF,"Sacramento, CA: Sacramento International",3.00,0.00,0.00,0.00,0.00,0.00,0.00,0.00,0.00,0.00,0.00,0.00,0.00,0.00,0.00
2025,11,MQ,Envoy Air,SPI,"Springfield, IL: Abraham Lincoln Capital",58.00,14.00,4.35,2.08,3.77,0.00,3.80,3.00,0.00,850.00,345.00,99.00,166.00,0.00,240.00
2025,11,MQ,Envoy Air,SPS,"Wichita Falls, TX: Sheppard AFB/Wichita Falls Municipal",57.00,6.00,0.00,0.96,1.00,0.00,4.04,5.00,0.00,295.00,0.00,75.00,69.00,0.00,151.00
2025,11,MQ,Envoy Air,SRQ,"Sarasota/Bradenton, FL: Sarasota/Bradenton International",56.00,7.00,1.04,0.00,1.90,0.00,4.06,1.00,0.00,282.00,43.00,0.00,94.00,0.00,145.00
2025,11,MQ,Envoy Air,STL,"St. Louis, MO: St Louis Lambert International",126.00,18.00,3.38,0.91,1.68,0.00,12.02,4.00,1.00,1299.00,128.00,48.00,99.00,0.00,1024.00
2025,11,MQ,Envoy Air,STS,"Santa Rosa, CA: Charles M. Schulz - Sonoma County",78.00,6.00,0.51,0.00,2.12,0.00,3.37,1.00,0.00,283.00,20.00,0.00,151.00,0.00,112.00
2025,11,MQ,Envoy Air,SYR,"Syracuse, NY: Syracuse Hancock International",43.00,11.00,3.04,0.23,5.51,0.00,2.22,2.00,1.00,307.00,63.00,5.00,129.00,0.00,110.00
2025,11,MQ,Envoy Air,TLH,"Tallahassee, FL: Tallahassee International",121.00,20.00,5.43,0.94,5.30,0.00,8.33,2.00,3.00,2054.00,568.00,605.00,337.00,0.00,544.00
2025,11,MQ,Envoy Air,TPA,"Tampa, FL: Tampa International",110.00,23.00,9.87,0.02,6.36,0.00,6.75,12.00,0.00,1086.00,330.00,1.00,388.00,0.00,367.00
2025,11,MQ,Envoy Air,TRI,"Bristol/Johnson City/Kingsport, TN: Tri Cities",59.00,9.00,2.59,0.27,2.77,0.00,3.36,1.00,0.00,390.00,96.00,14.00,101.00,0.00,179.00
2025,11,MQ,Envoy Air,TUL,"Tulsa, OK: Tulsa International",142.00,25.00,11.18,1.92,2.88,0.00,9.01,8.00,0.00,1526.00,481.00,145.00,189.00,0.00,711.00
2025,11,MQ,Envoy Air,TUS,"Tucson, AZ: Tucson International",46.00,5.00,2.10,1.00,0.59,0.00,1.31,3.00,0.00,152.00,57.00,37.00,17.00,0.00,41.00
2025,11,MQ,Envoy Air,TVC,"Traverse City, MI: Cherry Capital",1.00,0.00,0.00,0.00,0.00,0.00,0.00,0.00,0.00,0.00,0.00,0.00,0.00,0.00,0.00
2025,11,MQ,Envoy Air,TXK,"Texarkana, AR: Texarkana Regional-Webb Field",59.00,5.00,1.76,0.00,1.31,0.00,1.93,3.00,0.00,199.00,56.00,0.00,103.00,0.00,40.00
2025,11,MQ,Envoy Air,TYR,"Tyler, TX: Tyler Pounds Regional",3.00,0.00,0.00,0.00,0.00,0.00,0.00,0.00,0.00,0.00,0.00,0.00,0.00,0.00,0.00
2025,11,MQ,Envoy Air,TYS,"Knoxville, TN: McGhee Tyson",63.00,10.00,1.33,0.00,7.61,0.00,1.05,0.00,0.00,364.00,33.00,0.00,269.00,0.00,62.00
2025,11,MQ,Envoy Air,VPS,"Valparaiso, FL: Eglin AFB Destin Fort Walton Beach",44.00,11.00,0.02,2.02,6.26,0.00,2.69,2.00,0.00,425.00,1.00,85.00,211.00,0.00,128.00
2025,11,MQ,Envoy Air,XNA,"Fayetteville, AR: Northwest Arkansas National",515.00,84.00,19.36,6.12,21.46,0.00,37.07,13.00,0.00,6077.00,1514.00,335.00,1015.00,0.00,3213.00
2025,11,MQ,Envoy Air,YUM,"Yuma, AZ: Yuma MCAS/Yuma International",111.00,17.00,3.74,0.79,4.24,0.00,8.23,12.00,0.00,954.00,105.00,19.00,201.00,0.00,629.00
2025,11,NK,Spirit Airlines,ACY,"Atlantic City, NJ: Atlantic City International",190.00,37.00,11.70,0.00,19.29,0.00,6.00,4.00,0.00,2228.00,484.00,0.00,1201.00,0.00,543.00
2025,11,NK,Spirit Airlines,ATL,"Atlanta, GA: Hartsfield-Jackson Atlanta International",547.00,127.00,32.81,1.60,65.66,0.74,26.18,11.00,0.00,8868.00,1985.00,62.00,4347.00,14.00,2460.00
2025,11,NK,Spirit Airlines,AUS,"Austin, TX: Austin - Bergstrom International",101.00,23.00,7.84,0.00,12.80,0.00,2.36,2.00,0.00,1791.00,407.00,0.00,1171.00,0.00,213.00
2025,11,NK,Spirit Airlines,BNA,"Nashville, TN: Nashville International",227.00,50.00,9.35,2.00,28.73,0.00,9.91,7.00,0.00,3076.00,543.00,60.00,1844.00,0.00,629.00
2025,11,NK,Spirit Airlines,BOS,"Boston, MA: Logan International",139.00,38.00,11.35,0.00,21.23,0.77,4.65,3.00,0.00,2283.00,688.00,0.00,1277.00,20.00,298.00
2025,11,NK,Spirit Airlines,BUR,"Burbank, CA: Bob Hope",90.00,11.00,2.01,0.00,6.59,0.00,2.40,0.00,0.00,660.00,156.00,0.00,388.00,0.00,116.00
2025,11,NK,Spirit Airlines,BWI,"Baltimore, MD: Baltimore/Washington International Thurgood Marshall",279.00,54.00,18.89,1.00,15.50,1.00,17.61,1.00,0.00,3468.00,1130.00,84.00,632.00,26.00,1596.00
2025,11,NK,Spirit Airlines,CHS,"Charleston, SC: Charleston AFB/International",64.00,11.00,5.10,0.00,3.06,0.00,2.83,4.00,0.00,892.00,310.00,0.00,307.00,0.00,275.00
2025,11,NK,Spirit Airlines,CLE,"Cleveland, OH: Cleveland-Hopkins International",33.00,4.00,1.87,0.00,2.13,0.00,0.00,1.00,0.00,154.00,71.00,0.00,83.00,0.00,0.00
2025,11,NK,Spirit Airlines,CLT,"Charlotte, NC: Charlotte Douglas International",278.00,63.00,16.45,0.00,34.86,0.16,11.53,6.00,0.00,5641.00,1232.00,0.00,3354.00,8.00,1047.00
2025,11,NK,Spirit Airlines,CMH,"Columbus, OH: John Glenn Columbus International",89.00,19.00,7.86,0.00,4.63,0.00,6.51,0.00,0.00,1104.00,418.00,0.00,262.00,0.00,424.00
2025,11,NK,Spirit Airlines,DFW,"Dallas/Fort Worth, TX: Dallas/Fort Worth International",406.00,108.00,18.49,0.92,70.06,0.00,18.53,7.00,0.00,7786.00,1355.00,109.00,4941.00,0.00,1381.00
2025,11,NK,Spirit Airlines,DTW,"Detroit, MI: Detroit Metro Wayne County",753.00,141.00,44.07,1.88,61.37,1.51,32.17,18.00,0.00,10388.00,2912.00,85.00,3884.00,71.00,3436.00
2025,11,NK,Spirit Airlines,EWR,"Newark, NJ: Newark Liberty International",739.00,188.00,27.22,1.85,126.92,0.01,32.00,41.00,1.00,16365.00,1594.00,133.00,11210.00,2.00,3426.00
2025,11,NK,Spirit Airlines,EYW,"Key West, FL: Key West International",10.00,2.00,1.43,0.00,0.57,0.00,0.00,0.00,0.00,82.00,64.00,0.00,18.00,0.00,0.00
2025,11,NK,Spirit Airlines,FLL,"Fort Lauderdale, FL: Fort Lauderdale-Hollywood International",1603.00,303.00,74.27,2.97,151.09,3.23,71.44,35.00,3.00,22741.00,6001.00,269.00,10307.00,119.00,6045.00
2025,11,NK,Spirit Airlines,IAH,"Houston, TX: George Bush Intercontinental/Houston",610.00,126.00,35.52,0.93,56.61,0.23,32.71,8.00,0.00,10789.00,3391.00,90.00,3363.00,18.00,3927.00
2025,11,NK,Spirit Airlines,IND,"Indianapolis, IN: Indianapolis International",100.00,20.00,6.71,0.17,10.66,0.00,2.46,3.00,0.00,1695.00,501.00,16.00,994.00,0.00,184.00
2025,11,NK,Spirit Airlines,LAS,"Las Vegas, NV: Harry Reid International",667.00,107.00,18.86,1.79,66.58,1.00,18.77,6.00,0.00,7408.00,1706.00,133.00,3756.00,19.00,1794.00
2025,11,NK,Spirit Airlines,LAX,"Los Angeles, CA: Los Angeles International",395.00,89.00,22.82,2.11,43.83,0.00,20.24,8.00,1.00,6845.00,2329.00,42.00,2871.00,0.00,1603.00
2025,11,NK,Spirit Airlines,LBE,"Latrobe, PA: Arnold Palmer Regional",27.00,8.00,1.00,0.00,5.02,0.00,1.98,1.00,0.00,685.00,22.00,0.00,333.00,0.00,330.00
2025,11,NK,Spirit Airlines,LGA,"New York, NY: LaGuardia",536.00,176.00,25.99,0.78,122.08,0.00,27.15,18.00,0.00,17577.00,2795.00,87.00,12680.00,0.00,2015.00
2025,11,NK,Spirit Airlines,MCI,"Kansas City, MO: Kansas City International",68.00,9.00,3.78,0.00,3.04,0.00,2.19,0.00,0.00,597.00,400.00,0.00,100.00,0.00,97.00
2025,11,NK,Spirit Airlines,MCO,"Orlando, FL: Orlando International",1168.00,205.00,47.59,4.92,87.77,1.58,63.15,21.00,1.00,17631.00,5625.00,354.00,6333.00,41.00,5278.00
2025,11,NK,Spirit Airlines,MEM,"Memphis, TN: Memphis International",46.00,4.00,2.00,0.00,0.84,0.00,1.16,0.00,0.00,296.00,154.00,0.00,70.00,0.00,72.00
2025,11,NK,Spirit Airlines,MIA,"Miami, FL: Miami International",283.00,67.00,12.73,1.00,39.28,1.21,12.77,6.00,0.00,5455.00,710.00,46.00,2939.00,66.00,1694.00
2025,11,NK,Spirit Airlines,MKE,"Milwaukee, WI: General Mitchell International",9.00,1.00,0.00,0.00,1.00,0.00,0.00,0.00,0.00,86.00,0.00,0.00,86.00,0.00,0.00
2025,11,NK,Spirit Airlines,MSP,"Minneapolis, MN: Minneapolis-St Paul International",17.00,3.00,0.26,0.00,0.74,0.00,2.00,0.00,0.00,165.00,5.00,0.00,14.00,0.00,146.00
2025,11,NK,Spirit Airlines,MSY,"New Orleans, LA: Louis Armstrong New Orleans International",327.00,64.00,19.96,3.97,24.48,0.00,15.59,4.00,0.00,4069.00,1195.00,202.00,1738.00,0.00,934.00
2025,11,NK,Spirit Airlines,MYR,"Myrtle Beach, SC: Myrtle Beach International",134.00,36.00,7.89,0.00,17.23,0.78,10.09,3.00,0.00,2634.00,858.00,0.00,994.00,21.00,761.00
2025,11,NK,Spirit Airlines,ORD,"Chicago, IL: Chicago O'Hare International",435.00,105.00,14.48,1.43,73.59,0.66,14.85,30.00,0.00,7790.00,694.00,59.00,5497.00,21.00,1519.00
2025,11,NK,Spirit Airlines,ORF,"Norfolk, VA: Norfolk International",53.00,7.00,1.82,0.00,3.24,0.58,1.37,2.00,0.00,523.00,92.00,0.00,174.00,52.00,205.00
2025,11,NK,Spirit Airlines,PBI,"West Palm Beach/Palm Beach, FL: Palm Beach International",43.00,5.00,1.13,0.00,2.87,0.00,1.00,0.00,0.00,191.00,24.00,0.00,134.00,0.00,33.00
2025,11,NK,Spirit Airlines,PHL,"Philadelphia, PA: Philadelphia International",202.00,36.00,10.42,0.05,13.31,0.00,12.22,6.00,0.00,2766.00,710.00,3.00,1132.00,0.00,921.00
2025,11,NK,Spirit Airlines,PHX,"Phoenix, AZ: Phoenix Sky Harbor International",18.00,3.00,1.00,0.00,2.00,0.00,0.00,0.00,0.00,66.00,27.00,0.00,39.00,0.00,0.00
2025,11,NK,Spirit Airlines,PIT,"Pittsburgh, PA: Pittsburgh International",106.00,13.00,7.57,0.00,5.43,0.00,0.00,1.00,0.00,1270.00,577.00,0.00,693.00,0.00,0.00
2025,11,NK,Spirit Airlines,PNS,"Pensacola, FL: Pensacola International",46.00,14.00,8.56,0.00,3.32,0.00,2.12,0.00,1.00,819.00,455.00,0.00,272.00,0.00,92.00
2025,11,NK,Spirit Airlines,RDU,"Raleigh/Durham, NC: Raleigh-Durham International",59.00,16.00,1.32,0.00,9.56,0.00,5.12,0.00,0.00,1301.00,83.00,0.00,794.00,0.00,424.00
2025,11,NK,Spirit Airlines,RIC,"Richmond, VA: Richmond International",34.00,7.00,2.68,0.00,4.32,0.00,0.00,0.00,0.00,585.00,162.00,0.00,423.00,0.00,0.00
2025,11,NK,Spirit Airlines,RNO,"Reno, NV: Reno/Tahoe International",52.00,11.00,2.00,0.00,6.13,0.00,2.87,0.00,0.00,709.00,36.00,0.00,371.00,0.00,302.00
2025,11,NK,Spirit Airlines,ROC,"Rochester, NY: Frederick Douglass Grtr Rochester International",8.00,0.00,0.00,0.00,0.00,0.00,0.00,0.00,0.00,0.00,0.00,0.00,0.00,0.00,0.00
2025,11,NK,Spirit Airlines,RSW,"Fort Myers, FL: Southwest Florida International",90.00,12.00,0.86,0.98,10.11,0.00,0.06,2.00,0.00,931.00,34.00,207.00,672.00,0.00,18.00
2025,11,NK,Spirit Airlines,SAT,"San Antonio, TX: San Antonio International",123.00,22.00,9.31,0.00,5.19,0.00,7.50,1.00,1.00,1839.00,1097.00,0.00,186.00,0.00,556.00
2025,11,NK,Spirit Airlines,SAV,"Savannah, GA: Savannah/Hilton Head International",29.00,2.00,1.73,0.00,0.27,0.00,0.00,0.00,0.00,410.00,357.00,0.00,53.00,0.00,0.00
2025,11,NK,Spirit Airlines,SDF,"Louisville, KY: Louisville Muhammad Ali International",14.00,6.00,2.84,0.00,3.16,0.00,0.00,0.00,0.00,444.00,120.00,1.00,323.00,0.00,0.00
2025,11,NK,Spirit Airlines,SJU,"San Juan, PR: Luis Munoz Marin International",131.00,26.00,8.72,1.25,8.94,0.00,7.09,1.00,1.00,1771.00,651.00,128.00,584.00,0.00,408.00
2025,11,NK,Spirit Airlines,SNA,"Santa Ana, CA: John Wayne Airport-Orange County",71.00,7.00,1.10,0.00,4.17,0.00,1.73,0.00,0.00,296.00,22.00,0.00,148.00,0.00,126.00
2025,11,NK,Spirit Airlines,STL,"St. Louis, MO: St Louis Lambert International",12.00,3.00,1.00,0.00,1.00,0.00,1.00,1.00,0.00,66.00,35.00,0.00,15.00,0.00,16.00
2025,11,NK,Spirit Airlines,STT,"Charlotte Amalie, VI: Cyril E King",43.00,8.00,2.13,0.00,5.21,0.00,0.67,0.00,1.00,392.00,60.00,0.00,306.00,0.00,26.00
2025,11,NK,Spirit Airlines,STX,"Christiansted, VI: Henry E. Rohlsen",15.00,5.00,0.36,0.00,3.09,0.44,1.10,0.00,0.00,542.00,37.00,0.00,412.00,12.00,81.00
2025,11,NK,Spirit Airlines,TPA,"Tampa, FL: Tampa International",274.00,63.00,27.35,0.01,19.29,1.00,15.35,8.00,0.00,4333.00,2155.00,1.00,1127.00,29.00,1021.00
2025,11,OH,PSA Airlines Inc.,ABE,"Allentown/Bethlehem/Easton, PA: Lehigh Valley International",86.00,16.00,7.55,0.00,2.77,0.00,5.68,0.00,0.00,913.00,347.00,0.00,78.00,0.00,488.00
2025,11,OH,PSA Airlines Inc.,AGS,"Augusta, GA: Augusta Regional at Bush Field",89.00,18.00,3.56,0.18,1.93,0.00,12.34,6.00,1.00,2719.00,303.00,18.00,505.00,0.00,1893.00
2025,11,OH,PSA Airlines Inc.,ALB,"Albany, NY: Albany International",81.00,22.00,8.23,0.08,0.05,0.13,13.50,2.00,0.00,1631.00,355.00,18.00,7.00,14.00,1237.00
2025,11,OH,PSA Airlines Inc.,ATL,"Atlanta, GA: Hartsfield-Jackson Atlanta International",264.00,64.00,10.46,2.69,15.03,0.00,35.81,16.00,0.00,5999.00,559.00,442.00,637.00,0.00,4361.00
2025,11,OH,PSA Airlines Inc.,ATW,"Appleton, WI: Appleton International",1.00,0.00,0.00,0.00,0.00,0.00,0.00,0.00,0.00,0.00,0.00,0.00,0.00,0.00,0.00
2025,11,OH,PSA Airlines Inc.,AVL,"Asheville, NC: Asheville Regional",113.00,20.00,6.43,0.12,3.45,0.99,9.01,1.00,0.00,954.00,192.00,4.00,128.00,116.00,514.00
2025,11,OH,PSA Airlines Inc.,AVP,"Scranton/Wilkes-Barre, PA: Wilkes Barre Scranton International",19.00,3.00,0.18,0.00,1.11,0.00,1.71,1.00,0.00,346.00,22.00,0.00,56.00,0.00,268.00
2025,11,OH,PSA Airlines Inc.,BDL,"Hartford, CT: Bradley International",90.00,41.00,10.98,0.19,4.43,0.00,25.40,1.00,0.00,2739.00,601.00,19.00,236.00,0.00,1883.00
2025,11,OH,PSA Airlines Inc.,BGR,"Bangor, ME: Bangor International",111.00,28.00,4.56,0.00,3.12,0.00,20.31,3.00,0.00,2455.00,272.00,0.00,175.00,0.00,2008.00
2025,11,OH,PSA Airlines Inc.,BHM,"Birmingham, AL: Birmingham-Shuttlesworth International",289.00,47.00,15.03,0.94,8.92,0.00,22.11,6.00,0.00,3980.00,920.00,69.00,385.00,0.00,2606.00
2025,11,OH,PSA Airlines Inc.,BNA,"Nashville, TN: Nashville International",138.00,40.00,7.60,0.68,13.87,0.00,17.85,6.00,0.00,3032.00,442.00,17.00,636.00,0.00,1937.00
2025,11,OH,PSA Airlines Inc.,BTR,"Baton Rouge, LA: Baton Rouge Metropolitan/Ryan Field",241.00,48.00,15.87,4.51,7.98,0.00,19.64,9.00,0.00,4690.00,1797.00,573.00,418.00,0.00,1902.00
2025,11,OH,PSA Airlines Inc.,BTV,"Burlington, VT: Patrick Leahy Burlington International",152.00,46.00,13.51,0.29,6.28,1.79,24.13,2.00,1.00,3466.00,767.00,32.00,436.00,269.00,1962.00
2025,11,OH,PSA Airlines Inc.,BUF,"Buffalo, NY: Buffalo Niagara International",79.00,29.00,5.32,1.34,7.60,0.00,14.73,4.00,0.00,3308.00,411.00,186.00,373.00,0.00,2338.00
2025,11,OH,PSA Airlines Inc.,BWI,"Baltimore, MD: Baltimore/Washington International Thurgood Marshall",2.00,0.00,0.00,0.00,0.00,0.00,0.00,0.00,0.00,0.00,0.00,0.00,0.00,0.00,0.00
2025,11,OH,PSA Airlines Inc.,CAE,"Columbia, SC: Columbia Metropolitan",144.00,37.00,8.68,0.92,5.32,0.06,22.01,6.00,0.00,2984.00,799.00,24.00,153.00,13.00,1995.00
2025,11,OH,PSA Airlines Inc.,CAK,"Akron, OH: Akron-Canton Regional",188.00,48.00,14.46,1.55,6.73,0.00,25.25,6.00,0.00,3948.00,1086.00,266.00,311.00,0.00,2285.00
2025,11,OH,PSA Airlines Inc.,CHA,"Chattanooga, TN: Lovell Field",169.00,35.00,9.68,1.63,4.48,0.00,19.21,4.00,0.00,1927.00,471.00,91.00,140.00,0.00,1225.00
2025,11,OH,PSA Airlines Inc.,CHO,"Charlottesville, VA: Charlottesville Albemarle",2.00,0.00,0.00,0.00,0.00,0.00,0.00,1.00,0.00,0.00,0.00,0.00,0.00,0.00,0.00
2025,11,OH,PSA Airlines Inc.,CHS,"Charleston, SC: Charleston AFB/International",189.00,41.00,8.58,0.00,10.01,1.20,21.21,5.00,0.00,4100.00,519.00,0.00,428.00,73.00,3080.00
2025,11,OH,PSA Airlines Inc.,CID,"Cedar Rapids/Iowa City, IA: The Eastern Iowa",84.00,30.00,8.15,0.01,6.98,0.00,14.85,4.00,1.00,1769.00,433.00,1.00,269.00,0.00,1066.00
2025,11,OH,PSA Airlines Inc.,CLE,"Cleveland, OH: Cleveland-Hopkins International",191.00,67.00,17.49,0.00,14.42,0.00,35.09,9.00,0.00,4274.00,1170.00,0.00,599.00,0.00,2505.00
2025,11,OH,PSA Airlines Inc.,CLT,"Charlotte, NC: Charlotte Douglas International",2974.00,416.00,99.60,12.08,84.90,0.76,218.66,71.00,3.00,41082.00,14160.00,1933.00,5382.00,24.00,19583.00
2025,11,OH,PSA Airlines Inc.,CMH,"Columbus, OH: John Glenn Columbus International",104.00,24.00,11.53,0.71,3.35,0.00,8.41,4.00,0.00,1101.00,529.00,34.00,121.00,0.00,417.00
2025,11,OH,PSA Airlines Inc.,CRP,"Corpus Christi, TX: Corpus Christi International",29.00,3.00,1.00,0.00,1.00,0.00,1.00,1.00,0.00,180.00,82.00,0.00,39.00,0.00,59.00
2025,11,OH,PSA Airlines Inc.,CRW,"Charleston/Dunbar, WV: West Virginia International Yeager",141.00,31.00,10.21,0.64,4.40,0.00,15.75,6.00,0.00,2029.00,772.00,54.00,150.00,0.00,1053.00
2025,11,OH,PSA Airlines Inc.,CVG,"Cincinnati, OH: Cincinnati/Northern Kentucky International",225.00,71.00,14.03,0.57,18.07,0.09,38.24,2.00,0.00,5554.00,1122.00,79.00,756.00,2.00,3595.00
2025,11,OH,PSA Airlines Inc.,DAB,"Daytona Beach, FL: Daytona Beach International",59.00,9.00,5.47,0.00,0.19,0.00,3.34,2.00,0.00,256.00,131.00,0.00,4.00,0.00,121.00
2025,11,OH,PSA Airlines Inc.,DAY,"Dayton, OH: James M Cox/Dayton International",392.00,113.00,36.08,1.37,21.10,0.00,54.45,11.00,0.00,8341.00,2332.00,177.00,840.00,0.00,4992.00
2025,11,OH,PSA Airlines Inc.,DCA,"Washington, DC: Ronald Reagan Washington National",3337.00,1110.00,159.83,16.83,484.16,1.20,447.97,135.00,19.00,107190.00,22848.00,1995.00,29988.00,107.00,52252.00
2025,11,OH,PSA Airlines Inc.,DFW,"Dallas/Fort Worth, TX: Dallas/Fort Worth International",2051.00,465.00,99.74,33.44,132.89,0.00,198.94,97.00,4.00,52336.00,15547.00,6489.00,7832.00,0.00,22468.00
2025,11,OH,PSA Airlines Inc.,DSM,"Des Moines, IA: Des Moines International",68.00,13.00,6.64,0.00,3.36,0.00,3.00,7.00,0.00,1494.00,770.00,0.00,586.00,0.00,138.00
2025,11,OH,PSA Airlines Inc.,DTW,"Detroit, MI: Detroit Metro Wayne County",187.00,50.00,10.50,2.14,12.04,0.70,24.63,11.00,0.00,3542.00,765.00,210.00,563.00,62.00,1942.00
2025,11,OH,PSA Airlines Inc.,ECP,"Panama City, FL: Northwest Florida Beaches International",142.00,23.00,5.95,1.00,5.45,0.94,9.66,1.00,1.00,1864.00,334.00,537.00,161.00,103.00,729.00
2025,11,OH,PSA Airlines Inc.,ERI,"Erie, PA: Erie International/Tom Ridge Field",26.00,5.00,2.77,0.00,0.00,0.00,2.23,0.00,1.00,360.00,148.00,0.00,0.00,0.00,212.00
2025,11,OH,PSA Airlines Inc.,EVV,"Evansville, IN: Evansville Regional",1.00,1.00,0.05,0.00,0.00,0.00,0.95,0.00,0.00,82.00,4.00,0.00,0.00,0.00,78.00
2025,11,OH,PSA Airlines Inc.,EWN,"New Bern/Morehead/Beaufort, NC: Coastal Carolina Regional",16.00,3.00,0.00,0.00,1.01,0.00,1.99,0.00,0.00,141.00,0.00,0.00,19.00,0.00,122.00
2025,11,OH,PSA Airlines Inc.,FAY,"Fayetteville, NC: Fayetteville Regional/Grannis Field",28.00,2.00,1.00,0.00,0.00,0.00,1.00,3.00,0.00,186.00,73.00,0.00,0.00,0.00,113.00
2025,11,OH,PSA Airlines Inc.,FWA,"Fort Wayne, IN: Fort Wayne International",57.00,18.00,5.52,2.66,4.40,0.00,5.41,3.00,0.00,1314.00,391.00,418.00,171.00,0.00,334.00
2025,11,OH,PSA Airlines Inc.,GPT,"Gulfport/Biloxi, MS: Gulfport-Biloxi International",100.00,21.00,8.76,0.00,3.71,0.00,8.52,2.00,1.00,2258.00,1450.00,0.00,80.00,0.00,728.00
2025,11,OH,PSA Airlines Inc.,GRR,"Grand Rapids, MI: Gerald R. Ford International",54.00,18.00,3.76,0.00,3.98,1.00,9.27,6.00,1.00,904.00,167.00,0.00,189.00,36.00,512.00
2025,11,OH,PSA Airlines Inc.,GSO,"Greensboro/High Point, NC: Piedmont Triad International",84.00,16.00,3.40,0.06,0.59,0.00,11.95,2.00,0.00,1165.00,112.00,6.00,46.00,0.00,1001.00
2025,11,OH,PSA Airlines Inc.,GSP,"Greer, SC: Greenville-Spartanburg International",242.00,53.00,18.79,0.02,4.88,0.03,29.28,6.00,0.00,3493.00,952.00,1.00,254.00,4.00,2282.00
2025,11,OH,PSA Airlines Inc.,HOU,"Houston, TX: William P Hobby",112.00,22.00,1.79,1.57,10.99,0.00,7.65,6.00,0.00,1714.00,32.00,115.00,613.00,0.00,954.00
2025,11,OH,PSA Airlines Inc.,HPN,"White Plains, NY: Westchester County",224.00,55.00,9.00,0.96,13.46,0.00,31.58,8.00,2.00,3952.00,609.00,157.00,601.00,0.00,2585.00
2025,11,OH,PSA Airlines Inc.,HRL,"Harlingen/San Benito, TX: Valley International",37.00,5.00,2.19,0.00,0.17,0.00,2.64,6.00,0.00,218.00,110.00,0.00,4.00,0.00,104.00
2025,11,OH,PSA Airlines Inc.,HSV,"Huntsville, AL: Huntsville International-Carl T Jones Field",247.00,62.00,18.14,0.26,11.50,0.00,32.10,10.00,0.00,5293.00,1768.00,40.00,540.00,0.00,2945.00
2025,11,OH,PSA Airlines Inc.,IAD,"Washington, DC: Washington Dulles International",42.00,5.00,1.59,0.62,2.40,0.00,0.39,0.00,0.00,204.00,90.00,34.00,67.00,0.00,13.00
2025,11,OH,PSA Airlines Inc.,IAH,"Houston, TX: George Bush Intercontinental/Houston",5.00,2.00,0.44,0.00,0.00,0.00,1.56,0.00,0.00,225.00,47.00,0.00,0.00,0.00,178.00
2025,11,OH,PSA Airlines Inc.,ICT,"Wichita, KS: Wichita Dwight D Eisenhower National",54.00,20.00,4.13,0.80,6.16,0.79,8.12,0.00,0.00,1716.00,268.00,104.00,293.00,44.00,1007.00
2025,11,OH,PSA Airlines Inc.,ILM,"Wilmington, NC: Wilmington International",69.00,16.00,2.59,0.00,3.97,0.00,9.44,4.00,1.00,1563.00,142.00,0.00,145.00,0.00,1276.00
2025,11,OH,PSA Airlines Inc.,IND,"Indianapolis, IN: Indianapolis International",11.00,0.00,0.00,0.00,0.00,0.00,0.00,0.00,0.00,0.00,0.00,0.00,0.00,0.00,0.00
2025,11,OH,PSA Airlines Inc.,JAN,"Jackson/Vicksburg, MS: Jackson Medgar Wiley Evers International",140.00,28.00,7.84,3.10,3.71,0.00,13.35,9.00,0.00,3213.00,1419.00,442.00,277.00,0.00,1075.00
2025,11,OH,PSA Airlines Inc.,JAX,"Jacksonville, FL: Jacksonville International",88.00,18.00,7.06,0.00,4.29,0.84,5.81,0.00,0.00,2127.00,699.00,0.00,350.00,62.00,1016.00
2025,11,OH,PSA Airlines Inc.,LAN,"Lansing, MI: Capital Region International",24.00,6.00,2.11,0.00,0.25,0.00,3.64,1.00,0.00,840.00,234.00,0.00,43.00,0.00,563.00
2025,11,OH,PSA Airlines Inc.,LAW,"Lawton/Fort Sill, OK: Lawton-Fort Sill Regional",87.00,22.00,3.38,3.77,3.76,0.00,11.08,5.00,0.00,4170.00,864.00,509.00,286.00,0.00,2511.00
2025,11,OH,PSA Airlines Inc.,LBB,"Lubbock, TX: Lubbock Preston Smith International",29.00,8.00,2.35,0.18,1.00,0.00,4.46,1.00,0.00,513.00,98.00,10.00,39.00,0.00,366.00
2025,11,OH,PSA Airlines Inc.,LEX,"Lexington, KY: Blue Grass",130.00,31.00,10.84,2.63,7.91,0.00,9.62,3.00,2.00,2646.00,571.00,775.00,376.00,0.00,924.00
2025,11,OH,PSA Airlines Inc.,LFT,"Lafayette, LA: Lafayette Regional Paul Fournet Field",173.00,38.00,10.28,2.29,9.70,0.00,15.73,4.00,0.00,2922.00,547.00,259.00,423.00,0.00,1693.00
2025,11,OH,PSA Airlines Inc.,LIT,"Little Rock, AR: Bill and Hillary Clinton Nat Adams Field",69.00,10.00,2.69,0.00,2.99,0.00,4.33,4.00,0.00,623.00,203.00,0.00,146.00,0.00,274.00
2025,11,OH,PSA Airlines Inc.,MAF,"Midland/Odessa, TX: Midland International Air and Space Port",15.00,1.00,1.00,0.00,0.00,0.00,0.00,1.00,0.00,97.00,97.00,0.00,0.00,0.00,0.00
2025,11,OH,PSA Airlines Inc.,MCI,"Kansas City, MO: Kansas City International",94.00,29.00,6.44,1.04,5.84,0.00,15.68,3.00,1.00,2073.00,219.00,234.00,173.00,0.00,1447.00
2025,11,OH,PSA Airlines Inc.,MEM,"Memphis, TN: Memphis International",48.00,12.00,2.47,0.00,4.89,0.00,4.64,1.00,0.00,1244.00,277.00,0.00,142.00,0.00,825.00
2025,11,OH,PSA Airlines Inc.,MGM,"Montgomery, AL: Montgomery Regional",109.00,32.00,6.46,1.61,4.64,0.00,19.29,5.00,0.00,2097.00,295.00,73.00,223.00,0.00,1506.00
2025,11,OH,PSA Airlines Inc.,MHT,"Manchester, NH: Manchester Boston Regional",172.00,42.00,16.63,0.00,1.80,0.00,23.57,4.00,0.00,2861.00,1019.00,0.00,97.00,0.00,1745.00
2025,11,OH,PSA Airlines Inc.,MKE,"Milwaukee, WI: General Mitchell International",53.00,17.00,2.46,0.22,5.19,0.00,9.13,2.00,1.00,794.00,143.00,20.00,150.00,0.00,481.00
2025,11,OH,PSA Airlines Inc.,MLB,"Melbourne, FL: Melbourne Orlando International",102.00,12.00,5.81,0.00,2.25,0.00,3.94,3.00,0.00,625.00,322.00,0.00,67.00,0.00,236.00
2025,11,OH,PSA Airlines Inc.,MLI,"Moline, IL: Quad Cities International",28.00,5.00,1.02,0.00,0.08,0.00,3.90,3.00,0.00,317.00,36.00,0.00,5.00,0.00,276.00
2025,11,OH,PSA Airlines Inc.,MOB,"Mobile, AL: Mobile Regional",6.00,3.00,1.45,0.00,0.75,0.00,0.80,0.00,0.00,292.00,77.00,0.00,21.00,0.00,194.00
2025,11,OH,PSA Airlines Inc.,MSN,"Madison, WI: Dane County Regional-Truax Field",138.00,30.00,5.19,1.25,7.92,0.00,15.64,10.00,0.00,3322.00,297.00,91.00,274.00,0.00,2660.00
2025,11,OH,PSA Airlines Inc.,MSP,"Minneapolis, MN: Minneapolis-St Paul International",109.00,35.00,8.84,0.49,7.06,0.00,18.61,3.00,0.00,2653.00,934.00,55.00,233.00,0.00,1431.00
2025,11,OH,PSA Airlines Inc.,MSY,"New Orleans, LA: Louis Armstrong New Orleans International",68.00,22.00,2.20,0.00,4.58,1.39,13.83,2.00,0.00,2100.00,133.00,0.00,165.00,126.00,1676.00
2025,11,OH,PSA Airlines Inc.,MYR,"Myrtle Beach, SC: Myrtle Beach International",144.00,18.00,6.57,0.00,6.51,0.00,4.92,5.00,0.00,874.00,302.00,0.00,152.00,0.00,420.00
2025,11,OH,PSA Airlines Inc.,OAJ,"Jacksonville/Camp Lejeune, NC: Albert J Ellis",28.00,5.00,2.76,0.00,0.72,0.00,1.52,3.00,0.00,219.00,132.00,0.00,34.00,0.00,53.00
2025,11,OH,PSA Airlines Inc.,OKC,"Oklahoma City, OK: Okc Will Rogers International",9.00,2.00,0.71,0.00,0.97,0.00,0.32,0.00,0.00,167.00,27.00,0.00,95.00,0.00,45.00
2025,11,OH,PSA Airlines Inc.,OMA,"Omaha, NE: Eppley Airfield",17.00,3.00,1.17,0.00,0.26,0.00,1.57,0.00,0.00,231.00,50.00,0.00,42.00,0.00,139.00
2025,11,OH,PSA Airlines Inc.,ORD,"Chicago, IL: Chicago O'Hare International",352.00,100.00,16.91,0.50,38.45,0.78,43.37,35.00,0.00,11524.00,2139.00,37.00,2285.00,14.00,7049.00
2025,11,OH,PSA Airlines Inc.,ORF,"Norfolk, VA: Norfolk International",273.00,80.00,21.06,0.36,14.78,0.47,43.34,9.00,0.00,5978.00,1478.00,57.00,584.00,9.00,3850.00
2025,11,OH,PSA Airlines Inc.,PHL,"Philadelphia, PA: Philadelphia International",1221.00,278.00,80.87,4.31,59.11,0.55,133.16,22.00,1.00,28959.00,9197.00,505.00,3068.00,48.00,16141.00
2025,11,OH,PSA Airlines Inc.,PIA,"Peoria, IL: General Downing - Peoria International",93.00,17.00,7.00,1.47,2.69,0.00,5.84,4.00,0.00,1278.00,575.00,134.00,142.00,0.00,427.00
2025,11,OH,PSA Airlines Inc.,PIT,"Pittsburgh, PA: Pittsburgh International",42.00,9.00,0.73,1.00,1.16,0.00,6.12,3.00,0.00,641.00,49.00,80.00,36.00,0.00,476.00
2025,11,OH,PSA Airlines Inc.,PNS,"Pensacola, FL: Pensacola International",236.00,57.00,18.32,0.72,11.44,0.00,26.53,3.00,2.00,4203.00,1185.00,47.00,456.00,0.00,2515.00
2025,11,OH,PSA Airlines Inc.,PVD,"Providence, RI: Rhode Island Tf Green International",122.00,28.00,7.49,0.00,3.63,0.00,16.88,6.00,0.00,1770.00,551.00,0.00,120.00,0.00,1099.00
2025,11,OH,PSA Airlines Inc.,PWM,"Portland, ME: Portland International Jetport",4.00,1.00,0.00,0.57,0.00,0.00,0.43,0.00,0.00,112.00,0.00,64.00,0.00,0.00,48.00
2025,11,OH,PSA Airlines Inc.,RDU,"Raleigh/Durham, NC: Raleigh-Durham International",103.00,33.00,9.39,0.00,7.80,0.00,15.81,2.00,0.00,2324.00,754.00,0.00,348.00,0.00,1222.00
2025,11,OH,PSA Airlines Inc.,RIC,"Richmond, VA: Richmond International",16.00,0.00,0.00,0.00,0.00,0.00,0.00,0.00,0.00,0.00,0.00,0.00,0.00,0.00,0.00
2025,11,OH,PSA Airlines Inc.,ROC,"Rochester, NY: Frederick Douglass Grtr Rochester International",64.00,18.00,1.91,0.00,3.87,0.00,12.21,1.00,1.00,1169.00,116.00,0.00,150.00,0.00,903.00
2025,11,OH,PSA Airlines Inc.,RSW,"Fort Myers, FL: Southwest Florida International",1.00,0.00,0.00,0.00,0.00,0.00,0.00,0.00,0.00,0.00,0.00,0.00,0.00,0.00,0.00
2025,11,OH,PSA Airlines Inc.,SAV,"Savannah, GA: Savannah/Hilton Head International",279.00,65.00,14.49,2.75,12.55,0.79,34.43,5.00,0.00,5681.00,1136.00,353.00,540.00,33.00,3619.00
2025,11,OH,PSA Airlines Inc.,SBN,"South Bend, IN: South Bend International",111.00,21.00,7.30,0.00,5.80,0.00,7.90,7.00,1.00,1232.00,404.00,0.00,233.00,0.00,595.00
2025,11,OH,PSA Airlines Inc.,SDF,"Louisville, KY: Louisville Muhammad Ali International",136.00,26.00,8.85,0.00,6.11,0.49,10.55,9.00,0.00,1454.00,797.00,0.00,234.00,24.00,399.00
2025,11,OH,PSA Airlines Inc.,SGF,"Springfield, MO: Springfield-Branson National",128.00,18.00,4.78,0.40,3.67,0.00,9.15,6.00,2.00,981.00,233.00,28.00,162.00,0.00,558.00
2025,11,OH,PSA Airlines Inc.,SHV,"Shreveport, LA: Shreveport Regional",1.00,1.00,1.00,0.00,0.00,0.00,0.00,0.00,0.00,34.00,34.00,0.00,0.00,0.00,0.00
2025,11,OH,PSA Airlines Inc.,SRQ,"Sarasota/Bradenton, FL: Sarasota/Bradenton International",56.00,13.00,5.18,0.00,2.40,0.00,5.43,1.00,0.00,985.00,334.00,0.00,172.00,0.00,479.00
2025,11,OH,PSA Airlines Inc.,STL,"St. Louis, MO: St Louis Lambert International",77.00,25.00,9.94,0.10,0.98,0.00,13.98,2.00,0.00,1735.00,708.00,6.00,74.00,0.00,947.00
2025,11,OH,PSA Airlines Inc.,SWO,"Stillwater, OK: Stillwater Regional",57.00,20.00,3.68,0.16,3.72,0.00,12.44,2.00,1.00,1692.00,323.00,33.00,143.00,0.00,1193.00
2025,11,OH,PSA Airlines Inc.,SYR,"Syracuse, NY: Syracuse Hancock International",41.00,11.00,2.39,1.00,1.62,0.00,5.99,4.00,2.00,991.00,215.00,128.00,60.00,0.00,588.00
2025,11,OH,PSA Airlines Inc.,TLH,"Tallahassee, FL: Tallahassee International",107.00,19.00,6.22,0.00,3.45,0.00,9.33,6.00,1.00,1224.00,301.00,0.00,145.00,0.00,778.00
2025,11,OH,PSA Airlines Inc.,TUL,"Tulsa, OK: Tulsa International",65.00,17.00,3.84,1.01,4.27,0.00,7.88,5.00,0.00,1730.00,393.00,136.00,218.00,0.00,983.00
2025,11,OH,PSA Airlines Inc.,TVC,"Traverse City, MI: Cherry Capital",54.00,15.00,5.03,1.29,1.26,0.00,7.41,6.00,0.00,2111.00,301.00,222.00,135.00,0.00,1453.00
2025,11,OH,PSA Airlines Inc.,TYS,"Knoxville, TN: McGhee Tyson",265.00,75.00,15.52,5.45,18.44,0.00,35.59,12.00,4.00,7599.00,829.00,1808.00,980.00,0.00,3982.00
2025,11,OH,PSA Airlines Inc.,VPS,"Valparaiso, FL: Eglin AFB Destin Fort Walton Beach",28.00,3.00,0.06,0.00,0.00,0.00,2.93,0.00,0.00,283.00,1.00,1.00,1.00,0.00,280.00
2025,11,OH,PSA Airlines Inc.,XNA,"Fayetteville, AR: Northwest Arkansas National",94.00,17.00,5.94,0.12,4.14,0.00,6.81,2.00,0.00,1835.00,406.00,10.00,251.00,0.00,1168.00
2025,11,OO,SkyWest Airlines Inc.,ABQ,"Albuquerque, NM: Albuquerque International Sunport",477.00,53.00,31.53,7.62,6.22,0.92,6.71,10.00,0.00,3196.00,2234.00,468.00,199.00,36.00,259.00
2025,11,OO,SkyWest Airlines Inc.,ABR,"Aberdeen, SD: Aberdeen Regional",73.00,5.00,1.93,1.58,1.49,0.00,0.00,3.00,0.00,1227.00,460.00,655.00,112.00,0.00,0.00
2025,11,OO,SkyWest Airlines Inc.,ABY,"Albany, GA: Southwest Georgia Regional",62.00,7.00,6.00,0.00,1.00,0.00,0.00,4.00,0.00,325.00,265.00,0.00,60.00,0.00,0.00
2025,11,OO,SkyWest Airlines Inc.,ACT,"Waco, TX: Waco Regional",57.00,15.00,5.00,1.42,1.27,0.00,7.32,7.00,0.00,1537.00,309.00,593.00,71.00,0.00,564.00
2025,11,OO,SkyWest Airlines Inc.,ACV,"Arcata/Eureka, CA: California Redwood Coast Humboldt County",179.00,25.00,9.38,0.00,10.32,0.00,5.30,6.00,3.00,1366.00,344.00,0.00,766.00,0.00,256.00
2025,11,OO,SkyWest Airlines Inc.,AEX,"Alexandria, LA: Alexandria International",2.00,0.00,0.00,0.00,0.00,0.00,0.00,0.00,0.00,0.00,0.00,0.00,0.00,0.00,0.00
2025,11,OO,SkyWest Airlines Inc.,AGS,"Augusta, GA: Augusta Regional at Bush Field",45.00,10.00,7.00,3.00,0.00,0.00,0.00,3.00,0.00,2630.00,1823.00,806.00,1.00,0.00,0.00
2025,11,OO,SkyWest Airlines Inc.,ALB,"Albany, NY: Albany International",74.00,18.00,10.57,5.25,2.17,0.00,0.00,4.00,0.00,1566.00,1202.00,248.00,116.00,0.00,0.00
2025,11,OO,SkyWest Airlines Inc.,AMA,"Amarillo, TX: Rick Husband Amarillo International",116.00,16.00,10.72,1.96,1.32,0.00,2.00,6.00,0.00,916.00,377.00,291.00,159.00,0.00,89.00
2025,11,OO,SkyWest Airlines Inc.,APN,"Alpena, MI: Alpena County Regional",52.00,6.00,5.94,0.00,0.06,0.00,0.00,4.00,1.00,483.00,480.00,0.00,3.00,0.00,0.00
2025,11,OO,SkyWest Airlines Inc.,ASE,"Aspen, CO: Aspen Pitkin County Sardy Field",327.00,39.00,18.92,9.73,5.35,0.00,5.00,9.00,7.00,2874.00,1141.00,989.00,238.00,0.00,506.00
2025,11,OO,SkyWest Airlines Inc.,ATL,"Atlanta, GA: Hartsfield-Jackson Atlanta International",562.00,71.00,49.48,10.23,11.28,0.00,0.00,45.00,2.00,7364.00,5815.00,878.00,671.00,0.00,0.00
2025,11,OO,SkyWest Airlines Inc.,ATW,"Appleton, WI: Appleton International",243.00,52.00,31.22,5.74,11.79,0.00,3.24,14.00,7.00,6079.00,3455.00,984.00,1436.00,0.00,204.00
2025,11,OO,SkyWest Airlines Inc.,ATY,"Watertown, SD: Watertown Regional",60.00,6.00,4.24,0.93,0.82,0.00,0.00,0.00,0.00,2031.00,1251.00,629.00,151.00,0.00,0.00
2025,11,OO,SkyWest Airlines Inc.,AUS,"Austin, TX: Austin - Bergstrom International",564.00,104.00,47.05,11.67,38.62,0.00,6.67,0.00,0.00,6896.00,3398.00,635.00,2549.00,0.00,314.00
2025,11,OO,SkyWest Airlines Inc.,AVL,"Asheville, NC: Asheville Regional",117.00,32.00,17.79,0.73,7.91,0.00,5.57,5.00,0.00,1887.00,732.00,169.00,481.00,0.00,505.00
2025,11,OO,SkyWest Airlines Inc.,AVP,"Scranton/Wilkes-Barre, PA: Wilkes Barre Scranton International",29.00,9.00,1.97,1.00,3.85,0.00,2.19,1.00,0.00,696.00,56.00,18.00,510.00,0.00,112.00
2025,11,OO,SkyWest Airlines Inc.,AZO,"Kalamazoo, MI: Kalamazoo/Battle Creek International",84.00,17.00,11.74,3.81,1.45,0.00,0.00,7.00,0.00,2268.00,1295.00,854.00,119.00,0.00,0.00
2025,11,OO,SkyWest Airlines Inc.,BDL,"Hartford, CT: Bradley International",29.00,4.00,2.57,0.00,1.43,0.00,0.00,3.00,0.00,188.00,57.00,0.00,131.00,0.00,0.00
2025,11,OO,SkyWest Airlines Inc.,BFF,"Scottsbluff, NE: Scottsbluff W Neb Regional Wm B Heilig Field",51.00,7.00,2.90,0.00,0.95,0.00,3.15,1.00,0.00,282.00,130.00,0.00,52.00,0.00,100.00
2025,11,OO,SkyWest Airlines Inc.,BFL,"Bakersfield, CA: Meadows Field",216.00,42.00,21.46,1.95,5.47,0.00,13.12,8.00,0.00,3291.00,1773.00,237.00,271.00,0.00,1010.00
2025,11,OO,SkyWest Airlines Inc.,BGM,"Binghamton, NY: Greater Binghamton/Edwin A. Link Field",29.00,2.00,2.00,0.00,0.00,0.00,0.00,2.00,0.00,98.00,98.00,0.00,0.00,0.00,0.00
2025,11,OO,SkyWest Airlines Inc.,BHM,"Birmingham, AL: Birmingham-Shuttlesworth International",87.00,12.00,8.24,0.00,0.76,0.00,3.00,0.00,0.00,1286.00,1055.00,0.00,15.00,0.00,216.00
2025,11,OO,SkyWest Airlines Inc.,BIL,"Billings, MT: Billings Logan International",145.00,14.00,9.64,0.00,2.36,0.00,2.00,7.00,0.00,476.00,341.00,0.00,62.00,0.00,73.00
2025,11,OO,SkyWest Airlines Inc.,BIS,"Bismarck/Mandan, ND: Bismarck Municipal",134.00,10.00,6.01,0.60,1.58,0.00,1.81,4.00,0.00,1482.00,1201.00,64.00,133.00,0.00,84.00
2025,11,OO,SkyWest Airlines Inc.,BJI,"Bemidji, MN: Bemidji Regional",59.00,9.00,7.57,0.77,0.66,0.00,0.00,0.00,0.00,1065.00,793.00,148.00,124.00,0.00,0.00
2025,11,OO,SkyWest Airlines Inc.,BLI,"Bellingham, WA: Bellingham International",97.00,13.00,3.56,0.00,3.06,0.00,6.38,10.00,0.00,483.00,100.00,0.00,87.00,0.00,296.00
2025,11,OO,SkyWest Airlines Inc.,BNA,"Nashville, TN: Nashville International",286.00,86.00,41.24,10.49,27.91,0.00,6.36,6.00,0.00,7909.00,2750.00,1189.00,3715.00,0.00,255.00
2025,11,OO,SkyWest Airlines Inc.,BOI,"Boise, ID: Boise Air Terminal",834.00,94.00,41.47,9.70,25.86,0.00,16.97,14.00,10.00,5802.00,2210.00,1189.00,1599.00,0.00,804.00
2025,11,OO,SkyWest Airlines Inc.,BPT,"Beaumont/Port Arthur, TX: Jack Brooks Regional",59.00,14.00,4.00,4.00,1.00,0.00,5.00,1.00,0.00,1592.00,320.00,1016.00,21.00,0.00,235.00
2025,11,OO,SkyWest Airlines Inc.,BRD,"Brainerd, MN: Brainerd Lakes Regional",52.00,6.00,3.86,0.60,1.55,0.00,0.00,3.00,0.00,580.00,392.00,72.00,116.00,0.00,0.00
2025,11,OO,SkyWest Airlines Inc.,BTM,"Butte, MT: Bert Mooney",59.00,1.00,0.00,1.00,0.00,0.00,0.00,1.00,0.00,33.00,0.00,33.00,0.00,0.00,0.00
2025,11,OO,SkyWest Airlines Inc.,BTR,"Baton Rouge, LA: Baton Rouge Metropolitan/Ryan Field",151.00,28.00,11.99,2.94,3.06,0.00,10.01,5.00,0.00,1709.00,479.00,358.00,138.00,0.00,734.00
2025,11,OO,SkyWest Airlines Inc.,BTV,"Burlington, VT: Patrick Leahy Burlington International",1.00,0.00,0.00,0.00,0.00,0.00,0.00,0.00,0.00,0.00,0.00,0.00,0.00,0.00,0.00
2025,11,OO,SkyWest Airlines Inc.,BUF,"Buffalo, NY: Buffalo Niagara International",135.00,28.00,18.27,2.40,4.92,0.00,2.41,10.00,0.00,2230.00,806.00,580.00,558.00,0.00,286.00
2025,11,OO,SkyWest Airlines Inc.,BUR,"Burbank, CA: Bob Hope",457.00,81.00,33.97,11.15,16.43,0.00,19.45,21.00,3.00,4958.00,1709.00,613.00,1015.00,0.00,1621.00
2025,11,OO,SkyWest Airlines Inc.,BWI,"Baltimore, MD: Baltimore/Washington International Thurgood Marshall",1.00,0.00,0.00,0.00,0.00,0.00,0.00,0.00,0.00,0.00,0.00,0.00,0.00,0.00,0.00
2025,11,OO,SkyWest Airlines Inc.,BZN,"Bozeman, MT: Bozeman Yellowstone International",147.00,7.00,5.59,1.00,0.41,0.00,0.00,5.00,3.00,824.00,340.00,463.00,21.00,0.00,0.00
2025,11,OO,SkyWest Airlines Inc.,CAE,"Columbia, SC: Columbia Metropolitan",92.00,25.00,10.84,1.00,9.84,0.00,3.33,6.00,1.00,1886.00,759.00,130.00,730.00,0.00,267.00
2025,11,OO,SkyWest Airlines Inc.,CAK,"Akron, OH: Akron-Canton Regional",117.00,40.00,10.03,2.72,14.79,0.00,12.46,11.00,0.00,3299.00,361.00,436.00,1457.00,0.00,1045.00
2025,11,OO,SkyWest Airlines Inc.,CDC,"Cedar City, UT: Cedar City Regional",51.00,1.00,1.00,0.00,0.00,0.00,0.00,3.00,0.00,107.00,107.00,0.00,0.00,0.00,0.00
2025,11,OO,SkyWest Airlines Inc.,CHA,"Chattanooga, TN: Lovell Field",60.00,13.00,5.62,0.00,3.71,0.00,3.67,6.00,2.00,695.00,114.00,0.00,432.00,0.00,149.00
2025,11,OO,SkyWest Airlines Inc.,CHO,"Charlottesville, VA: Charlottesville Albemarle",119.00,29.00,11.00,0.95,8.56,0.00,8.49,10.00,0.00,2587.00,577.00,229.00,824.00,0.00,957.00
2025,11,OO,SkyWest Airlines Inc.,CHS,"Charleston, SC: Charleston AFB/International",2.00,0.00,0.00,0.00,0.00,0.00,0.00,0.00,0.00,0.00,0.00,0.00,0.00,0.00,0.00
2025,11,OO,SkyWest Airlines Inc.,CID,"Cedar Rapids/Iowa City, IA: The Eastern Iowa",79.00,18.00,7.87,1.00,5.37,0.00,3.76,2.00,0.00,959.00,322.00,221.00,304.00,0.00,112.00
2025,11,OO,SkyWest Airlines Inc.,CIU,"Sault Ste. Marie, MI: Chippewa County International",58.00,11.00,9.51,0.53,0.97,0.00,0.00,0.00,0.00,990.00,859.00,41.00,90.00,0.00,0.00
2025,11,OO,SkyWest Airlines Inc.,CLE,"Cleveland, OH: Cleveland-Hopkins International",158.00,44.00,26.68,8.04,5.69,0.00,3.60,7.00,1.00,3273.00,1852.00,873.00,437.00,0.00,111.00
2025,11,OO,SkyWest Airlines Inc.,CLL,"College Station/Bryan, TX: Easterwood Field",1.00,1.00,1.00,0.00,0.00,0.00,0.00,0.00,0.00,73.00,73.00,0.00,0.00,0.00,0.00
2025,11,OO,SkyWest Airlines Inc.,CLT,"Charlotte, NC: Charlotte Douglas International",87.00,14.00,5.67,6.00,0.33,0.00,2.00,3.00,0.00,1184.00,238.00,843.00,10.00,0.00,93.00
2025,11,OO,SkyWest Airlines Inc.,CMH,"Columbus, OH: John Glenn Columbus International",87.00,18.00,13.22,2.53,2.25,0.00,0.00,8.00,0.00,2720.00,2196.00,262.00,262.00,0.00,0.00
2025,11,OO,SkyWest Airlines Inc.,CMX,"Hancock/Houghton, MI: Houghton County Memorial",59.00,10.00,3.92,0.00,2.72,0.00,3.36,6.00,0.00,785.00,148.00,0.00,161.00,0.00,476.00
2025,11,OO,SkyWest Airlines Inc.,COD,"Cody, WY: Yellowstone Regional",60.00,6.00,2.55,1.00,1.06,0.00,1.39,0.00,0.00,258.00,90.00,47.00,33.00,0.00,88.00
2025,11,OO,SkyWest Airlines Inc.,COS,"Colorado Springs, CO: City of Colorado Springs Municipal",504.00,67.00,34.27,5.13,15.71,0.00,11.90,37.00,0.00,4784.00,1913.00,522.00,1129.00,0.00,1220.00
2025,11,OO,SkyWest Airlines Inc.,COU,"Columbia, MO: Columbia Regional",89.00,23.00,7.12,0.00,6.39,0.00,9.49,5.00,1.00,3413.00,1307.00,0.00,1382.00,0.00,724.00
2025,11,OO,SkyWest Airlines Inc.,CPR,"Casper, WY: Casper/Natrona County International",207.00,19.00,10.56,1.00,3.44,0.00,4.00,3.00,0.00,943.00,465.00,81.00,176.00,0.00,221.00
2025,11,OO,SkyWest Airlines Inc.,CRP,"Corpus Christi, TX: Corpus Christi International",107.00,15.00,5.73,1.00,1.55,0.00,6.72,6.00,0.00,1601.00,544.00,194.00,239.00,0.00,624.00
2025,11,OO,SkyWest Airlines Inc.,CRW,"Charleston/Dunbar, WV: West Virginia International Yeager",65.00,16.00,9.84,0.47,2.01,0.00,3.67,5.00,0.00,1224.00,415.00,54.00,257.00,0.00,498.00
2025,11,OO,SkyWest Airlines Inc.,CVG,"Cincinnati, OH: Cincinnati/Northern Kentucky International",86.00,22.00,9.17,2.94,7.07,0.00,2.82,10.00,0.00,1932.00,448.00,395.00,857.00,0.00,232.00
2025,11,OO,SkyWest Airlines Inc.,CYS,"Cheyenne, WY: Cheyenne Regional/Jerry Olson Field",59.00,3.00,1.89,0.00,0.11,0.00,1.00,0.00,0.00,99.00,69.00,0.00,6.00,0.00,24.00
2025,11,OO,SkyWest Airlines Inc.,DAY,"Dayton, OH: James M Cox/Dayton International",61.00,21.00,11.31,0.00,3.89,0.00,5.80,10.00,0.00,2152.00,645.00,0.00,587.00,0.00,920.00
2025,11,OO,SkyWest Airlines Inc.,DCA,"Washington, DC: Ronald Reagan Washington National",24.00,7.00,0.93,0.00,5.14,0.00,0.93,2.00,0.00,521.00,37.00,0.00,445.00,0.00,39.00
2025,11,OO,SkyWest Airlines Inc.,DDC,"Dodge City, KS: Dodge City Regional",50.00,3.00,2.00,0.00,0.00,0.00,1.00,0.00,1.00,101.00,70.00,0.00,0.00,0.00,31.00
2025,11,OO,SkyWest Airlines Inc.,DEC,"Decatur, IL: Decatur Airport",50.00,14.00,8.03,1.00,3.31,0.00,1.66,3.00,0.00,1650.00,809.00,42.00,379.00,0.00,420.00
2025,11,OO,SkyWest Airlines Inc.,DEN,"Denver, CO: Denver International",5950.00,637.00,377.35,40.88,91.66,1.39,125.71,171.00,3.00,53482.00,29915.00,6563.00,5717.00,30.00,11257.00
2025,11,OO,SkyWest Airlines Inc.,DFW,"Dallas/Fort Worth, TX: Dallas/Fort Worth International",1528.00,319.00,152.99,57.61,58.62,1.88,47.91,81.00,5.00,31226.00,13434.00,9016.00,4895.00,53.00,3828.00
2025,11,OO,SkyWest Airlines Inc.,DIK,"Dickinson, ND: Dickinson - Theodore Roosevelt Regional",59.00,7.00,5.73,0.96,0.31,0.00,0.00,1.00,0.00,999.00,288.00,674.00,37.00,0.00,0.00
2025,11,OO,SkyWest Airlines Inc.,DLH,"Duluth, MN: Duluth International",192.00,49.00,26.28,2.07,9.25,0.00,11.40,12.00,0.00,3904.00,1578.00,227.00,953.00,0.00,1146.00
2025,11,OO,SkyWest Airlines Inc.,DRO,"Durango, CO: Durango La Plata County",288.00,49.00,31.15,1.06,8.16,0.00,8.62,18.00,2.00,3026.00,2087.00,117.00,469.00,0.00,353.00
2025,11,OO,SkyWest Airlines Inc.,DSM,"Des Moines, IA: Des Moines International",198.00,30.00,19.13,3.85,3.75,0.00,3.26,14.00,1.00,2030.00,855.00,420.00,417.00,0.00,338.00
2025,11,OO,SkyWest Airlines Inc.,DTW,"Detroit, MI: Detroit Metro Wayne County",2209.00,399.00,251.04,95.05,46.50,0.00,6.41,105.00,0.00,52458.00,36294.00,11857.00,3922.00,0.00,385.00
2025,11,OO,SkyWest Airlines Inc.,DVL,"Devils Lake, ND: Devils Lake Regional",50.00,1.00,1.00,0.00,0.00,0.00,0.00,0.00,1.00,33.00,33.00,0.00,0.00,0.00,0.00
2025,11,OO,SkyWest Airlines Inc.,EAR,"Kearney, NE: Kearney Regional",51.00,6.00,5.37,0.00,0.63,0.00,0.00,0.00,0.00,284.00,258.00,0.00,26.00,0.00,0.00
2025,11,OO,SkyWest Airlines Inc.,EAU,"Eau Claire, WI: Chippewa Valley Regional",50.00,15.00,6.36,0.00,6.34,0.00,2.30,1.00,2.00,1165.00,404.00,0.00,604.00,0.00,157.00
2025,11,OO,SkyWest Airlines Inc.,ECP,"Panama City, FL: Northwest Florida Beaches International",36.00,8.00,4.79,1.30,1.91,0.00,0.00,0.00,1.00,282.00,196.00,26.00,60.00,0.00,0.00
2025,11,OO,SkyWest Airlines Inc.,EGE,"Eagle, CO: Eagle County Regional",29.00,2.00,1.00,0.00,0.35,0.00,0.65,0.00,0.00,33.00,16.00,0.00,6.00,0.00,11.00
2025,11,OO,SkyWest Airlines Inc.,EKO,"Elko, NV: Elko Regional",48.00,0.00,0.00,0.00,0.00,0.00,0.00,1.00,0.00,0.00,0.00,0.00,0.00,0.00,0.00
2025,11,OO,SkyWest Airlines Inc.,ELM,"Elmira/Corning, NY: Elmira/Corning Regional",76.00,16.00,10.81,1.99,3.21,0.00,0.00,5.00,0.00,2079.00,1636.00,216.00,227.00,0.00,0.00
2025,11,OO,SkyWest Airlines Inc.,ELP,"El Paso, TX: El Paso International",156.00,24.00,9.87,1.00,3.08,0.00,10.06,5.00,0.00,1443.00,577.00,16.00,177.00,0.00,673.00
2025,11,OO,SkyWest Airlines Inc.,ESC,"Escanaba, MI: Delta County",51.00,5.00,1.00,2.86,1.14,0.00,0.00,4.00,0.00,331.00,34.00,219.00,78.00,0.00,0.00
2025,11,OO,SkyWest Airlines Inc.,EUG,"Eugene, OR: Mahlon Sweet Field",284.00,20.00,7.43,5.00,3.82,0.93,2.82,12.00,1.00,905.00,415.00,207.00,132.00,55.00,96.00
2025,11,OO,SkyWest Airlines Inc.,FAR,"Fargo, ND: Hector International",178.00,49.00,27.48,1.00,8.27,0.00,12.26,11.00,0.00,3278.00,1380.00,69.00,584.00,0.00,1245.00
2025,11,OO,SkyWest Airlines Inc.,FAT,"Fresno, CA: Fresno Yosemite International",639.00,85.00,30.23,11.67,19.23,0.00,23.87,17.00,2.00,6526.00,2619.00,833.00,1461.00,0.00,1613.00
2025,11,OO,SkyWest Airlines Inc.,FCA,"Kalispell, MT: Glacier Park International",76.00,7.00,2.40,3.38,1.23,0.00,0.00,4.00,0.00,329.00,65.00,245.00,19.00,0.00,0.00
2025,11,OO,SkyWest Airlines Inc.,FLG,"Flagstaff, AZ: Flagstaff Pulliam",159.00,31.00,15.23,1.85,8.12,0.00,5.80,11.00,1.00,2614.00,1222.00,194.00,353.00,0.00,845.00
2025,11,OO,SkyWest Airlines Inc.,FMN,"Farmington, NM: Four Corners Regional",30.00,1.00,1.00,0.00,0.00,0.00,0.00,0.00,1.00,55.00,55.00,0.00,0.00,0.00,0.00
2025,11,OO,SkyWest Airlines Inc.,FNT,"Flint, MI: Bishop International",174.00,43.00,18.41,3.60,9.77,0.00,11.21,14.00,0.00,3390.00,982.00,508.00,810.00,0.00,1090.00
2025,11,OO,SkyWest Airlines Inc.,FOD,"Fort Dodge, IA: Fort Dodge Regional",50.00,13.00,7.43,1.69,2.91,0.33,0.63,2.00,0.00,879.00,420.00,204.00,225.00,10.00,20.00
2025,11,OO,SkyWest Airlines Inc.,FSD,"Sioux Falls, SD: Joe Foss Field",302.00,54.00,31.88,4.50,8.59,0.00,9.02,21.00,1.00,3569.00,1808.00,643.00,615.00,0.00,503.00
2025,11,OO,SkyWest Airlines Inc.,FWA,"Fort Wayne, IN: Fort Wayne International",405.00,88.00,41.61,10.93,25.99,0.00,9.48,37.00,0.00,6083.00,1926.00,1132.00,2492.00,0.00,533.00
2025,11,OO,SkyWest Airlines Inc.,GCC,"Gillette, WY: Northeast Wyoming Regional",60.00,4.00,2.00,1.00,1.00,0.00,0.00,0.00,0.00,180.00,99.00,27.00,54.00,0.00,0.00
2025,11,OO,SkyWest Airlines Inc.,GCK,"Garden City, KS: Garden City Regional",57.00,16.00,5.98,4.95,0.82,0.00,4.26,2.00,2.00,1263.00,449.00,516.00,49.00,0.00,249.00
2025,11,OO,SkyWest Airlines Inc.,GEG,"Spokane, WA: Spokane International",542.00,62.00,26.71,11.92,16.07,0.00,7.30,16.00,2.00,3819.00,1201.00,1045.00,1141.00,0.00,432.00
2025,11,OO,SkyWest Airlines Inc.,GFK,"Grand Forks, ND: Grand Forks International",89.00,10.00,5.39,1.88,2.72,0.00,0.00,5.00,0.00,1316.00,408.00,726.00,182.00,0.00,0.00
2025,11,OO,SkyWest Airlines Inc.,GJT,"Grand Junction, CO: Grand Junction Regional",246.00,26.00,10.62,0.00,7.86,0.00,7.53,17.00,0.00,1913.00,674.00,0.00,494.00,0.00,745.00
2025,11,OO,SkyWest Airlines Inc.,GRB,"Green Bay, WI: Green Bay Austin Straubel International",177.00,31.00,20.07,3.34,6.05,0.00,1.54,16.00,0.00,2385.00,1048.00,430.00,414.00,0.00,493.00
2025,11,OO,SkyWest Airlines Inc.,GRI,"Grand Island, NE: Central Nebraska Regional",58.00,16.00,10.63,1.40,1.03,0.00,2.94,2.00,0.00,1105.00,772.00,113.00,60.00,0.00,160.00
2025,11,OO,SkyWest Airlines Inc.,GRK,"Killeen, TX: Robert Gray AAF",28.00,5.00,4.98,0.00,0.02,0.00,0.00,5.00,1.00,618.00,610.00,0.00,8.00,0.00,0.00
2025,11,OO,SkyWest Airlines Inc.,GRR,"Grand Rapids, MI: Gerald R. Ford International",333.00,66.00,37.86,9.97,12.61,0.00,5.56,15.00,0.00,5972.00,3030.00,1299.00,1240.00,0.00,403.00
2025,11,OO,SkyWest Airlines Inc.,GSO,"Greensboro/High Point, NC: Piedmont Triad International",148.00,29.00,15.31,4.75,6.43,0.00,2.52,6.00,0.00,3296.00,1190.00,1144.00,633.00,0.00,329.00
2025,11,OO,SkyWest Airlines Inc.,GSP,"Greer, SC: Greenville-Spartanburg International",70.00,25.00,13.50,1.00,7.11,0.00,3.39,10.00,1.00,1640.00,836.00,18.00,564.00,0.00,222.00
2025,11,OO,SkyWest Airlines Inc.,GTF,"Great Falls, MT: Great Falls International",115.00,6.00,4.98,1.00,0.02,0.00,0.00,4.00,0.00,237.00,180.00,56.00,1.00,0.00,0.00
2025,11,OO,SkyWest Airlines Inc.,GTR,"Columbus, MS: Golden Triangle Regional",30.00,3.00,2.00,0.00,0.00,0.00,1.00,1.00,0.00,60.00,43.00,0.00,0.00,0.00,17.00
2025,11,OO,SkyWest Airlines Inc.,GUC,"Gunnison, CO: Gunnison-Crested Butte Regional",59.00,7.00,4.38,1.00,0.63,0.00,1.00,1.00,1.00,280.00,195.00,16.00,15.00,0.00,54.00
2025,11,OO,SkyWest Airlines Inc.,HDN,"Hayden, CO: Yampa Valley",29.00,3.00,2.00,0.00,0.00,0.00,1.00,0.00,1.00,125.00,54.00,0.00,0.00,0.00,71.00
2025,11,OO,SkyWest Airlines Inc.,HIB,"Hibbing, MN: Range Regional",52.00,8.00,4.36,1.75,1.90,0.00,0.00,5.00,0.00,770.00,530.00,100.00,140.00,0.00,0.00
2025,11,OO,SkyWest Airlines Inc.,HLN,"Helena, MT: Helena Regional",127.00,12.00,5.94,2.00,0.35,0.00,3.71,3.00,0.00,666.00,261.00,159.00,14.00,0.00,232.00
2025,11,OO,SkyWest Airlines Inc.,HOB,"Hobbs, NM: Lea County Regional",60.00,11.00,5.00,1.57,4.43,0.00,0.00,0.00,0.00,1662.00,1337.00,92.00,233.00,0.00,0.00
2025,11,OO,SkyWest Airlines Inc.,HOU,"Houston, TX: William P Hobby",28.00,2.00,0.00,1.72,0.28,0.00,0.00,5.00,0.00,196.00,0.00,147.00,49.00,0.00,0.00
2025,11,OO,SkyWest Airlines Inc.,HPN,"White Plains, NY: Westchester County",2.00,0.00,0.00,0.00,0.00,0.00,0.00,0.00,0.00,0.00,0.00,0.00,0.00,0.00,0.00
2025,11,OO,SkyWest Airlines Inc.,HSV,"Huntsville, AL: Huntsville International-Carl T Jones Field",204.00,49.00,28.51,0.65,10.44,0.00,9.41,10.00,0.00,2969.00,1347.00,49.00,759.00,0.00,814.00
2025,11,OO,SkyWest Airlines Inc.,HYS,"Hays, KS: Hays Regional",50.00,1.00,0.00,0.00,0.00,0.00,1.00,1.00,0.00,134.00,0.00,0.00,0.00,0.00,134.00
2025,11,OO,SkyWest Airlines Inc.,IAD,"Washington, DC: Washington Dulles International",170.00,36.00,16.65,1.81,11.57,0.00,5.98,0.00,0.00,4023.00,1280.00,208.00,826.00,0.00,1709.00
2025,11,OO,SkyWest Airlines Inc.,IAH,"Houston, TX: George Bush Intercontinental/Houston",1206.00,219.00,103.56,12.95,58.41,0.00,44.09,0.00,1.00,19371.00,8466.00,1561.00,4983.00,0.00,4361.00
2025,11,OO,SkyWest Airlines Inc.,ICT,"Wichita, KS: Wichita Dwight D Eisenhower National",240.00,58.00,28.24,4.91,11.69,0.00,13.16,6.00,0.00,4143.00,1308.00,799.00,1250.00,0.00,786.00
2025,11,OO,SkyWest Airlines Inc.,IDA,"Idaho Falls, ID: Idaho Falls Regional",324.00,31.00,13.73,3.91,5.17,0.00,8.19,2.00,0.00,2282.00,846.00,381.00,541.00,0.00,514.00
2025,11,OO,SkyWest Airlines Inc.,IMT,"Iron Mountain/Kingsfd, MI: Ford",58.00,11.00,8.78,1.00,1.22,0.00,0.00,2.00,0.00,1591.00,1445.00,17.00,129.00,0.00,0.00
2025,11,OO,SkyWest Airlines Inc.,IND,"Indianapolis, IN: Indianapolis International",155.00,26.00,11.96,5.37,6.83,0.00,1.84,10.00,1.00,2206.00,947.00,529.00,537.00,0.00,193.00
2025,11,OO,SkyWest Airlines Inc.,INL,"International Falls, MN: Falls International Einarson Field",52.00,9.00,6.54,0.92,1.55,0.00,0.00,4.00,0.00,1231.00,960.00,196.00,75.00,0.00,0.00
2025,11,OO,SkyWest Airlines Inc.,JAC,"Jackson, WY: Jackson Hole",88.00,5.00,3.35,0.00,1.65,0.00,0.00,8.00,0.00,121.00,75.00,0.00,46.00,0.00,0.00
2025,11,OO,SkyWest Airlines Inc.,JAN,"Jackson/Vicksburg, MS: Jackson Medgar Wiley Evers International",14.00,5.00,2.96,0.00,0.17,0.00,1.88,2.00,0.00,213.00,140.00,0.00,8.00,0.00,65.00
2025,11,OO,SkyWest Airlines Inc.,JAX,"Jacksonville, FL: Jacksonville International",30.00,4.00,2.00,1.93,0.07,0.00,0.00,0.00,0.00,419.00,334.00,82.00,3.00,0.00,0.00
2025,11,OO,SkyWest Airlines Inc.,JLN,"Joplin, MO: Joplin Regional",59.00,11.00,5.06,1.00,2.94,0.00,2.00,3.00,0.00,730.00,217.00,116.00,210.00,0.00,187.00
2025,11,OO,SkyWest Airlines Inc.,JMS,"Jamestown, ND: Jamestown Regional",50.00,2.00,2.00,0.00,0.00,0.00,0.00,0.00,0.00,107.00,107.00,0.00,0.00,0.00,0.00
2025,11,OO,SkyWest Airlines Inc.,JST,"Johnstown, PA: John Murtha Johnstown-Cambria County",59.00,23.00,9.71,4.61,2.96,0.00,5.71,4.00,1.00,5274.00,1079.00,3004.00,767.00,0.00,424.00
2025,11,OO,SkyWest Airlines Inc.,LAF,"Lafayette, IN: Purdue University",46.00,9.00,4.01,0.00,4.87,0.00,0.13,2.00,0.00,860.00,299.00,0.00,551.00,0.00,10.00
2025,11,OO,SkyWest Airlines Inc.,LAN,"Lansing, MI: Capital Region International",41.00,5.00,2.10,1.53,1.36,0.00,0.00,2.00,0.00,607.00,198.00,345.00,64.00,0.00,0.00
2025,11,OO,SkyWest Airlines Inc.,LAR,"Laramie, WY: Laramie Regional",50.00,3.00,1.97,1.00,0.03,0.00,0.00,1.00,0.00,390.00,163.00,223.00,4.00,0.00,0.00
2025,11,OO,SkyWest Airlines Inc.,LAS,"Las Vegas, NV: Harry Reid International",410.00,78.00,30.33,7.67,28.24,0.00,11.76,18.00,0.00,5253.00,2152.00,793.00,1784.00,0.00,524.00
2025,11,OO,SkyWest Airlines Inc.,LAX,"Los Angeles, CA: Los Angeles International",3173.00,401.00,210.08,45.26,90.83,1.00,53.82,116.00,4.00,27968.00,14094.00,4594.00,5815.00,54.00,3411.00
2025,11,OO,SkyWest Airlines Inc.,LBB,"Lubbock, TX: Lubbock Preston Smith International",90.00,15.00,5.59,0.00,2.28,0.00,7.13,1.00,0.00,1268.00,294.00,0.00,137.00,0.00,837.00
2025,11,OO,SkyWest Airlines Inc.,LBF,"North Platte, NE: North Platte Regional Airport Lee Bird Field",51.00,12.00,9.33,0.00,1.32,0.00,1.35,1.00,0.00,462.00,358.00,0.00,60.00,0.00,44.00
2025,11,OO,SkyWest Airlines Inc.,LBL,"Liberal, KS: Liberal Mid-America Regional",50.00,4.00,2.75,0.00,0.40,0.00,0.86,0.00,0.00,289.00,161.00,0.00,26.00,0.00,102.00
2025,11,OO,SkyWest Airlines Inc.,LCH,"Lake Charles, LA: Lake Charles Regional",1.00,0.00,0.00,0.00,0.00,0.00,0.00,0.00,0.00,0.00,0.00,0.00,0.00,0.00,0.00
2025,11,OO,SkyWest Airlines Inc.,LEX,"Lexington, KY: Blue Grass",230.00,53.00,30.03,7.14,9.22,0.00,6.61,11.00,3.00,4197.00,2316.00,834.00,770.00,0.00,277.00
2025,11,OO,SkyWest Airlines Inc.,LFT,"Lafayette, LA: Lafayette Regional Paul Fournet Field",42.00,9.00,2.25,3.00,2.25,0.00,1.50,0.00,0.00,1031.00,278.00,416.00,241.00,0.00,96.00
2025,11,OO,SkyWest Airlines Inc.,LGA,"New York, NY: LaGuardia",131.00,38.00,11.18,4.93,21.89,0.00,0.00,1.00,0.00,3703.00,1350.00,230.00,2123.00,0.00,0.00
2025,11,OO,SkyWest Airlines Inc.,LGB,"Long Beach, CA: Long Beach Airport",59.00,5.00,3.00,2.00,0.00,0.00,0.00,0.00,0.00,184.00,97.00,87.00,0.00,0.00,0.00
2025,11,OO,SkyWest Airlines Inc.,LIT,"Little Rock, AR: Bill and Hillary Clinton Nat Adams Field",236.00,31.00,22.53,1.26,5.30,0.00,1.90,11.00,0.00,1343.00,928.00,100.00,203.00,0.00,112.00
2025,11,OO,SkyWest Airlines Inc.,LNK,"Lincoln, NE: Lincoln Airport",264.00,62.00,25.72,3.97,19.72,0.00,12.59,15.00,0.00,4754.00,1373.00,715.00,1841.00,0.00,825.00
2025,11,OO,SkyWest Airlines Inc.,LWS,"Lewiston, ID: Lewiston Nez Perce County",60.00,2.00,2.00,0.00,0.00,0.00,0.00,0.00,0.00,63.00,63.00,0.00,0.00,0.00,0.00
2025,11,OO,SkyWest Airlines Inc.,MAF,"Midland/Odessa, TX: Midland International Air and Space Port",246.00,39.00,15.03,4.95,6.02,0.00,13.00,8.00,0.00,3097.00,1665.00,191.00,529.00,0.00,712.00
2025,11,OO,SkyWest Airlines Inc.,MBS,"Saginaw/Bay City/Midland, MI: MBS International",200.00,44.00,20.65,5.52,9.05,0.00,8.78,11.00,1.00,4717.00,1391.00,1098.00,987.00,0.00,1241.00
2025,11,OO,SkyWest Airlines Inc.,MCI,"Kansas City, MO: Kansas City International",156.00,45.00,23.07,2.97,11.61,0.00,7.34,5.00,0.00,2841.00,1062.00,465.00,890.00,0.00,424.00
2025,11,OO,SkyWest Airlines Inc.,MCW,"Mason City, IA: Mason City Municipal",50.00,10.00,8.78,0.67,0.55,0.00,0.00,5.00,0.00,525.00,400.00,72.00,53.00,0.00,0.00
2025,11,OO,SkyWest Airlines Inc.,MDT,"Harrisburg, PA: Harrisburg International",63.00,14.00,5.81,2.47,3.81,0.00,1.91,3.00,0.00,965.00,242.00,139.00,298.00,0.00,286.00
2025,11,OO,SkyWest Airlines Inc.,MDW,"Chicago, IL: Chicago Midway International",101.00,11.00,8.96,1.86,0.17,0.00,0.00,5.00,1.00,453.00,329.00,119.00,5.00,0.00,0.00
2025,11,OO,SkyWest Airlines Inc.,MEI,"Meridian, MS: Key Field",50.00,13.00,7.43,0.60,4.69,0.00,0.27,0.00,2.00,815.00,429.00,26.00,354.00,0.00,6.00
2025,11,OO,SkyWest Airlines Inc.,MEM,"Memphis, TN: Memphis International",273.00,51.00,28.87,6.46,13.27,0.00,2.40,4.00,0.00,2767.00,1626.00,301.00,705.00,0.00,135.00
2025,11,OO,SkyWest Airlines Inc.,MFE,"Mission/McAllen/Edinburg, TX: McAllen International",147.00,22.00,12.72,1.00,6.29,0.00,2.00,0.00,0.00,2482.00,698.00,25.00,362.00,0.00,1397.00
2025,11,OO,SkyWest Airlines Inc.,MFR,"Medford, OR: Rogue Valley International - Medford",281.00,44.00,17.63,10.76,7.44,0.00,8.18,8.00,3.00,2636.00,677.00,676.00,548.00,0.00,735.00
2025,11,OO,SkyWest Airlines Inc.,MGM,"Montgomery, AL: Montgomery Regional",15.00,2.00,1.00,1.00,0.00,0.00,0.00,0.00,0.00,123.00,17.00,106.00,0.00,0.00,0.00
2025,11,OO,SkyWest Airlines Inc.,MGW,"Morgantown, WV: Morgantown Municipal Walter L Bill Hart Field",59.00,12.00,5.00,3.00,1.26,0.00,2.74,4.00,1.00,1573.00,157.00,407.00,623.00,0.00,386.00
2025,11,OO,SkyWest Airlines Inc.,MHK,"Manhattan/Ft. Riley, KS: Manhattan Regional",62.00,15.00,4.30,4.76,3.36,0.00,2.58,6.00,0.00,710.00,293.00,193.00,153.00,0.00,71.00
2025,11,OO,SkyWest Airlines Inc.,MKE,"Milwaukee, WI: General Mitchell International",535.00,129.00,57.99,16.22,28.53,0.00,26.26,48.00,0.00,11852.00,4421.00,2349.00,2501.00,0.00,2581.00
2025,11,OO,SkyWest Airlines Inc.,MLI,"Moline, IL: Quad Cities International",238.00,49.00,15.77,8.20,19.99,0.00,5.04,21.00,0.00,4175.00,1087.00,1209.00,1698.00,0.00,181.00
2025,11,OO,SkyWest Airlines Inc.,MOT,"Minot, ND: Minot International",198.00,25.00,19.62,2.83,2.55,0.00,0.00,11.00,0.00,1962.00,1376.00,382.00,204.00,0.00,0.00
2025,11,OO,SkyWest Airlines Inc.,MQT,"Marquette, MI: Marquette Sawyer Regional",60.00,10.00,7.66,1.78,0.56,0.00,0.00,1.00,0.00,1867.00,1405.00,375.00,87.00,0.00,0.00
2025,11,OO,SkyWest Airlines Inc.,MRY,"Monterey, CA: Monterey Regional",326.00,53.00,22.99,2.11,13.18,0.00,14.72,9.00,1.00,3153.00,1271.00,116.00,943.00,0.00,823.00
2025,11,OO,SkyWest Airlines Inc.,MSN,"Madison, WI: Dane County Regional-Truax Field",279.00,56.00,27.65,5.15,11.87,0.00,11.32,26.00,0.00,5429.00,2097.00,1113.00,1245.00,0.00,974.00
2025,11,OO,SkyWest Airlines Inc.,MSO,"Missoula, MT: Missoula Montana",87.00,9.00,3.59,2.00,0.41,0.00,3.00,8.00,0.00,376.00,101.00,67.00,20.00,0.00,188.00
2025,11,OO,SkyWest Airlines Inc.,MSP,"Minneapolis, MN: Minneapolis-St Paul International",1960.00,274.00,165.63,72.61,34.36,0.17,1.24,84.00,1.00,31777.00,21050.00,8029.00,2675.00,3.00,20.00
2025,11,OO,SkyWest Airlines Inc.,MSY,"New Orleans, LA: Louis Armstrong New Orleans International",38.00,3.00,0.00,0.00,3.00,0.00,0.00,0.00,0.00,114.00,0.00,0.00,114.00,0.00,0.00
2025,11,OO,SkyWest Airlines Inc.,MTJ,"Montrose/Delta, CO: Montrose Regional",1.00,0.00,0.00,0.00,0.00,0.00,0.00,0.00,0.00,0.00,0.00,0.00,0.00,0.00,0.00
2025,11,OO,SkyWest Airlines Inc.,OAK,"Oakland, CA: Oakland International",95.00,5.00,4.00,1.00,0.00,0.00,0.00,4.00,1.00,147.00,100.00,47.00,0.00,0.00,0.00
2025,11,OO,SkyWest Airlines Inc.,OKC,"Oklahoma City, OK: Okc Will Rogers International",657.00,132.00,68.88,15.85,25.77,0.00,21.50,16.00,2.00,9075.00,3923.00,2107.00,1740.00,0.00,1305.00
2025,11,OO,SkyWest Airlines Inc.,OMA,"Omaha, NE: Eppley Airfield",495.00,103.00,64.32,12.29,19.89,0.00,6.49,4.00,0.00,9137.00,5687.00,1447.00,1583.00,0.00,420.00
2025,11,OO,SkyWest Airlines Inc.,ONT,"Ontario, CA: Ontario International",113.00,6.00,4.46,0.92,0.62,0.00,0.00,3.00,0.00,281.00,218.00,35.00,28.00,0.00,0.00
2025,11,OO,SkyWest Airlines Inc.,ORD,"Chicago, IL: Chicago O'Hare International",6408.00,1702.00,667.74,67.90,623.00,1.00,342.36,546.00,9.00,169400.00,51275.00,12229.00,69431.00,39.00,36426.00
2025,11,OO,SkyWest Airlines Inc.,ORF,"Norfolk, VA: Norfolk International",4.00,0.00,0.00,0.00,0.00,0.00,0.00,1.00,0.00,0.00,0.00,0.00,0.00,0.00,0.00
2025,11,OO,SkyWest Airlines Inc.,OTH,"North Bend/Coos Bay, OR: Southwest Oregon Regional",30.00,3.00,2.00,0.00,1.00,0.00,0.00,0.00,2.00,118.00,67.00,0.00,51.00,0.00,0.00
2025,11,OO,SkyWest Airlines Inc.,PDX,"Portland, OR: Portland International",745.00,73.00,27.98,13.27,12.10,0.00,19.65,24.00,0.00,4709.00,1513.00,643.00,612.00,0.00,1941.00
2025,11,OO,SkyWest Airlines Inc.,PHX,"Phoenix, AZ: Phoenix Sky Harbor International",2213.00,501.00,225.20,39.05,166.48,0.15,70.12,88.00,6.00,45945.00,24653.00,4032.00,12097.00,9.00,5154.00
2025,11,OO,SkyWest Airlines Inc.,PIA,"Peoria, IL: General Downing - Peoria International",118.00,32.00,17.95,1.91,10.38,0.00,1.76,11.00,2.00,1872.00,570.00,204.00,868.00,0.00,230.00
2025,11,OO,SkyWest Airlines Inc.,PIB,"Hattiesburg/Laurel, MS: Hattiesburg-Laurel Regional",50.00,10.00,5.99,2.69,0.32,0.00,1.00,0.00,1.00,937.00,652.00,155.00,15.00,0.00,115.00
2025,11,OO,SkyWest Airlines Inc.,PIH,"Pocatello, ID: Pocatello Regional",30.00,1.00,1.00,0.00,0.00,0.00,0.00,1.00,0.00,166.00,166.00,0.00,0.00,0.00,0.00
2025,11,OO,SkyWest Airlines Inc.,PIR,"Pierre, SD: Pierre Regional",68.00,6.00,4.00,0.00,0.00,0.00,2.00,2.00,0.00,486.00,103.00,0.00,0.00,0.00,383.00
2025,11,OO,SkyWest Airlines Inc.,PIT,"Pittsburgh, PA: Pittsburgh International",83.00,22.00,15.15,1.16,4.69,0.00,1.00,2.00,0.00,1667.00,1220.00,210.00,211.00,0.00,26.00
2025,11,OO,SkyWest Airlines Inc.,PLN,"Pellston, MI: Pellston Regional Emmet County",52.00,8.00,3.79,2.65,1.56,0.00,0.00,2.00,0.00,954.00,227.00,345.00,382.00,0.00,0.00
2025,11,OO,SkyWest Airlines Inc.,PNS,"Pensacola, FL: Pensacola International",29.00,3.00,3.00,0.00,0.00,0.00,0.00,0.00,0.00,104.00,104.00,0.00,0.00,0.00,0.00
2025,11,OO,SkyWest Airlines Inc.,PRC,"Prescott, AZ: Prescott Regional Ernest A Love Field",88.00,7.00,4.05,1.00,1.42,0.00,0.53,0.00,1.00,623.00,537.00,20.00,57.00,0.00,9.00
2025,11,OO,SkyWest Airlines Inc.,PSC,"Pasco/Kennewick/Richland, WA: Tri Cities",399.00,38.00,21.20,3.79,4.24,0.00,8.77,9.00,1.00,2758.00,1083.00,791.00,190.00,0.00,694.00
2025,11,OO,SkyWest Airlines Inc.,PSP,"Palm Springs, CA: Palm Springs International",595.00,102.00,39.16,5.86,31.92,0.00,25.06,13.00,2.00,6128.00,1806.00,425.00,2516.00,0.00,1381.00
2025,11,OO,SkyWest Airlines Inc.,PVD,"Providence, RI: Rhode Island Tf Green International",166.00,42.00,23.15,3.47,11.32,0.00,4.07,6.00,0.00,3621.00,1881.00,417.00,1086.00,0.00,237.00
2025,11,OO,SkyWest Airlines Inc.,PVU,"Provo, UT: Provo Municipal",77.00,17.00,8.79,2.95,2.76,0.00,2.50,2.00,1.00,1108.00,576.00,323.00,74.00,0.00,135.00
2025,11,OO,SkyWest Airlines Inc.,PWM,"Portland, ME: Portland International Jetport",30.00,10.00,5.96,1.48,1.05,0.00,1.52,2.00,0.00,659.00,303.00,104.00,101.00,0.00,151.00
2025,11,OO,SkyWest Airlines Inc.,RAP,"Rapid City, SD: Rapid City Regional",193.00,19.00,13.68,0.00,4.51,0.00,0.81,7.00,2.00,1163.00,937.00,0.00,204.00,0.00,22.00
2025,11,OO,SkyWest Airlines Inc.,RDD,"Redding, CA: Redding Regional",149.00,31.00,12.33,3.98,9.35,0.00,5.33,6.00,0.00,3525.00,647.00,1794.00,761.00,0.00,323.00
2025,11,OO,SkyWest Airlines Inc.,RDM,"Bend/Redmond, OR: Roberts Field",306.00,35.00,16.97,4.06,7.68,0.00,6.28,13.00,4.00,1491.00,526.00,168.00,435.00,0.00,362.00
2025,11,OO,SkyWest Airlines Inc.,RHI,"Rhinelander, WI: Rhinelander/Oneida County",58.00,8.00,3.28,3.10,1.62,0.00,0.00,5.00,0.00,790.00,173.00,487.00,130.00,0.00,0.00
2025,11,OO,SkyWest Airlines Inc.,RIC,"Richmond, VA: Richmond International",145.00,39.00,17.50,4.74,11.07,0.00,5.68,7.00,0.00,3347.00,2042.00,440.00,599.00,0.00,266.00
2025,11,OO,SkyWest Airlines Inc.,RIW,"Riverton/Lander, WY: Central Wyoming Regional",59.00,4.00,3.98,0.00,0.02,0.00,0.00,0.00,0.00,801.00,786.00,0.00,15.00,0.00,0.00
2025,11,OO,SkyWest Airlines Inc.,RKS,"Rock Springs, WY: Southwest Wyoming Regional",59.00,2.00,1.52,0.00,0.48,0.00,0.00,0.00,1.00,109.00,96.00,0.00,13.00,0.00,0.00
2025,11,OO,SkyWest Airlines Inc.,RNO,"Reno, NV: Reno/Tahoe International",346.00,39.00,15.94,4.00,10.07,0.00,8.99,12.00,1.00,2733.00,1078.00,189.00,642.00,0.00,824.00
2025,11,OO,SkyWest Airlines Inc.,ROA,"Roanoke, VA: Roanoke Blacksburg Regional",29.00,3.00,0.43,0.00,1.67,0.00,0.91,2.00,0.00,283.00,10.00,0.00,55.00,0.00,218.00
2025,11,OO,SkyWest Airlines Inc.,ROC,"Rochester, NY: Frederick Douglass Grtr Rochester International",70.00,16.00,11.05,2.18,2.77,0.00,0.00,5.00,0.00,1236.00,952.00,128.00,156.00,0.00,0.00
2025,11,OO,SkyWest Airlines Inc.,ROW,"Roswell, NM: Roswell Air Center",59.00,9.00,4.87,1.91,0.24,0.00,1.98,0.00,1.00,503.00,173.00,195.00,28.00,0.00,107.00
2025,11,OO,SkyWest Airlines Inc.,RST,"Rochester, MN: Rochester International",59.00,14.00,5.84,3.72,2.57,0.00,1.87,5.00,0.00,1155.00,423.00,258.00,159.00,0.00,315.00
2025,11,OO,SkyWest Airlines Inc.,SAF,"Santa Fe, NM: Santa Fe Regional",301.00,51.00,24.23,6.36,8.98,0.00,11.43,10.00,1.00,3551.00,1596.00,912.00,569.00,0.00,474.00
2025,11,OO,SkyWest Airlines Inc.,SAN,"San Diego, CA: San Diego International",1402.00,354.00,125.99,27.01,121.06,0.00,79.94,80.00,0.00,20668.00,5386.00,1578.00,8490.00,0.00,5214.00
2025,11,OO,SkyWest Airlines Inc.,SAT,"San Antonio, TX: San Antonio International",162.00,33.00,18.70,0.00,8.85,0.00,5.45,3.00,0.00,2101.00,1206.00,0.00,629.00,0.00,266.00
2025,11,OO,SkyWest Airlines Inc.,SAV,"Savannah, GA: Savannah/Hilton Head International",28.00,11.00,7.67,2.00,1.33,0.00,0.00,0.00,0.00,968.00,788.00,77.00,103.00,0.00,0.00
2025,11,OO,SkyWest Airlines Inc.,SBA,"Santa Barbara, CA: Santa Barbara Municipal",201.00,24.00,12.27,3.00,4.24,0.00,4.50,10.00,3.00,3325.00,1626.00,1268.00,167.00,0.00,264.00
2025,11,OO,SkyWest Airlines Inc.,SBN,"South Bend, IN: South Bend International",461.00,114.00,67.60,9.35,22.32,0.00,14.73,34.00,0.00,11403.00,6018.00,1355.00,2549.00,0.00,1481.00
2025,11,OO,SkyWest Airlines Inc.,SBP,"San Luis Obispo, CA: San Luis Obispo County Regional",275.00,50.00,15.80,4.88,16.74,0.00,12.58,12.00,4.00,6757.00,2102.00,1386.00,2765.00,0.00,504.00
2025,11,OO,SkyWest Airlines Inc.,SCE,"State College, PA: State College Regional",61.00,20.00,10.97,0.00,6.16,0.00,2.87,2.00,0.00,1254.00,527.00,0.00,374.00,0.00,353.00
2025,11,OO,SkyWest Airlines Inc.,SDF,"Louisville, KY: Louisville Muhammad Ali International",85.00,16.00,9.81,2.66,3.54,0.00,0.00,4.00,0.00,1651.00,1170.00,226.00,255.00,0.00,0.00
2025,11,OO,SkyWest Airlines Inc.,SEA,"Seattle, WA: Seattle/Tacoma International",2312.00,257.00,134.64,44.58,39.58,0.90,37.31,83.00,3.00,16385.00,7915.00,4586.00,1624.00,53.00,2207.00
2025,11,OO,SkyWest Airlines Inc.,SFO,"San Francisco, CA: San Francisco International",2767.00,760.00,261.13,31.55,377.76,0.00,89.55,118.00,7.00,58929.00,14012.00,5036.00,32611.00,0.00,7270.00
2025,11,OO,SkyWest Airlines Inc.,SGF,"Springfield, MO: Springfield-Branson National",138.00,21.00,10.84,4.71,1.92,0.00,3.53,4.00,0.00,2136.00,454.00,1303.00,125.00,0.00,254.00
2025,11,OO,SkyWest Airlines Inc.,SGU,"St. George, UT: St George Regional",406.00,41.00,27.17,3.45,6.91,0.00,3.47,3.00,0.00,2584.00,1400.00,169.00,869.00,0.00,146.00
2025,11,OO,SkyWest Airlines Inc.,SHR,"Sheridan, WY: Sheridan County",64.00,6.00,2.09,0.00,0.91,0.00,3.00,0.00,0.00,398.00,112.00,0.00,32.00,0.00,254.00
2025,11,OO,SkyWest Airlines Inc.,SHV,"Shreveport, LA: Shreveport Regional",487.00,103.00,61.33,14.86,12.15,0.00,14.65,19.00,0.00,8431.00,4838.00,1744.00,1030.00,0.00,819.00
2025,11,OO,SkyWest Airlines Inc.,SJC,"San Jose, CA: Norman Y. Mineta San Jose International",666.00,57.00,28.28,9.40,8.17,0.00,11.15,12.00,0.00,3308.00,1333.00,903.00,461.00,0.00,611.00
2025,11,OO,SkyWest Airlines Inc.,SJT,"San Angelo, TX: San Angelo Regional/Mathis Field",87.00,15.00,7.38,0.23,2.88,0.00,4.52,5.00,2.00,851.00,476.00,8.00,202.00,0.00,165.00
2025,11,OO,SkyWest Airlines Inc.,SLC,"Salt Lake City, UT: Salt Lake City International",2934.00,208.00,121.14,33.96,26.59,0.42,25.90,71.00,0.00,13671.00,7337.00,2790.00,1863.00,10.00,1671.00
2025,11,OO,SkyWest Airlines Inc.,SLN,"Salina, KS: Salina Regional",88.00,22.00,15.17,0.00,3.95,0.00,2.88,2.00,0.00,1418.00,703.00,0.00,432.00,0.00,283.00
2025,11,OO,SkyWest Airlines Inc.,SMF,"Sacramento, CA: Sacramento International",802.00,104.00,58.39,9.35,22.22,0.00,14.05,36.00,2.00,5469.00,2965.00,488.00,1162.00,0.00,854.00
2025,11,OO,SkyWest Airlines Inc.,SMX,"Santa Maria, CA: Santa Maria Public/Capt. G. Allan Hancock Field",60.00,9.00,2.00,4.00,1.00,0.00,2.00,1.00,1.00,2163.00,68.00,1971.00,18.00,0.00,106.00
2025,11,OO,SkyWest Airlines Inc.,SNA,"Santa Ana, CA: John Wayne Airport-Orange County",502.00,93.00,32.76,6.76,29.93,0.00,23.55,15.00,1.00,6233.00,1649.00,396.00,2765.00,0.00,1423.00
2025,11,OO,SkyWest Airlines Inc.,SPI,"Springfield, IL: Abraham Lincoln Capital",1.00,1.00,0.00,0.81,0.19,0.00,0.00,0.00,0.00,485.00,0.00,395.00,90.00,0.00,0.00
2025,11,OO,SkyWest Airlines Inc.,SPS,"Wichita Falls, TX: Sheppard AFB/Wichita Falls Municipal",2.00,0.00,0.00,0.00,0.00,0.00,0.00,0.00,0.00,0.00,0.00,0.00,0.00,0.00,0.00
2025,11,OO,SkyWest Airlines Inc.,STL,"St. Louis, MO: St Louis Lambert International",112.00,32.00,16.29,6.31,4.44,0.00,4.96,6.00,0.00,2393.00,1222.00,449.00,261.00,0.00,461.00
2025,11,OO,SkyWest Airlines Inc.,STS,"Santa Rosa, CA: Charles M. Schulz - Sonoma County",375.00,72.00,17.30,13.73,20.85,0.00,20.12,15.00,4.00,3556.00,680.00,886.00,1078.00,0.00,912.00
2025,11,OO,SkyWest Airlines Inc.,SUN,"Sun Valley/Hailey/Ketchum, ID: Friedman Memorial",116.00,5.00,2.19,2.00,0.81,0.00,0.00,1.00,0.00,220.00,144.00,50.00,26.00,0.00,0.00
2025,11,OO,SkyWest Airlines Inc.,SUX,"Sioux City, IA: Sioux Gateway Brig Gen Bud Day Field",59.00,11.00,4.63,0.00,3.59,0.00,2.78,4.00,0.00,2358.00,1559.00,0.00,509.00,0.00,290.00
2025,11,OO,SkyWest Airlines Inc.,SWO,"Stillwater, OK: Stillwater Regional",2.00,0.00,0.00,0.00,0.00,0.00,0.00,0.00,0.00,0.00,0.00,0.00,0.00,0.00,0.00
2025,11,OO,SkyWest Airlines Inc.,SYR,"Syracuse, NY: Syracuse Hancock International",34.00,9.00,4.85,0.00,2.16,0.00,1.98,4.00,0.00,751.00,307.00,0.00,302.00,0.00,142.00
2025,11,OO,SkyWest Airlines Inc.,TLH,"Tallahassee, FL: Tallahassee International",1.00,,0.00,0.00,0.00,0.00,0.00,1.00,0.00,0.00,0.00,0.00,0.00,0.00,0.00
2025,11,OO,SkyWest Airlines Inc.,TUL,"Tulsa, OK: Tulsa International",395.00,66.00,39.25,3.88,12.28,0.00,10.59,7.00,0.00,4113.00,1701.00,406.00,1077.00,0.00,929.00
2025,11,OO,SkyWest Airlines Inc.,TUS,"Tucson, AZ: Tucson International",712.00,106.00,56.51,6.37,16.35,0.00,26.77,20.00,0.00,5944.00,3039.00,427.00,864.00,0.00,1614.00
2025,11,OO,SkyWest Airlines Inc.,TVC,"Traverse City, MI: Cherry Capital",217.00,49.00,28.39,6.69,6.79,0.00,7.13,22.00,0.00,4210.00,2001.00,774.00,678.00,0.00,757.00
2025,11,OO,SkyWest Airlines Inc.,TWF,"Twin Falls, ID: Joslin Field - Magic Valley Regional",57.00,5.00,4.82,0.00,0.18,0.00,0.00,0.00,0.00,323.00,316.00,0.00,7.00,0.00,0.00
2025,11,OO,SkyWest Airlines Inc.,TYR,"Tyler, TX: Tyler Pounds Regional",84.00,13.00,7.64,2.80,0.88,0.00,1.69,11.00,1.00,897.00,237.00,567.00,35.00,0.00,58.00
2025,11,OO,SkyWest Airlines Inc.,TYS,"Knoxville, TN: McGhee Tyson",107.00,31.00,20.24,2.00,5.25,0.00,3.51,6.00,3.00,1917.00,946.00,93.00,374.00,0.00,504.00
2025,11,OO,SkyWest Airlines Inc.,VCT,"Victoria, TX: Victoria Regional",55.00,10.00,3.00,1.84,1.19,0.00,3.97,0.00,0.00,1128.00,122.00,663.00,95.00,0.00,248.00
2025,11,OO,SkyWest Airlines Inc.,XNA,"Fayetteville, AR: Northwest Arkansas National",212.00,28.00,18.31,4.18,2.53,0.00,2.99,5.00,0.00,1523.00,936.00,140.00,89.00,0.00,358.00
2025,11,OO,SkyWest Airlines Inc.,XWA,"Williston, ND: Williston Basin International",197.00,33.00,21.42,5.68,4.76,0.00,1.14,7.00,1.00,2737.00,1188.00,1098.00,287.00,0.00,164.00
2025,11,OO,SkyWest Airlines Inc.,YUM,"Yuma, AZ: Yuma MCAS/Yuma International",66.00,15.00,4.63,0.00,4.07,0.00,6.29,1.00,0.00,679.00,306.00,0.00,114.00,0.00,259.00
2025,11,PT,Piedmont Airlines,AGS,"Augusta, GA: Augusta Regional at Bush Field",132.00,12.00,1.16,1.50,1.83,0.00,7.51,8.00,0.00,1153.00,65.00,648.00,57.00,0.00,383.00
2025,11,PT,Piedmont Airlines,ALB,"Albany, NY: Albany International",115.00,18.00,4.45,0.00,8.12,0.00,5.43,0.00,1.00,627.00,120.00,0.00,237.00,0.00,270.00
2025,11,PT,Piedmont Airlines,ART,"Watertown, NY: Watertown International",57.00,7.00,0.00,2.00,1.07,0.00,3.93,0.00,2.00,391.00,0.00,146.00,34.00,0.00,211.00
2025,11,PT,Piedmont Airlines,AVL,"Asheville, NC: Asheville Regional",129.00,19.00,3.32,2.04,10.11,1.00,2.53,2.00,0.00,993.00,239.00,125.00,377.00,33.00,219.00
2025,11,PT,Piedmont Airlines,BDL,"Hartford, CT: Bradley International",83.00,11.00,1.27,0.00,0.08,0.00,9.65,2.00,0.00,530.00,80.00,0.00,6.00,0.00,444.00
2025,11,PT,Piedmont Airlines,BGR,"Bangor, ME: Bangor International",56.00,5.00,0.04,1.25,0.19,0.00,3.53,0.00,1.00,393.00,2.00,137.00,10.00,0.00,244.00
2025,11,PT,Piedmont Airlines,BHM,"Birmingham, AL: Birmingham-Shuttlesworth International",1.00,0.00,0.00,0.00,0.00,0.00,0.00,0.00,0.00,0.00,0.00,0.00,0.00,0.00,0.00
2025,11,PT,Piedmont Airlines,BNA,"Nashville, TN: Nashville International",9.00,6.00,1.44,0.00,2.19,0.00,2.38,0.00,0.00,243.00,94.00,0.00,78.00,0.00,71.00
2025,11,PT,Piedmont Airlines,BOS,"Boston, MA: Logan International",114.00,29.00,3.80,0.81,11.73,0.00,12.66,1.00,0.00,1979.00,120.00,108.00,553.00,0.00,1198.00
2025,11,PT,Piedmont Airlines,BUF,"Buffalo, NY: Buffalo Niagara International",65.00,10.00,4.02,0.00,2.30,0.00,3.68,2.00,1.00,857.00,185.00,0.00,179.00,0.00,493.00
2025,11,PT,Piedmont Airlines,CAE,"Columbia, SC: Columbia Metropolitan",249.00,19.00,3.69,0.00,3.81,0.00,11.50,7.00,0.00,1061.00,251.00,0.00,127.00,0.00,683.00
2025,11,PT,Piedmont Airlines,CHA,"Chattanooga, TN: Lovell Field",191.00,24.00,9.10,1.74,5.35,0.00,7.81,6.00,0.00,1187.00,488.00,92.00,193.00,0.00,414.00
2025,11,PT,Piedmont Airlines,CHO,"Charlottesville, VA: Charlottesville Albemarle",213.00,20.00,5.91,0.00,3.13,0.00,10.96,3.00,0.00,1162.00,500.00,0.00,147.00,0.00,515.00
2025,11,PT,Piedmont Airlines,CHS,"Charleston, SC: Charleston AFB/International",1.00,1.00,0.45,0.00,0.55,0.00,0.00,0.00,0.00,29.00,13.00,0.00,16.00,0.00,0.00
2025,11,PT,Piedmont Airlines,CLE,"Cleveland, OH: Cleveland-Hopkins International",57.00,7.00,0.90,0.00,2.10,0.00,4.00,0.00,0.00,208.00,15.00,0.00,43.00,0.00,150.00
2025,11,PT,Piedmont Airlines,CLT,"Charlotte, NC: Charlotte Douglas International",4034.00,382.00,92.04,15.61,88.23,2.07,184.05,112.00,3.00,33999.00,9111.00,2880.00,3824.00,95.00,18089.00
2025,11,PT,Piedmont Airlines,CMH,"Columbus, OH: John Glenn Columbus International",3.00,1.00,0.00,0.00,0.12,0.00,0.88,0.00,0.00,59.00,0.00,0.00,7.00,0.00,52.00
2025,11,PT,Piedmont Airlines,CVG,"Cincinnati, OH: Cincinnati/Northern Kentucky International",30.00,4.00,1.53,0.00,1.59,0.00,0.88,3.00,0.00,174.00,56.00,0.00,74.00,0.00,44.00
2025,11,PT,Piedmont Airlines,ERI,"Erie, PA: Erie International/Tom Ridge Field",62.00,5.00,0.89,0.00,1.12,0.00,2.99,0.00,1.00,303.00,91.00,0.00,27.00,0.00,185.00
2025,11,PT,Piedmont Airlines,EVV,"Evansville, IN: Evansville Regional",59.00,3.00,0.09,0.00,0.75,0.00,2.16,0.00,0.00,139.00,7.00,0.00,21.00,0.00,111.00
2025,11,PT,Piedmont Airlines,EWN,"New Bern/Morehead/Beaufort, NC: Coastal Carolina Regional",146.00,7.00,2.00,0.00,1.14,0.00,3.86,6.00,1.00,1591.00,70.00,0.00,61.00,0.00,1460.00
2025,11,PT,Piedmont Airlines,FAY,"Fayetteville, NC: Fayetteville Regional/Grannis Field",145.00,6.00,2.89,1.00,1.58,0.00,0.53,6.00,0.00,190.00,117.00,24.00,37.00,0.00,12.00
2025,11,PT,Piedmont Airlines,FLO,"Florence, SC: Florence Regional",80.00,4.00,2.00,0.00,0.00,0.00,2.00,3.00,0.00,182.00,125.00,0.00,0.00,0.00,57.00
2025,11,PT,Piedmont Airlines,FWA,"Fort Wayne, IN: Fort Wayne International",88.00,10.00,2.59,1.00,1.94,0.00,4.46,1.00,0.00,1572.00,266.00,68.00,97.00,0.00,1141.00
2025,11,PT,Piedmont Airlines,GNV,"Gainesville, FL: Gainesville Regional",157.00,14.00,5.08,0.00,2.62,0.00,6.30,3.00,1.00,557.00,240.00,0.00,73.00,0.00,244.00
2025,11,PT,Piedmont Airlines,GPT,"Gulfport/Biloxi, MS: Gulfport-Biloxi International",30.00,1.00,0.93,0.00,0.07,0.00,0.00,1.00,0.00,82.00,76.00,0.00,6.00,0.00,0.00
2025,11,PT,Piedmont Airlines,GRR,"Grand Rapids, MI: Gerald R. Ford International",28.00,6.00,1.26,0.52,2.00,0.00,2.23,0.00,0.00,196.00,46.00,17.00,52.00,0.00,81.00
2025,11,PT,Piedmont Airlines,GSO,"Greensboro/High Point, NC: Piedmont Triad International",238.00,25.00,7.15,0.59,8.00,0.00,9.26,7.00,0.00,1472.00,297.00,53.00,501.00,0.00,621.00
2025,11,PT,Piedmont Airlines,GSP,"Greer, SC: Greenville-Spartanburg International",134.00,7.00,0.34,0.00,0.44,0.00,6.21,8.00,0.00,251.00,6.00,0.00,17.00,0.00,228.00
2025,11,PT,Piedmont Airlines,HSV,"Huntsville, AL: Huntsville International-Carl T Jones Field",143.00,10.00,0.81,0.00,3.44,0.00,5.75,3.00,0.00,678.00,65.00,0.00,224.00,0.00,389.00
2025,11,PT,Piedmont Airlines,HTS,"Ashland, WV: Tri-State/Milton J. Ferguson Field",81.00,6.00,2.66,0.00,0.29,0.00,3.05,2.00,1.00,285.00,88.00,0.00,10.00,0.00,187.00
2025,11,PT,Piedmont Airlines,ILM,"Wilmington, NC: Wilmington International",187.00,21.00,4.92,0.00,6.67,0.00,9.41,5.00,0.00,939.00,285.00,0.00,241.00,0.00,413.00
2025,11,PT,Piedmont Airlines,IND,"Indianapolis, IN: Indianapolis International",2.00,1.00,0.68,0.00,0.32,0.00,0.00,0.00,0.00,142.00,97.00,0.00,45.00,0.00,0.00
2025,11,PT,Piedmont Airlines,JAN,"Jackson/Vicksburg, MS: Jackson Medgar Wiley Evers International",98.00,9.00,1.73,1.00,3.93,0.00,2.35,1.00,0.00,294.00,88.00,17.00,80.00,0.00,109.00
2025,11,PT,Piedmont Airlines,LEX,"Lexington, KY: Blue Grass",85.00,9.00,3.46,0.28,2.84,0.00,2.43,2.00,0.00,502.00,115.00,16.00,165.00,0.00,206.00
2025,11,PT,Piedmont Airlines,LYH,"Lynchburg, VA: Lynchburg Regional/Preston Glenn Field",164.00,14.00,2.49,1.70,2.01,0.00,7.80,5.00,0.00,817.00,149.00,94.00,57.00,0.00,517.00
2025,11,PT,Piedmont Airlines,MDT,"Harrisburg, PA: Harrisburg International",293.00,39.00,8.12,0.00,8.29,0.00,22.59,1.00,0.00,2538.00,622.00,0.00,273.00,0.00,1643.00
2025,11,PT,Piedmont Airlines,MGM,"Montgomery, AL: Montgomery Regional",75.00,6.00,0.00,1.04,4.00,0.00,0.96,0.00,0.00,1531.00,0.00,744.00,79.00,0.00,708.00
2025,11,PT,Piedmont Airlines,MHT,"Manchester, NH: Manchester Boston Regional",88.00,9.00,2.51,0.00,2.29,0.00,4.20,1.00,0.00,534.00,110.00,0.00,259.00,0.00,165.00
2025,11,PT,Piedmont Airlines,MKE,"Milwaukee, WI: General Mitchell International",38.00,8.00,2.62,0.53,3.28,0.00,1.57,0.00,0.00,338.00,153.00,10.00,98.00,0.00,77.00
2025,11,PT,Piedmont Airlines,MLI,"Moline, IL: Quad Cities International",59.00,6.00,2.90,0.00,2.10,0.00,1.00,1.00,2.00,227.00,144.00,0.00,55.00,0.00,28.00
2025,11,PT,Piedmont Airlines,MOB,"Mobile, AL: Mobile Regional",87.00,7.00,0.27,0.00,2.80,0.00,3.93,2.00,2.00,316.00,20.00,0.00,69.00,0.00,227.00
2025,11,PT,Piedmont Airlines,MSN,"Madison, WI: Dane County Regional-Truax Field",28.00,6.00,2.18,0.61,1.39,0.00,1.82,0.00,0.00,303.00,183.00,23.00,42.00,0.00,55.00
2025,11,PT,Piedmont Airlines,MYR,"Myrtle Beach, SC: Myrtle Beach International",57.00,13.00,4.54,0.00,5.69,0.00,2.77,1.00,0.00,794.00,155.00,0.00,521.00,0.00,118.00
2025,11,PT,Piedmont Airlines,OAJ,"Jacksonville/Camp Lejeune, NC: Albert J Ellis",102.00,10.00,2.25,0.00,1.41,0.00,6.34,2.00,1.00,440.00,96.00,0.00,34.00,0.00,310.00
2025,11,PT,Piedmont Airlines,ORF,"Norfolk, VA: Norfolk International",49.00,6.00,0.71,0.00,3.66,0.00,1.63,6.00,0.00,159.00,17.00,0.00,92.00,0.00,50.00
2025,11,PT,Piedmont Airlines,ORH,"Worcester, MA: Worcester Regional",29.00,3.00,0.00,1.00,0.09,0.00,1.91,0.00,0.00,254.00,0.00,33.00,12.00,0.00,209.00
2025,11,PT,Piedmont Airlines,PGV,"Greenville, NC: Pitt Greenville",86.00,5.00,2.58,0.00,0.00,0.00,2.42,3.00,1.00,238.00,110.00,0.00,0.00,0.00,128.00
2025,11,PT,Piedmont Airlines,PHF,"Newport News/Williamsburg, VA: Newport News/Williamsburg International",115.00,7.00,3.21,1.08,1.68,0.00,1.03,8.00,0.00,342.00,207.00,31.00,69.00,0.00,35.00
2025,11,PT,Piedmont Airlines,PHL,"Philadelphia, PA: Philadelphia International",1989.00,291.00,51.16,10.57,74.88,0.00,154.39,36.00,3.00,26241.00,8425.00,1344.00,3402.00,4.00,13066.00
2025,11,PT,Piedmont Airlines,PIT,"Pittsburgh, PA: Pittsburgh International",68.00,13.00,2.25,1.90,3.40,0.00,5.46,2.00,0.00,671.00,105.00,162.00,171.00,0.00,233.00
2025,11,PT,Piedmont Airlines,PVD,"Providence, RI: Rhode Island Tf Green International",30.00,0.00,0.00,0.00,0.00,0.00,0.00,1.00,0.00,0.00,0.00,0.00,0.00,0.00,0.00
2025,11,PT,Piedmont Airlines,PWM,"Portland, ME: Portland International Jetport",111.00,14.00,3.82,0.77,2.52,0.00,6.89,0.00,0.00,1005.00,159.00,34.00,88.00,0.00,724.00
2025,11,PT,Piedmont Airlines,RDU,"Raleigh/Durham, NC: Raleigh-Durham International",2.00,1.00,0.27,0.00,0.73,0.00,0.00,0.00,0.00,56.00,15.00,0.00,41.00,0.00,0.00
2025,11,PT,Piedmont Airlines,RIC,"Richmond, VA: Richmond International",143.00,26.00,3.87,2.03,7.48,0.00,12.62,2.00,1.00,1467.00,131.00,128.00,392.00,0.00,816.00
2025,11,PT,Piedmont Airlines,ROA,"Roanoke, VA: Roanoke Blacksburg Regional",282.00,37.00,13.70,1.07,9.81,0.00,12.42,5.00,2.00,1947.00,927.00,184.00,209.00,0.00,627.00
2025,11,PT,Piedmont Airlines,ROC,"Rochester, NY: Frederick Douglass Grtr Rochester International",141.00,29.00,4.55,0.87,7.99,0.00,15.59,1.00,0.00,2068.00,214.00,77.00,337.00,0.00,1440.00
2025,11,PT,Piedmont Airlines,SAV,"Savannah, GA: Savannah/Hilton Head International",71.00,6.00,2.79,1.00,1.65,0.00,0.56,4.00,0.00,546.00,268.00,54.00,160.00,0.00,64.00
2025,11,PT,Piedmont Airlines,SBY,"Salisbury, MD: Salisbury-Ocean City/Wicomico Regional",120.00,19.00,6.27,1.88,4.02,0.00,6.83,0.00,2.00,1695.00,417.00,635.00,181.00,0.00,462.00
2025,11,PT,Piedmont Airlines,SCE,"State College, PA: State College Regional",88.00,13.00,1.17,1.05,4.48,0.00,6.30,3.00,0.00,886.00,63.00,32.00,262.00,0.00,529.00
2025,11,PT,Piedmont Airlines,SDF,"Louisville, KY: Louisville Muhammad Ali International",54.00,4.00,0.94,0.00,3.06,0.00,0.00,2.00,0.00,214.00,105.00,0.00,109.00,0.00,0.00
2025,11,PT,Piedmont Airlines,SGF,"Springfield, MO: Springfield-Branson National",1.00,0.00,0.00,0.00,0.00,0.00,0.00,0.00,0.00,0.00,0.00,0.00,0.00,0.00,0.00
2025,11,PT,Piedmont Airlines,SHV,"Shreveport, LA: Shreveport Regional",1.00,1.00,0.67,0.00,0.00,0.00,0.33,0.00,0.00,33.00,22.00,0.00,0.00,0.00,11.00
2025,11,PT,Piedmont Airlines,SYR,"Syracuse, NY: Syracuse Hancock International",91.00,18.00,3.30,1.81,6.31,0.00,6.58,4.00,0.00,1346.00,284.00,155.00,256.00,0.00,651.00
2025,11,PT,Piedmont Airlines,TLH,"Tallahassee, FL: Tallahassee International",141.00,10.00,3.19,0.38,2.48,0.00,3.96,1.00,2.00,393.00,125.00,6.00,43.00,0.00,219.00
2025,11,PT,Piedmont Airlines,TRI,"Bristol/Johnson City/Kingsport, TN: Tri Cities",163.00,19.00,8.19,2.14,3.83,0.00,4.83,9.00,0.00,852.00,315.00,275.00,123.00,0.00,139.00
2025,11,PT,Piedmont Airlines,TYS,"Knoxville, TN: McGhee Tyson",207.00,42.00,7.92,4.24,21.50,0.00,8.34,3.00,1.00,2202.00,330.00,623.00,825.00,0.00,424.00
2025,11,QX,Horizon Air,ABQ,"Albuquerque, NM: Albuquerque International Sunport",29.00,5.00,0.55,0.00,3.56,0.00,0.88,0.00,0.00,97.00,11.00,0.00,63.00,0.00,23.00
2025,11,QX,Horizon Air,AKN,"King Salmon, AK: King Salmon Airport",28.00,0.00,0.00,0.00,0.00,0.00,0.00,0.00,0.00,0.00,0.00,0.00,0.00,0.00,0.00
2025,11,QX,Horizon Air,ALW,"Walla Walla, WA: Walla Walla Regional",59.00,6.00,3.00,2.00,1.00,0.00,0.00,3.00,0.00,281.00,78.00,184.00,19.00,0.00,0.00
2025,11,QX,Horizon Air,ANC,"Anchorage, AK: Ted Stevens Anchorage International",268.00,30.00,4.04,1.56,11.72,0.00,12.68,13.00,0.00,1397.00,130.00,67.00,433.00,0.00,767.00
2025,11,QX,Horizon Air,BET,"Bethel, AK: Bethel Airport",12.00,0.00,0.00,0.00,0.00,0.00,0.00,2.00,0.00,0.00,0.00,0.00,0.00,0.00,0.00
2025,11,QX,Horizon Air,BIL,"Billings, MT: Billings Logan International",105.00,11.00,5.22,0.00,3.78,0.00,2.00,0.00,0.00,499.00,234.00,0.00,211.00,0.00,54.00
2025,11,QX,Horizon Air,BLI,"Bellingham, WA: Bellingham International",20.00,0.00,0.00,0.00,0.00,0.00,0.00,1.00,0.00,0.00,0.00,0.00,0.00,0.00,0.00
2025,11,QX,Horizon Air,BOI,"Boise, ID: Boise Air Terminal",459.00,55.00,14.98,1.00,9.55,0.00,29.46,13.00,4.00,2905.00,679.00,69.00,303.00,0.00,1854.00
2025,11,QX,Horizon Air,BRW,"Barrow, AK: Wiley Post/Will Rogers Memorial",4.00,1.00,0.00,0.68,0.32,0.00,0.00,0.00,0.00,25.00,0.00,17.00,8.00,0.00,0.00
2025,11,QX,Horizon Air,BZN,"Bozeman, MT: Bozeman Yellowstone International",118.00,8.00,3.00,0.94,3.06,0.00,1.00,1.00,1.00,434.00,61.00,130.00,85.00,0.00,158.00
2025,11,QX,Horizon Air,DLG,"Dillingham, AK: Dillingham Airport",29.00,4.00,0.04,0.42,2.27,0.00,1.26,2.00,0.00,88.00,1.00,8.00,48.00,0.00,31.00
2025,11,QX,Horizon Air,EAT,"Wenatchee, WA: Pangborn Memorial",59.00,6.00,2.17,0.00,2.83,0.00,1.00,0.00,0.00,243.00,62.00,0.00,159.00,0.00,22.00
2025,11,QX,Horizon Air,ELP,"El Paso, TX: El Paso International",29.00,4.00,1.05,0.00,1.14,0.00,1.82,0.00,0.00,143.00,27.00,0.00,39.00,0.00,77.00
2025,11,QX,Horizon Air,EUG,"Eugene, OR: Mahlon Sweet Field",138.00,19.00,4.44,0.00,3.69,0.00,10.86,2.00,0.00,850.00,252.00,0.00,138.00,0.00,460.00
2025,11,QX,Horizon Air,FAI,"Fairbanks, AK: Fairbanks International",97.00,13.00,1.12,0.22,6.85,0.00,4.81,6.00,0.00,481.00,56.00,8.00,208.00,0.00,209.00
2025,11,QX,Horizon Air,FAT,"Fresno, CA: Fresno Yosemite International",66.00,4.00,0.92,0.00,1.08,0.00,2.00,2.00,0.00,183.00,91.00,0.00,32.00,0.00,60.00
2025,11,QX,Horizon Air,FCA,"Kalispell, MT: Glacier Park International",79.00,7.00,2.77,0.88,1.77,0.00,1.58,2.00,0.00,312.00,177.00,21.00,52.00,0.00,62.00
2025,11,QX,Horizon Air,GEG,"Spokane, WA: Spokane International",286.00,41.00,8.96,0.93,7.45,0.00,23.66,9.00,0.00,2003.00,302.00,25.00,228.00,0.00,1448.00
2025,11,QX,Horizon Air,GTF,"Great Falls, MT: Great Falls International",29.00,3.00,0.67,0.00,0.78,0.00,1.56,0.00,0.00,56.00,10.00,0.00,14.00,0.00,32.00
2025,11,QX,Horizon Air,HLN,"Helena, MT: Helena Regional",20.00,1.00,0.21,0.00,0.26,0.00,0.53,0.00,0.00,38.00,8.00,0.00,10.00,0.00,20.00
2025,11,QX,Horizon Air,ICT,"Wichita, KS: Wichita Dwight D Eisenhower National",26.00,3.00,1.99,0.00,1.01,0.00,0.00,0.00,0.00,195.00,170.00,0.00,25.00,0.00,0.00
2025,11,QX,Horizon Air,LAS,"Las Vegas, NV: Harry Reid International",201.00,53.00,11.00,0.00,18.32,0.00,23.68,13.00,0.00,2909.00,519.00,0.00,1043.00,0.00,1347.00
2025,11,QX,Horizon Air,LAX,"Los Angeles, CA: Los Angeles International",558.00,121.00,29.15,0.00,40.10,0.00,51.75,18.00,0.00,6161.00,1695.00,0.00,1469.00,0.00,2997.00
2025,11,QX,Horizon Air,MFR,"Medford, OR: Rogue Valley International - Medford",262.00,35.00,7.85,4.00,9.60,0.00,13.55,8.00,1.00,1425.00,376.00,180.00,305.00,0.00,564.00
2025,11,QX,Horizon Air,MRY,"Monterey, CA: Monterey Regional",29.00,5.00,2.00,0.00,3.00,0.00,0.00,0.00,0.00,150.00,66.00,0.00,84.00,0.00,0.00
2025,11,QX,Horizon Air,MSO,"Missoula, MT: Missoula Montana",89.00,9.00,0.00,0.98,2.28,0.00,5.74,0.00,0.00,352.00,0.00,100.00,58.00,0.00,194.00
2025,11,QX,Horizon Air,OAK,"Oakland, CA: Oakland International",86.00,8.00,3.53,0.00,2.84,0.00,1.63,6.00,0.00,305.00,150.00,0.00,88.00,0.00,67.00
2025,11,QX,Horizon Air,OME,"Nome, AK: Nome Airport",29.00,1.00,0.94,0.00,0.06,0.00,0.00,2.00,0.00,95.00,89.00,0.00,6.00,0.00,0.00
2025,11,QX,Horizon Air,ONT,"Ontario, CA: Ontario International",30.00,0.00,0.00,0.00,0.00,0.00,0.00,2.00,0.00,0.00,0.00,0.00,0.00,0.00,0.00
2025,11,QX,Horizon Air,OTZ,"Kotzebue, AK: Ralph Wien Memorial",29.00,3.00,1.46,0.82,0.18,0.00,0.54,1.00,0.00,287.00,140.00,68.00,15.00,0.00,64.00
2025,11,QX,Horizon Air,PAE,"Everett, WA: Seattle Paine Field International",204.00,61.00,6.51,0.00,7.23,0.00,47.26,9.00,2.00,3450.00,648.00,0.00,249.00,0.00,2553.00
2025,11,QX,Horizon Air,PDX,"Portland, OR: Portland International",1061.00,105.00,34.65,0.61,19.71,0.00,50.03,37.00,0.00,5760.00,1962.00,76.00,680.00,0.00,3042.00
2025,11,QX,Horizon Air,PHX,"Phoenix, AZ: Phoenix Sky Harbor International",93.00,32.00,2.20,0.00,17.51,0.00,12.28,6.00,0.00,1992.00,85.00,0.00,1223.00,0.00,684.00
2025,11,QX,Horizon Air,PSC,"Pasco/Kennewick/Richland, WA: Tri Cities",51.00,3.00,0.00,0.00,1.00,0.00,2.00,1.00,0.00,62.00,0.00,0.00,24.00,0.00,38.00
2025,11,QX,Horizon Air,PSP,"Palm Springs, CA: Palm Springs International",78.00,13.00,7.89,1.00,1.52,0.00,2.59,3.00,0.00,670.00,407.00,64.00,43.00,0.00,156.00
2025,11,QX,Horizon Air,PUW,"Pullman, WA: Pullman Moscow Regional",111.00,11.00,2.72,0.00,1.98,0.00,6.30,1.00,0.00,401.00,146.00,0.00,42.00,0.00,213.00
2025,11,QX,Horizon Air,RDD,"Redding, CA: Redding Regional",29.00,0.00,0.00,0.00,0.00,0.00,0.00,0.00,0.00,0.00,0.00,0.00,0.00,0.00,0.00
2025,11,QX,Horizon Air,RDM,"Bend/Redmond, OR: Roberts Field",213.00,35.00,9.21,0.00,5.02,0.00,20.77,5.00,1.00,1741.00,320.00,0.00,134.00,0.00,1287.00
2025,11,QX,Horizon Air,RNO,"Reno, NV: Reno/Tahoe International",194.00,24.00,6.84,0.33,3.46,0.00,13.37,9.00,0.00,1100.00,365.00,21.00,109.00,0.00,605.00
2025,11,QX,Horizon Air,SAN,"San Diego, CA: San Diego International",320.00,92.00,9.88,2.94,45.39,0.00,33.78,5.00,0.00,4500.00,593.00,214.00,1919.00,0.00,1774.00
2025,11,QX,Horizon Air,SBA,"Santa Barbara, CA: Santa Barbara Municipal",40.00,3.00,1.87,0.00,0.13,0.00,1.00,0.00,0.00,122.00,95.00,0.00,12.00,0.00,15.00
2025,11,QX,Horizon Air,SBP,"San Luis Obispo, CA: San Luis Obispo County Regional",39.00,2.00,0.00,0.00,0.00,0.00,2.00,1.00,0.00,62.00,0.00,0.00,0.00,0.00,62.00
2025,11,QX,Horizon Air,SEA,"Seattle, WA: Seattle/Tacoma International",1499.00,202.00,35.05,3.10,85.16,0.00,78.70,42.00,0.00,8499.00,2699.00,81.00,2164.00,0.00,3555.00
2025,11,QX,Horizon Air,SFO,"San Francisco, CA: San Francisco International",269.00,101.00,13.90,2.90,49.15,0.00,35.05,16.00,8.00,6569.00,877.00,129.00,3257.00,0.00,2306.00
2025,11,QX,Horizon Air,SJC,"San Jose, CA: Norman Y. Mineta San Jose International",194.00,20.00,7.36,0.32,2.64,0.00,9.69,6.00,0.00,819.00,296.00,7.00,67.00,0.00,449.00
2025,11,QX,Horizon Air,SLC,"Salt Lake City, UT: Salt Lake City International",24.00,2.00,1.11,0.00,0.00,0.00,0.89,1.00,0.00,100.00,61.00,0.00,0.00,0.00,39.00
2025,11,QX,Horizon Air,SMF,"Sacramento, CA: Sacramento International",164.00,24.00,9.15,0.55,6.98,0.00,7.32,6.00,0.00,1048.00,635.00,14.00,206.00,0.00,193.00
2025,11,QX,Horizon Air,SNA,"Santa Ana, CA: John Wayne Airport-Orange County",60.00,11.00,2.73,0.00,1.85,0.00,6.42,1.00,0.00,580.00,195.00,0.00,96.00,0.00,289.00
2025,11,QX,Horizon Air,STS,"Santa Rosa, CA: Charles M. Schulz - Sonoma County",59.00,7.00,2.23,0.00,2.38,0.00,2.39,3.00,1.00,200.00,67.00,0.00,44.00,0.00,89.00
2025,11,QX,Horizon Air,SUN,"Sun Valley/Hailey/Ketchum, ID: Friedman Memorial",15.00,1.00,0.11,0.00,0.11,0.00,0.78,0.00,0.00,18.00,2.00,0.00,2.00,0.00,14.00
2025,11,QX,Horizon Air,YKM,"Yakima, WA: Yakima Air Terminal/McAllister Field",58.00,4.00,2.00,0.00,0.05,0.00,1.95,0.00,0.00,104.00,48.00,0.00,2.00,0.00,54.00
2025,11,UA,United Air Lines Network,ABQ,"Albuquerque, NM: Albuquerque International Sunport",176.00,26.00,11.45,1.00,6.54,0.00,7.01,0.00,0.00,1240.00,461.00,66.00,240.00,0.00,473.00
2025,11,UA,United Air Lines Network,ALB,"Albany, NY: Albany International",30.00,12.00,2.57,1.98,2.62,0.00,4.84,0.00,0.00,865.00,77.00,77.00,123.00,0.00,588.00
2025,11,UA,United Air Lines Network,ANC,"Anchorage, AK: Ted Stevens Anchorage International",59.00,17.00,6.90,0.67,6.27,0.00,3.16,1.00,0.00,653.00,212.00,65.00,198.00,0.00,178.00
2025,11,UA,United Air Lines Network,ATL,"Atlanta, GA: Hartsfield-Jackson Atlanta International",646.00,131.00,39.41,1.80,47.35,0.00,42.44,15.00,2.00,10546.00,2927.00,93.00,3532.00,0.00,3994.00
2025,11,UA,United Air Lines Network,AUS,"Austin, TX: Austin - Bergstrom International",912.00,197.00,51.29,7.69,77.99,0.00,60.03,13.00,5.00,13235.00,3709.00,734.00,3829.00,0.00,4963.00
2025,11,UA,United Air Lines Network,BDL,"Hartford, CT: Bradley International",199.00,43.00,15.21,1.31,12.48,0.00,14.00,1.00,0.00,3338.00,1018.00,176.00,327.00,0.00,1817.00
2025,11,UA,United Air Lines Network,BIL,"Billings, MT: Billings Logan International",59.00,6.00,1.55,0.00,1.02,0.00,3.43,0.00,0.00,280.00,61.00,0.00,16.00,0.00,203.00
2025,11,UA,United Air Lines Network,BNA,"Nashville, TN: Nashville International",512.00,135.00,28.61,2.08,67.60,0.00,36.70,6.00,0.00,8278.00,1863.00,101.00,2723.00,0.00,3591.00
2025,11,UA,United Air Lines Network,BOI,"Boise, ID: Boise Air Terminal",147.00,20.00,8.89,0.00,4.94,0.00,6.17,1.00,2.00,1018.00,377.00,0.00,191.00,0.00,450.00
2025,11,UA,United Air Lines Network,BOS,"Boston, MA: Logan International",1087.00,241.00,51.87,3.20,112.80,0.00,73.13,31.00,1.00,19686.00,3374.00,213.00,8826.00,0.00,7273.00
2025,11,UA,United Air Lines Network,BQN,"Aguadilla, PR: Rafael Hernandez",30.00,11.00,4.54,0.00,4.91,0.00,1.55,1.00,0.00,500.00,140.00,0.00,224.00,0.00,136.00
2025,11,UA,United Air Lines Network,BTV,"Burlington, VT: Patrick Leahy Burlington International",89.00,26.00,6.88,0.00,9.80,0.00,9.31,1.00,0.00,1670.00,669.00,0.00,276.00,0.00,725.00
2025,11,UA,United Air Lines Network,BUF,"Buffalo, NY: Buffalo Niagara International",62.00,17.00,4.46,0.00,3.53,0.00,9.01,1.00,0.00,1354.00,212.00,0.00,109.00,0.00,1033.00
2025,11,UA,United Air Lines Network,BUR,"Burbank, CA: Bob Hope",200.00,23.00,6.52,0.00,5.10,0.00,11.37,1.00,2.00,1168.00,291.00,0.00,162.00,0.00,715.00
2025,11,UA,United Air Lines Network,BWI,"Baltimore, MD: Baltimore/Washington International Thurgood Marshall",336.00,65.00,19.87,1.22,24.21,0.00,19.70,4.00,0.00,3628.00,802.00,110.00,807.00,0.00,1909.00
2025,11,UA,United Air Lines Network,BZN,"Bozeman, MT: Bozeman Yellowstone International",149.00,22.00,4.25,3.19,5.05,0.00,9.51,0.00,2.00,1577.00,356.00,430.00,201.00,0.00,590.00
2025,11,UA,United Air Lines Network,CHS,"Charleston, SC: Charleston AFB/International",264.00,51.00,14.10,1.40,16.86,0.00,18.63,4.00,0.00,3677.00,740.00,88.00,606.00,0.00,2243.00
2025,11,UA,United Air Lines Network,CID,"Cedar Rapids/Iowa City, IA: The Eastern Iowa",83.00,12.00,4.53,0.37,1.77,0.00,5.34,1.00,0.00,803.00,234.00,21.00,110.00,0.00,438.00
2025,11,UA,United Air Lines Network,CLE,"Cleveland, OH: Cleveland-Hopkins International",691.00,135.00,47.21,0.78,42.39,0.00,44.62,10.00,0.00,7846.00,2708.00,21.00,1627.00,0.00,3490.00
2025,11,UA,United Air Lines Network,CLT,"Charlotte, NC: Charlotte Douglas International",177.00,40.00,11.75,0.51,6.01,0.00,21.73,1.00,0.00,3218.00,554.00,59.00,424.00,0.00,2181.00
2025,11,UA,United Air Lines Network,CMH,"Columbus, OH: John Glenn Columbus International",278.00,56.00,16.31,0.41,16.22,0.00,23.06,6.00,0.00,3476.00,1012.00,40.00,527.00,0.00,1897.00
2025,11,UA,United Air Lines Network,COS,"Colorado Springs, CO: City of Colorado Springs Municipal",58.00,10.00,4.03,0.00,0.08,0.00,5.89,0.00,0.00,448.00,168.00,0.00,2.00,0.00,278.00
2025,11,UA,United Air Lines Network,CVG,"Cincinnati, OH: Cincinnati/Northern Kentucky International",196.00,35.00,7.11,0.64,8.47,0.00,18.79,2.00,0.00,2293.00,527.00,31.00,428.00,0.00,1307.00
2025,11,UA,United Air Lines Network,DAY,"Dayton, OH: James M Cox/Dayton International",60.00,12.00,3.00,0.00,4.03,0.00,4.98,1.00,0.00,732.00,129.00,0.00,207.00,0.00,396.00
2025,11,UA,United Air Lines Network,DCA,"Washington, DC: Ronald Reagan Washington National",503.00,133.00,24.42,2.70,74.88,0.00,31.00,7.00,2.00,8944.00,1375.00,197.00,4466.00,0.00,2906.00
2025,11,UA,United Air Lines Network,DEN,"Denver, CO: Denver International",8445.00,1033.00,341.14,17.26,323.97,0.00,350.63,68.00,4.00,72351.00,23764.00,1657.00,12687.00,0.00,34243.00
2025,11,UA,United Air Lines Network,DFW,"Dallas/Fort Worth, TX: Dallas/Fort Worth International",822.00,204.00,51.24,4.82,92.25,0.00,55.69,24.00,3.00,16287.00,3055.00,554.00,6906.00,0.00,5772.00
2025,11,UA,United Air Lines Network,DRO,"Durango, CO: Durango La Plata County",61.00,10.00,3.14,0.00,1.30,0.00,5.56,0.00,0.00,683.00,274.00,0.00,47.00,0.00,362.00
2025,11,UA,United Air Lines Network,DSM,"Des Moines, IA: Des Moines International",185.00,37.00,11.80,0.82,5.03,0.00,19.35,6.00,1.00,2825.00,588.00,63.00,321.00,0.00,1853.00
2025,11,UA,United Air Lines Network,DTW,"Detroit, MI: Detroit Metro Wayne County",203.00,43.00,14.31,1.27,9.27,0.00,18.14,4.00,0.00,3150.00,1351.00,61.00,257.00,0.00,1481.00
2025,11,UA,United Air Lines Network,EGE,"Eagle, CO: Eagle County Regional",59.00,6.00,2.92,1.00,0.08,0.00,2.00,0.00,0.00,252.00,88.00,20.00,2.00,0.00,142.00
2025,11,UA,United Air Lines Network,ELP,"El Paso, TX: El Paso International",59.00,10.00,1.93,0.00,0.15,0.00,7.92,0.00,0.00,416.00,79.00,0.00,3.00,0.00,334.00
2025,11,UA,United Air Lines Network,EUG,"Eugene, OR: Mahlon Sweet Field",147.00,22.00,7.71,0.00,3.30,0.00,10.99,0.00,0.00,1460.00,325.00,0.00,109.00,0.00,1026.00
2025,11,UA,United Air Lines Network,EWR,"Newark, NJ: Newark Liberty International",5963.00,1528.00,287.87,10.55,859.37,0.00,370.21,177.00,11.00,161301.00,27295.00,1313.00,87569.00,0.00,45124.00
2025,11,UA,United Air Lines Network,EYW,"Key West, FL: Key West International",30.00,8.00,0.20,0.00,6.70,0.00,1.10,0.00,0.00,991.00,15.00,0.00,805.00,0.00,171.00
2025,11,UA,United Air Lines Network,FAR,"Fargo, ND: Hector International",29.00,3.00,0.88,0.00,0.29,0.00,1.83,0.00,0.00,149.00,27.00,0.00,6.00,0.00,116.00
2025,11,UA,United Air Lines Network,FAT,"Fresno, CA: Fresno Yosemite International",29.00,7.00,3.62,0.00,0.00,0.00,3.38,0.00,0.00,377.00,178.00,0.00,0.00,0.00,199.00
2025,11,UA,United Air Lines Network,FCA,"Kalispell, MT: Glacier Park International",59.00,9.00,3.58,0.92,1.04,0.00,3.46,0.00,0.00,1155.00,179.00,680.00,33.00,0.00,263.00
2025,11,UA,United Air Lines Network,FLL,"Fort Lauderdale, FL: Fort Lauderdale-Hollywood International",787.00,130.00,35.12,2.02,61.15,0.00,31.70,17.00,0.00,9422.00,2357.00,432.00,3661.00,0.00,2972.00
2025,11,UA,United Air Lines Network,FSD,"Sioux Falls, SD: Joe Foss Field",59.00,18.00,9.84,0.00,0.92,0.00,7.24,1.00,0.00,1346.00,552.00,0.00,48.00,0.00,746.00
2025,11,UA,United Air Lines Network,GEG,"Spokane, WA: Spokane International",61.00,12.00,4.45,0.00,3.08,0.00,4.47,0.00,0.00,510.00,158.00,0.00,113.00,0.00,239.00
2025,11,UA,United Air Lines Network,GJT,"Grand Junction, CO: Grand Junction Regional",61.00,6.00,3.15,0.00,0.00,0.00,2.85,0.00,0.00,327.00,189.00,0.00,0.00,0.00,138.00
2025,11,UA,United Air Lines Network,GRR,"Grand Rapids, MI: Gerald R. Ford International",143.00,43.00,10.72,0.41,14.92,0.00,16.95,1.00,0.00,3665.00,849.00,39.00,1205.00,0.00,1572.00
2025,11,UA,United Air Lines Network,GSP,"Greer, SC: Greenville-Spartanburg International",30.00,3.00,1.67,0.00,0.33,0.00,1.00,0.00,0.00,52.00,31.00,0.00,5.00,0.00,16.00
2025,11,UA,United Air Lines Network,GTF,"Great Falls, MT: Great Falls International",31.00,2.00,1.00,0.00,1.00,0.00,0.00,0.00,0.00,59.00,34.00,0.00,25.00,0.00,0.00
2025,11,UA,United Air Lines Network,GUM,"Guam, TT: Guam International",60.00,3.00,0.12,0.00,0.00,0.00,2.88,0.00,0.00,209.00,5.00,0.00,0.00,0.00,204.00
2025,11,UA,United Air Lines Network,HDN,"Hayden, CO: Yampa Valley",30.00,3.00,1.08,0.10,0.00,0.00,1.82,0.00,0.00,381.00,27.00,28.00,0.00,0.00,326.00
2025,11,UA,United Air Lines Network,HNL,"Honolulu, HI: Daniel K Inouye International",352.00,31.00,15.00,1.33,3.25,0.00,11.42,5.00,0.00,3701.00,1332.00,47.00,130.00,0.00,2192.00
2025,11,UA,United Air Lines Network,IAD,"Washington, DC: Washington Dulles International",2932.00,455.00,148.09,5.97,165.12,0.00,135.82,14.00,2.00,31468.00,9717.00,441.00,7784.00,0.00,13526.00
2025,11,UA,United Air Lines Network,IAH,"Houston, TX: George Bush Intercontinental/Houston",6165.00,1066.00,270.30,8.07,513.39,0.00,274.24,60.00,3.00,69213.00,16540.00,765.00,24938.00,0.00,26970.00
2025,11,UA,United Air Lines Network,ICT,"Wichita, KS: Wichita Dwight D Eisenhower National",92.00,22.00,7.78,1.71,2.44,0.00,10.07,1.00,0.00,1528.00,547.00,81.00,64.00,0.00,836.00
2025,11,UA,United Air Lines Network,IND,"Indianapolis, IN: Indianapolis International",257.00,57.00,22.01,0.12,11.88,0.00,22.99,7.00,0.00,3288.00,959.00,38.00,378.00,0.00,1913.00
2025,11,UA,United Air Lines Network,JAC,"Jackson, WY: Jackson Hole",58.00,4.00,1.18,0.00,2.00,0.00,0.83,0.00,0.00,142.00,70.00,0.00,39.00,0.00,33.00
2025,11,UA,United Air Lines Network,JAX,"Jacksonville, FL: Jacksonville International",392.00,65.00,20.41,2.12,22.47,0.00,20.01,3.00,0.00,4742.00,1035.00,134.00,1118.00,0.00,2455.00
2025,11,UA,United Air Lines Network,KOA,"Kona, HI: Ellison Onizuka Kona International at Keahole",106.00,7.00,3.51,0.00,0.49,0.00,3.00,0.00,0.00,327.00,151.00,0.00,11.00,0.00,165.00
2025,11,UA,United Air Lines Network,LAS,"Las Vegas, NV: Harry Reid International",1311.00,228.00,60.72,2.84,93.17,0.00,71.27,20.00,0.00,15184.00,3410.00,145.00,5251.00,0.00,6378.00
2025,11,UA,United Air Lines Network,LAX,"Los Angeles, CA: Los Angeles International",2405.00,424.00,137.11,9.61,155.80,0.00,121.48,18.00,1.00,25901.00,8158.00,949.00,6288.00,0.00,10506.00
2025,11,UA,United Air Lines Network,LGA,"New York, NY: LaGuardia",781.00,280.00,42.02,3.17,170.19,0.00,64.62,17.00,4.00,23006.00,3820.00,225.00,12587.00,0.00,6374.00
2025,11,UA,United Air Lines Network,LIH,"Lihue, HI: Lihue Airport",95.00,7.00,4.48,0.00,0.42,0.00,2.10,0.00,0.00,619.00,243.00,0.00,10.00,0.00,366.00
2025,11,UA,United Air Lines Network,MAF,"Midland/Odessa, TX: Midland International Air and Space Port",30.00,7.00,3.12,1.00,0.00,0.00,2.88,0.00,0.00,354.00,120.00,67.00,0.00,0.00,167.00
2025,11,UA,United Air Lines Network,MCI,"Kansas City, MO: Kansas City International",286.00,60.00,20.21,0.46,20.67,0.00,18.67,5.00,0.00,4345.00,1166.00,98.00,624.00,0.00,2457.00
2025,11,UA,United Air Lines Network,MCO,"Orlando, FL: Orlando International",1224.00,227.00,68.66,2.47,94.86,0.00,61.00,26.00,1.00,16948.00,4897.00,441.00,5127.00,0.00,6483.00
2025,11,UA,United Air Lines Network,MDT,"Harrisburg, PA: Harrisburg International",29.00,12.00,3.12,0.00,4.29,0.00,4.60,1.00,0.00,897.00,188.00,0.00,169.00,0.00,540.00
2025,11,UA,United Air Lines Network,MEM,"Memphis, TN: Memphis International",116.00,22.00,9.70,1.00,4.19,0.00,7.10,1.00,0.00,1113.00,602.00,26.00,129.00,0.00,356.00
2025,11,UA,United Air Lines Network,MFE,"Mission/McAllen/Edinburg, TX: McAllen International",29.00,10.00,2.00,1.68,1.06,0.00,5.26,0.00,0.00,498.00,104.00,157.00,34.00,0.00,203.00
2025,11,UA,United Air Lines Network,MFR,"Medford, OR: Rogue Valley International - Medford",58.00,8.00,3.82,0.00,2.13,0.00,2.05,0.00,0.00,397.00,163.00,0.00,69.00,0.00,165.00
2025,11,UA,United Air Lines Network,MIA,"Miami, FL: Miami International",546.00,114.00,33.12,3.77,48.05,0.00,29.06,13.00,1.00,8152.00,2069.00,570.00,2490.00,0.00,3023.00
2025,11,UA,United Air Lines Network,MKE,"Milwaukee, WI: General Mitchell International",59.00,5.00,3.23,0.00,1.02,0.00,0.75,0.00,0.00,279.00,237.00,0.00,24.00,0.00,18.00
2025,11,UA,United Air Lines Network,MSN,"Madison, WI: Dane County Regional-Truax Field",182.00,59.00,19.54,0.61,8.41,0.00,30.44,5.00,0.00,4790.00,1196.00,244.00,457.00,0.00,2893.00
2025,11,UA,United Air Lines Network,MSO,"Missoula, MT: Missoula Montana",59.00,4.00,2.46,0.00,0.40,0.00,1.14,0.00,0.00,287.00,94.00,0.00,12.00,0.00,181.00
2025,11,UA,United Air Lines Network,MSP,"Minneapolis, MN: Minneapolis-St Paul International",389.00,97.00,31.71,3.39,29.26,0.00,32.64,5.00,0.00,6142.00,1890.00,219.00,1115.00,0.00,2918.00
2025,11,UA,United Air Lines Network,MSY,"New Orleans, LA: Louis Armstrong New Orleans International",635.00,107.00,32.10,0.89,22.24,0.00,51.77,3.00,1.00,9792.00,2683.00,178.00,1178.00,0.00,5753.00
2025,11,UA,United Air Lines Network,MTJ,"Montrose/Delta, CO: Montrose Regional",58.00,3.00,1.08,0.00,0.31,0.00,1.61,0.00,0.00,238.00,101.00,0.00,29.00,0.00,108.00
2025,11,UA,United Air Lines Network,MYR,"Myrtle Beach, SC: Myrtle Beach International",25.00,5.00,3.15,0.00,1.22,0.00,0.63,1.00,0.00,373.00,270.00,0.00,32.00,0.00,71.00
2025,11,UA,United Air Lines Network,OGG,"Kahului, HI: Kahului Airport",169.00,12.00,5.94,0.00,2.61,0.00,3.45,0.00,1.00,1554.00,752.00,0.00,71.00,0.00,731.00
2025,11,UA,United Air Lines Network,OKC,"Oklahoma City, OK: Okc Will Rogers International",59.00,8.00,4.10,0.00,2.16,0.00,1.74,0.00,0.00,615.00,420.00,0.00,55.00,0.00,140.00
2025,11,UA,United Air Lines Network,OMA,"Omaha, NE: Eppley Airfield",262.00,59.00,21.14,2.55,19.07,0.00,16.24,3.00,1.00,3633.00,1082.00,207.00,751.00,0.00,1593.00
2025,11,UA,United Air Lines Network,ONT,"Ontario, CA: Ontario International",205.00,48.00,12.79,1.21,10.31,0.00,23.69,2.00,0.00,3362.00,632.00,123.00,362.00,0.00,2245.00
2025,11,UA,United Air Lines Network,ORD,"Chicago, IL: Chicago O'Hare International",7797.00,2206.00,301.94,27.80,1457.67,0.00,418.59,197.00,9.00,209763.00,30366.00,8832.00,120122.00,0.00,50443.00
2025,11,UA,United Air Lines Network,ORF,"Norfolk, VA: Norfolk International",123.00,42.00,13.56,1.88,14.24,0.00,12.32,0.00,0.00,2835.00,627.00,426.00,539.00,0.00,1243.00
2025,11,UA,United Air Lines Network,PBI,"West Palm Beach/Palm Beach, FL: Palm Beach International",405.00,94.00,16.59,0.71,53.00,0.00,23.70,10.00,1.00,7182.00,1056.00,62.00,3496.00,0.00,2568.00
2025,11,UA,United Air Lines Network,PDX,"Portland, OR: Portland International",517.00,116.00,41.34,3.16,24.25,0.00,47.25,10.00,0.00,6689.00,2027.00,435.00,772.00,0.00,3455.00
2025,11,UA,United Air Lines Network,PHL,"Philadelphia, PA: Philadelphia International",380.00,72.00,18.78,1.47,20.90,0.00,30.85,2.00,1.00,4648.00,1145.00,149.00,725.00,0.00,2629.00
2025,11,UA,United Air Lines Network,PHX,"Phoenix, AZ: Phoenix Sky Harbor International",952.00,257.00,54.62,5.08,122.56,0.00,74.75,15.00,2.00,19255.00,4241.00,495.00,8458.00,0.00,6061.00
2025,11,UA,United Air Lines Network,PIT,"Pittsburgh, PA: Pittsburgh International",375.00,63.00,22.22,1.21,18.53,0.00,21.04,2.00,1.00,3632.00,1446.00,136.00,619.00,0.00,1431.00
2025,11,UA,United Air Lines Network,PNS,"Pensacola, FL: Pensacola International",59.00,19.00,6.12,2.94,3.90,0.00,6.04,0.00,0.00,1044.00,272.00,182.00,101.00,0.00,489.00
2025,11,UA,United Air Lines Network,PSC,"Pasco/Kennewick/Richland, WA: Tri Cities",29.00,2.00,0.05,0.00,0.00,0.00,1.95,0.00,0.00,136.00,5.00,0.00,0.00,0.00,131.00
2025,11,UA,United Air Lines Network,PSP,"Palm Springs, CA: Palm Springs International",141.00,19.00,5.86,0.00,5.89,0.00,7.24,2.00,0.00,1266.00,604.00,0.00,251.00,0.00,411.00
2025,11,UA,United Air Lines Network,PVD,"Providence, RI: Rhode Island Tf Green International",1.00,0.00,0.00,0.00,0.00,0.00,0.00,0.00,0.00,0.00,0.00,0.00,0.00,0.00,0.00
2025,11,UA,United Air Lines Network,PWM,"Portland, ME: Portland International Jetport",91.00,22.00,4.73,0.75,5.31,0.00,11.21,1.00,0.00,2269.00,368.00,15.00,270.00,0.00,1616.00
2025,11,UA,United Air Lines Network,RAP,"Rapid City, SD: Rapid City Regional",59.00,5.00,4.03,0.00,0.38,0.00,0.59,0.00,0.00,248.00,190.00,0.00,8.00,0.00,50.00
2025,11,UA,United Air Lines Network,RDM,"Bend/Redmond, OR: Roberts Field",119.00,15.00,5.07,0.00,1.51,0.00,8.43,0.00,2.00,750.00,265.00,0.00,62.00,0.00,423.00
2025,11,UA,United Air Lines Network,RDU,"Raleigh/Durham, NC: Raleigh-Durham International",584.00,121.00,35.40,2.24,39.48,0.00,43.87,9.00,0.00,7095.00,2065.00,158.00,1577.00,0.00,3295.00
2025,11,UA,United Air Lines Network,RIC,"Richmond, VA: Richmond International",61.00,17.00,3.06,0.98,3.74,0.00,9.22,1.00,0.00,1159.00,156.00,62.00,167.00,0.00,774.00
2025,11,UA,United Air Lines Network,RNO,"Reno, NV: Reno/Tahoe International",177.00,28.00,10.63,0.15,4.40,0.00,12.82,2.00,0.00,1967.00,477.00,66.00,130.00,0.00,1294.00
2025,11,UA,United Air Lines Network,ROC,"Rochester, NY: Frederick Douglass Grtr Rochester International",60.00,20.00,7.31,1.59,4.84,0.00,6.25,1.00,0.00,2061.00,553.00,317.00,268.00,0.00,923.00
2025,11,UA,United Air Lines Network,RSW,"Fort Myers, FL: Southwest Florida International",493.00,94.00,25.89,1.77,41.79,0.00,24.55,7.00,0.00,6177.00,1267.00,88.00,2188.00,0.00,2634.00
2025,11,UA,United Air Lines Network,SAN,"San Diego, CA: San Diego International",829.00,183.00,43.30,3.95,92.26,0.00,43.50,9.00,3.00,10440.00,2321.00,220.00,4169.00,0.00,3730.00
2025,11,UA,United Air Lines Network,SAT,"San Antonio, TX: San Antonio International",469.00,62.00,24.94,3.90,15.47,0.00,17.69,4.00,0.00,3423.00,1242.00,306.00,549.00,0.00,1326.00
2025,11,UA,United Air Lines Network,SAV,"Savannah, GA: Savannah/Hilton Head International",197.00,38.00,10.49,0.20,12.21,0.00,15.10,2.00,0.00,2159.00,523.00,13.00,567.00,0.00,1056.00
2025,11,UA,United Air Lines Network,SBA,"Santa Barbara, CA: Santa Barbara Municipal",138.00,23.00,12.47,0.00,2.88,0.00,7.64,1.00,0.00,1523.00,944.00,0.00,114.00,0.00,465.00
2025,11,UA,United Air Lines Network,SBN,"South Bend, IN: South Bend International",4.00,1.00,0.62,0.00,0.00,0.00,0.38,0.00,0.00,81.00,50.00,0.00,0.00,0.00,31.00
2025,11,UA,United Air Lines Network,SBP,"San Luis Obispo, CA: San Luis Obispo County Regional",29.00,3.00,1.08,1.00,0.00,0.00,0.92,0.00,2.00,909.00,45.00,734.00,0.00,0.00,130.00
2025,11,UA,United Air Lines Network,SDF,"Louisville, KY: Louisville Muhammad Ali International",60.00,7.00,3.06,0.00,0.66,0.00,3.29,1.00,0.00,373.00,125.00,0.00,19.00,0.00,229.00
2025,11,UA,United Air Lines Network,SEA,"Seattle, WA: Seattle/Tacoma International",655.00,137.00,52.64,1.89,41.62,0.00,40.84,9.00,0.00,8462.00,2880.00,188.00,1718.00,0.00,3676.00
2025,11,UA,United Air Lines Network,SFO,"San Francisco, CA: San Francisco International",5026.00,1194.00,243.36,13.92,692.56,0.00,244.17,55.00,3.00,91655.00,17692.00,1601.00,46246.00,0.00,26116.00
2025,11,UA,United Air Lines Network,SJC,"San Jose, CA: Norman Y. Mineta San Jose International",170.00,25.00,9.76,1.53,5.04,0.00,8.67,0.00,0.00,1192.00,529.00,95.00,214.00,0.00,354.00
2025,11,UA,United Air Lines Network,SJU,"San Juan, PR: Luis Munoz Marin International",299.00,83.00,27.69,0.73,38.95,0.00,15.63,4.00,1.00,6290.00,2252.00,25.00,1896.00,0.00,2117.00
2025,11,UA,United Air Lines Network,SLC,"Salt Lake City, UT: Salt Lake City International",283.00,76.00,21.63,3.76,14.93,0.00,35.68,0.00,0.00,4571.00,1078.00,215.00,619.00,0.00,2659.00
2025,11,UA,United Air Lines Network,SMF,"Sacramento, CA: Sacramento International",363.00,57.00,17.48,1.85,15.98,0.00,21.70,4.00,1.00,3515.00,1234.00,123.00,616.00,0.00,1542.00
2025,11,UA,United Air Lines Network,SNA,"Santa Ana, CA: John Wayne Airport-Orange County",490.00,73.00,37.13,2.07,17.52,0.00,16.28,3.00,4.00,3835.00,1704.00,81.00,852.00,0.00,1198.00
2025,11,UA,United Air Lines Network,SPN,"Saipan, TT: Francisco C. Ada Saipan International",30.00,6.00,3.22,0.00,0.00,0.00,2.78,0.00,0.00,190.00,99.00,0.00,0.00,0.00,91.00
2025,11,UA,United Air Lines Network,SRQ,"Sarasota/Bradenton, FL: Sarasota/Bradenton International",118.00,28.00,8.54,0.86,9.57,0.00,9.02,2.00,0.00,2353.00,661.00,46.00,545.00,0.00,1101.00
2025,11,UA,United Air Lines Network,STL,"St. Louis, MO: St Louis Lambert International",219.00,47.00,20.07,1.47,7.28,0.00,18.18,0.00,2.00,2406.00,778.00,85.00,331.00,0.00,1212.00
2025,11,UA,United Air Lines Network,STT,"Charlotte Amalie, VI: Cyril E King",80.00,15.00,5.00,1.60,7.71,0.00,0.69,0.00,0.00,980.00,236.00,127.00,482.00,0.00,135.00
2025,11,UA,United Air Lines Network,SYR,"Syracuse, NY: Syracuse Hancock International",89.00,28.00,5.72,0.22,7.68,0.00,14.38,4.00,0.00,1884.00,272.00,37.00,293.00,0.00,1282.00
2025,11,UA,United Air Lines Network,TPA,"Tampa, FL: Tampa International",723.00,106.00,36.53,1.78,35.03,0.00,32.66,19.00,1.00,7444.00,2172.00,355.00,1873.00,0.00,3044.00
2025,11,UA,United Air Lines Network,TUL,"Tulsa, OK: Tulsa International",87.00,15.00,8.93,0.94,1.25,0.00,3.89,0.00,0.00,794.00,433.00,72.00,72.00,0.00,217.00
2025,11,UA,United Air Lines Network,TUS,"Tucson, AZ: Tucson International",89.00,10.00,5.25,0.00,0.14,0.00,4.61,0.00,0.00,692.00,238.00,0.00,3.00,0.00,451.00
2025,11,UA,United Air Lines Network,TVC,"Traverse City, MI: Cherry Capital",36.00,12.00,6.60,0.22,1.55,0.00,3.63,1.00,0.00,2237.00,993.00,159.00,111.00,0.00,974.00
2025,11,UA,United Air Lines Network,TYS,"Knoxville, TN: McGhee Tyson",31.00,0.00,0.00,0.00,0.00,0.00,0.00,0.00,0.00,0.00,0.00,0.00,0.00,0.00,0.00
2025,11,UA,United Air Lines Network,XNA,"Fayetteville, AR: Northwest Arkansas National",32.00,3.00,1.78,0.00,0.59,0.00,0.64,0.00,0.00,290.00,213.00,0.00,17.00,0.00,60.00
2025,11,WN,Southwest Airlines,ABQ,"Albuquerque, NM: Albuquerque International Sunport",999.00,161.00,47.17,2.47,14.14,0.00,97.22,10.00,0.00,8060.00,2147.00,118.00,549.00,0.00,5246.00
2025,11,WN,Southwest Airlines,ALB,"Albany, NY: Albany International",361.00,63.00,18.02,0.00,11.33,0.00,33.65,5.00,0.00,3092.00,930.00,0.00,465.00,0.00,1697.00
2025,11,WN,Southwest Airlines,AMA,"Amarillo, TX: Rick Husband Amarillo International",159.00,30.00,11.14,1.03,7.12,0.00,10.71,2.00,1.00,1764.00,720.00,28.00,313.00,0.00,703.00
2025,11,WN,Southwest Airlines,ATL,"Atlanta, GA: Hartsfield-Jackson Atlanta International",1532.00,294.00,92.66,2.63,60.68,3.00,135.02,33.00,5.00,18842.00,4459.00,197.00,4637.00,111.00,9438.00
2025,11,WN,Southwest Airlines,AUS,"Austin, TX: Austin - Bergstrom International",3153.00,756.00,172.05,8.92,282.13,0.88,291.02,12.00,10.00,41897.00,9758.00,527.00,14327.00,112.00,17080.00
2025,11,WN,Southwest Airlines,BDL,"Hartford, CT: Bradley International",350.00,67.00,28.86,0.00,7.04,0.00,31.11,6.00,0.00,3128.00,969.00,0.00,292.00,0.00,1867.00
2025,11,WN,Southwest Airlines,BHM,"Birmingham, AL: Birmingham-Shuttlesworth International",431.00,97.00,37.41,0.36,14.51,0.60,44.12,5.00,0.00,5158.00,1792.00,77.00,790.00,9.00,2490.00
2025,11,WN,Southwest Airlines,BNA,"Nashville, TN: Nashville International",4958.00,980.00,256.99,7.80,277.08,1.80,436.34,29.00,5.00,57883.00,14493.00,626.00,16575.00,78.00,26111.00
2025,11,WN,Southwest Airlines,BOI,"Boise, ID: Boise Air Terminal",476.00,99.00,30.05,0.67,14.43,0.00,51.85,0.00,3.00,7090.00,1399.00,24.00,1335.00,0.00,2699.00
2025,11,WN,Southwest Airlines,BOS,"Boston, MA: Logan International",569.00,123.00,30.42,0.54,38.41,0.00,53.62,18.00,1.00,7984.00,2083.00,37.00,2752.00,0.00,3112.00
2025,11,WN,Southwest Airlines,BUF,"Buffalo, NY: Buffalo Niagara International",473.00,94.00,38.05,0.00,13.72,0.63,41.61,4.00,0.00,5189.00,2175.00,0.00,537.00,10.00,2467.00
2025,11,WN,Southwest Airlines,BUR,"Burbank, CA: Bob Hope",1499.00,327.00,84.12,5.33,57.50,0.00,179.04,21.00,8.00,18728.00,4072.00,354.00,3301.00,0.00,10812.00
2025,11,WN,Southwest Airlines,BWI,"Baltimore, MD: Baltimore/Washington International Thurgood Marshall",5890.00,859.00,256.83,5.03,137.11,4.67,455.36,110.00,1.00,48114.00,13628.00,555.00,6872.00,125.00,26934.00
2025,11,WN,Southwest Airlines,BZN,"Bozeman, MT: Bozeman Yellowstone International",125.00,19.00,6.98,0.00,2.02,0.00,8.00,2.00,1.00,1427.00,430.00,0.00,83.00,0.00,519.00
2025,11,WN,Southwest Airlines,CHS,"Charleston, SC: Charleston AFB/International",276.00,52.00,16.55,0.73,8.93,0.00,25.80,4.00,0.00,2690.00,851.00,53.00,298.00,0.00,1488.00
2025,11,WN,Southwest Airlines,CLE,"Cleveland, OH: Cleveland-Hopkins International",440.00,88.00,30.96,0.72,11.79,1.35,43.18,5.00,1.00,4830.00,1737.00,23.00,497.00,51.00,2522.00
2025,11,WN,Southwest Airlines,CLT,"Charlotte, NC: Charlotte Douglas International",273.00,56.00,19.08,1.00,7.43,0.00,28.49,9.00,0.00,2923.00,928.00,41.00,307.00,0.00,1647.00
2025,11,WN,Southwest Airlines,CMH,"Columbus, OH: John Glenn Columbus International",1056.00,229.00,67.93,2.57,36.29,0.63,120.58,10.00,5.00,12549.00,3307.00,307.00,1402.00,17.00,7328.00
2025,11,WN,Southwest Airlines,COS,"Colorado Springs, CO: City of Colorado Springs Municipal",379.00,101.00,21.95,1.42,14.83,0.00,62.81,5.00,0.00,4960.00,961.00,44.00,419.00,0.00,3536.00
2025,11,WN,Southwest Airlines,CRP,"Corpus Christi, TX: Corpus Christi International",78.00,22.00,4.85,0.00,1.54,0.00,15.61,1.00,0.00,1129.00,150.00,0.00,54.00,0.00,925.00
2025,11,WN,Southwest Airlines,CVG,"Cincinnati, OH: Cincinnati/Northern Kentucky International",174.00,26.00,9.35,0.00,1.47,0.00,15.18,5.00,0.00,1260.00,357.00,0.00,59.00,0.00,844.00
2025,11,WN,Southwest Airlines,DAL,"Dallas, TX: Dallas Love Field",5644.00,1142.00,306.44,13.62,283.07,5.88,532.99,159.00,18.00,67650.00,14769.00,1739.00,17604.00,234.00,33304.00
2025,11,WN,Southwest Airlines,DCA,"Washington, DC: Ronald Reagan Washington National",1294.00,330.00,63.94,3.21,147.63,3.05,112.18,29.00,5.00,22718.00,4482.00,237.00,10324.00,228.00,7447.00
2025,11,WN,Southwest Airlines,DEN,"Denver, CO: Denver International",7042.00,1293.00,389.28,14.92,246.79,2.79,639.22,124.00,3.00,65404.00,17543.00,958.00,9281.00,221.00,37401.00
2025,11,WN,Southwest Airlines,DSM,"Des Moines, IA: Des Moines International",137.00,30.00,6.34,1.11,6.73,0.00,15.83,3.00,0.00,1236.00,176.00,44.00,204.00,0.00,812.00
2025,11,WN,Southwest Airlines,DTW,"Detroit, MI: Detroit Metro Wayne County",352.00,75.00,18.63,0.00,14.60,0.00,41.77,10.00,0.00,3823.00,923.00,0.00,482.00,0.00,2418.00
2025,11,WN,Southwest Airlines,ECP,"Panama City, FL: Northwest Florida Beaches International",172.00,34.00,8.12,0.00,2.36,0.00,23.51,0.00,0.00,2083.00,312.00,0.00,80.00,0.00,1691.00
2025,11,WN,Southwest Airlines,ELP,"El Paso, TX: El Paso International",772.00,154.00,38.11,1.79,19.14,0.00,94.97,8.00,0.00,8314.00,2098.00,119.00,704.00,0.00,5393.00
2025,11,WN,Southwest Airlines,EUG,"Eugene, OR: Mahlon Sweet Field",141.00,17.00,5.43,0.00,3.84,0.00,7.73,0.00,0.00,617.00,202.00,0.00,161.00,0.00,254.00
2025,11,WN,Southwest Airlines,FAT,"Fresno, CA: Fresno Yosemite International",173.00,34.00,8.39,1.00,1.65,0.00,22.96,3.00,0.00,1506.00,229.00,26.00,64.00,0.00,1187.00
2025,11,WN,Southwest Airlines,FLL,"Fort Lauderdale, FL: Fort Lauderdale-Hollywood International",1038.00,224.00,66.41,1.82,44.52,0.20,111.04,22.00,0.00,11914.00,2694.00,212.00,2547.00,34.00,6427.00
2025,11,WN,Southwest Airlines,GEG,"Spokane, WA: Spokane International",268.00,55.00,21.88,0.00,6.50,0.00,26.62,0.00,0.00,2150.00,705.00,0.00,197.00,0.00,1248.00
2025,11,WN,Southwest Airlines,GRR,"Grand Rapids, MI: Gerald R. Ford International",180.00,35.00,11.08,0.00,8.42,0.83,14.66,2.00,0.00,1501.00,584.00,0.00,292.00,50.00,575.00
2025,11,WN,Southwest Airlines,GSP,"Greer, SC: Greenville-Spartanburg International",118.00,15.00,6.99,0.00,1.55,0.00,6.46,1.00,0.00,1024.00,300.00,0.00,49.00,0.00,675.00
2025,11,WN,Southwest Airlines,HDN,"Hayden, CO: Yampa Valley",30.00,3.00,2.00,0.00,0.00,0.00,0.00,0.00,0.00,456.00,122.00,0.00,0.00,0.00,0.00
2025,11,WN,Southwest Airlines,HNL,"Honolulu, HI: Daniel K Inouye International",974.00,48.00,22.03,1.16,6.70,0.00,18.11,14.00,3.00,2474.00,1201.00,68.00,203.00,0.00,1002.00
2025,11,WN,Southwest Airlines,HOU,"Houston, TX: William P Hobby",4232.00,883.00,217.19,12.58,246.81,2.61,402.81,84.00,3.00,52858.00,10821.00,786.00,15216.00,114.00,25823.00
2025,11,WN,Southwest Airlines,HRL,"Harlingen/San Benito, TX: Valley International",191.00,47.00,15.78,0.00,0.96,0.00,30.26,1.00,0.00,2449.00,565.00,0.00,38.00,0.00,1846.00
2025,11,WN,Southwest Airlines,IAD,"Washington, DC: Washington Dulles International",100.00,16.00,9.00,0.00,3.42,0.00,3.58,1.00,0.00,481.00,249.00,0.00,80.00,0.00,152.00
2025,11,WN,Southwest Airlines,ICT,"Wichita, KS: Wichita Dwight D Eisenhower National",137.00,36.00,14.84,0.00,4.78,0.00,16.38,2.00,0.00,1676.00,530.00,0.00,183.00,0.00,963.00
2025,11,WN,Southwest Airlines,IND,"Indianapolis, IN: Indianapolis International",1067.00,226.00,65.58,1.00,34.61,0.00,124.81,22.00,1.00,13945.00,4371.00,42.00,1291.00,0.00,8241.00
2025,11,WN,Southwest Airlines,ISP,"Islip, NY: Long Island MacArthur",220.00,47.00,14.93,0.00,5.72,0.00,26.35,3.00,0.00,2944.00,939.00,0.00,594.00,0.00,1411.00
2025,11,WN,Southwest Airlines,ITO,"Hilo, HI: Hilo International",147.00,11.00,5.04,0.00,1.01,0.00,4.95,1.00,0.00,343.00,182.00,0.00,19.00,0.00,142.00
2025,11,WN,Southwest Airlines,JAN,"Jackson/Vicksburg, MS: Jackson Medgar Wiley Evers International",118.00,22.00,6.69,0.00,1.31,0.00,14.00,0.00,0.00,1404.00,291.00,0.00,59.00,0.00,1054.00
2025,11,WN,Southwest Airlines,JAX,"Jacksonville, FL: Jacksonville International",414.00,73.00,23.38,0.00,9.40,0.60,39.63,2.00,0.00,4412.00,1663.00,0.00,439.00,54.00,2256.00
2025,11,WN,Southwest Airlines,KOA,"Kona, HI: Ellison Onizuka Kona International at Keahole",233.00,11.00,5.16,0.29,2.53,0.00,3.01,6.00,0.00,439.00,244.00,13.00,53.00,0.00,129.00
2025,11,WN,Southwest Airlines,LAS,"Las Vegas, NV: Harry Reid International",7124.00,1354.00,318.24,26.39,373.25,4.11,632.00,129.00,3.00,77433.00,16247.00,2041.00,21180.00,493.00,37472.00
2025,11,WN,Southwest Airlines,LAX,"Los Angeles, CA: Los Angeles International",2112.00,481.00,159.34,1.73,78.50,1.26,240.17,45.00,1.00,24716.00,7570.00,160.00,3267.00,90.00,13629.00
2025,11,WN,Southwest Airlines,LBB,"Lubbock, TX: Lubbock Preston Smith International",224.00,42.00,10.65,0.47,3.70,0.94,26.23,6.00,0.00,2319.00,609.00,26.00,193.00,33.00,1458.00
2025,11,WN,Southwest Airlines,LGA,"New York, NY: LaGuardia",961.00,319.00,66.15,7.39,160.13,1.94,83.38,23.00,1.00,23298.00,4300.00,576.00,12417.00,337.00,5668.00
2025,11,WN,Southwest Airlines,LGB,"Long Beach, CA: Long Beach Airport",1174.00,218.00,52.97,3.45,27.39,0.00,134.19,8.00,0.00,11164.00,1975.00,273.00,1742.00,0.00,7174.00
2025,11,WN,Southwest Airlines,LIH,"Lihue, HI: Lihue Airport",233.00,14.00,5.39,0.11,0.00,0.00,8.50,3.00,0.00,776.00,284.00,6.00,0.00,0.00,486.00
2025,11,WN,Southwest Airlines,LIT,"Little Rock, AR: Bill and Hillary Clinton Nat Adams Field",204.00,40.00,11.98,1.00,5.23,0.00,21.79,0.00,0.00,2357.00,634.00,15.00,204.00,0.00,1504.00
2025,11,WN,Southwest Airlines,MAF,"Midland/Odessa, TX: Midland International Air and Space Port",316.00,54.00,16.66,0.00,6.98,0.00,30.35,2.00,1.00,3801.00,917.00,0.00,340.00,0.00,2544.00
2025,11,WN,Southwest Airlines,MCI,"Kansas City, MO: Kansas City International",1859.00,349.00,82.38,2.56,52.43,1.00,210.63,20.00,0.00,18628.00,3967.00,100.00,2222.00,26.00,12313.00
2025,11,WN,Southwest Airlines,MCO,"Orlando, FL: Orlando International",4328.00,739.00,204.85,7.33,210.80,4.19,311.84,77.00,0.00,43182.00,11046.00,723.00,10752.00,159.00,20502.00
2025,11,WN,Southwest Airlines,MDW,"Chicago, IL: Chicago Midway International",5155.00,896.00,259.66,5.41,207.58,3.77,419.58,239.00,39.00,48246.00,13294.00,517.00,9863.00,105.00,24467.00
2025,11,WN,Southwest Airlines,MEM,"Memphis, TN: Memphis International",326.00,76.00,23.06,0.81,12.07,0.00,40.06,9.00,0.00,4291.00,1236.00,163.00,576.00,0.00,2316.00
2025,11,WN,Southwest Airlines,MHT,"Manchester, NH: Manchester Boston Regional",217.00,31.00,8.83,0.00,2.59,0.00,19.58,6.00,1.00,2290.00,726.00,0.00,89.00,0.00,1475.00
2025,11,WN,Southwest Airlines,MIA,"Miami, FL: Miami International",410.00,93.00,31.34,0.40,25.39,0.00,35.88,12.00,2.00,5129.00,1310.00,35.00,1310.00,0.00,2474.00
2025,11,WN,Southwest Airlines,MKE,"Milwaukee, WI: General Mitchell International",832.00,179.00,51.28,1.09,30.22,0.00,96.40,14.00,0.00,9987.00,2392.00,60.00,1641.00,0.00,5894.00
2025,11,WN,Southwest Airlines,MSP,"Minneapolis, MN: Minneapolis-St Paul International",459.00,87.00,31.57,0.64,11.65,0.22,42.92,12.00,0.00,3902.00,1337.00,16.00,462.00,6.00,2081.00
2025,11,WN,Southwest Airlines,MSY,"New Orleans, LA: Louis Armstrong New Orleans International",1557.00,305.00,100.12,1.22,43.90,1.95,157.80,9.00,0.00,18042.00,5194.00,134.00,1963.00,60.00,10691.00
2025,11,WN,Southwest Airlines,MTJ,"Montrose/Delta, CO: Montrose Regional",30.00,1.00,0.13,0.00,0.00,0.00,0.88,0.00,0.00,16.00,2.00,0.00,0.00,0.00,14.00
2025,11,WN,Southwest Airlines,MYR,"Myrtle Beach, SC: Myrtle Beach International",155.00,23.00,8.39,0.71,3.50,0.00,10.40,1.00,0.00,1433.00,520.00,30.00,148.00,0.00,735.00
2025,11,WN,Southwest Airlines,OAK,"Oakland, CA: Oakland International",2374.00,432.00,115.57,3.00,35.79,1.00,276.64,47.00,0.00,23693.00,5578.00,139.00,1135.00,21.00,16820.00
2025,11,WN,Southwest Airlines,OGG,"Kahului, HI: Kahului Airport",393.00,9.00,5.27,0.00,2.54,0.00,1.18,4.00,0.00,273.00,170.00,0.00,56.00,0.00,47.00
2025,11,WN,Southwest Airlines,OKC,"Oklahoma City, OK: Okc Will Rogers International",619.00,126.00,35.00,1.13,15.87,0.00,74.01,5.00,0.00,6283.00,1436.00,25.00,599.00,0.00,4223.00
2025,11,WN,Southwest Airlines,OMA,"Omaha, NE: Eppley Airfield",662.00,137.00,45.15,0.78,21.63,0.00,69.45,5.00,1.00,6959.00,2150.00,27.00,843.00,0.00,3939.00
2025,11,WN,Southwest Airlines,ONT,"Ontario, CA: Ontario International",994.00,198.00,66.99,1.44,26.09,0.00,102.47,19.00,2.00,11376.00,3498.00,90.00,1269.00,0.00,6389.00
2025,11,WN,Southwest Airlines,ORD,"Chicago, IL: Chicago O'Hare International",253.00,69.00,20.30,2.40,29.94,0.00,16.36,7.00,2.00,6268.00,1694.00,460.00,2956.00,0.00,1158.00
2025,11,WN,Southwest Airlines,ORF,"Norfolk, VA: Norfolk International",247.00,44.00,18.69,0.00,3.76,0.00,21.55,4.00,1.00,2196.00,786.00,0.00,219.00,0.00,1191.00
2025,11,WN,Southwest Airlines,PBI,"West Palm Beach/Palm Beach, FL: Palm Beach International",250.00,51.00,13.84,0.00,18.28,0.00,18.88,1.00,0.00,3133.00,825.00,0.00,1257.00,0.00,1051.00
2025,11,WN,Southwest Airlines,PDX,"Portland, OR: Portland International",635.00,134.00,42.41,1.00,9.74,0.87,79.97,11.00,0.00,7127.00,2056.00,18.00,313.00,90.00,4650.00
2025,11,WN,Southwest Airlines,PHL,"Philadelphia, PA: Philadelphia International",465.00,98.00,33.09,0.44,18.65,1.00,44.83,10.00,0.00,5106.00,1733.00,53.00,585.00,178.00,2557.00
2025,11,WN,Southwest Airlines,PHX,"Phoenix, AZ: Phoenix Sky Harbor International",5777.00,1445.00,296.93,16.60,582.64,1.63,547.20,125.00,1.00,93507.00,15764.00,999.00,43038.00,116.00,33590.00
2025,11,WN,Southwest Airlines,PIT,"Pittsburgh, PA: Pittsburgh International",842.00,159.00,53.03,0.81,17.39,0.00,87.76,8.00,1.00,8651.00,2761.00,61.00,874.00,0.00,4955.00
2025,11,WN,Southwest Airlines,PNS,"Pensacola, FL: Pensacola International",150.00,30.00,6.46,0.00,5.94,0.00,16.60,0.00,0.00,1749.00,306.00,0.00,330.00,0.00,976.00
2025,11,WN,Southwest Airlines,PSP,"Palm Springs, CA: Palm Springs International",218.00,62.00,14.02,0.00,11.40,0.00,36.58,1.00,0.00,3733.00,725.00,0.00,720.00,0.00,2288.00
2025,11,WN,Southwest Airlines,PVD,"Providence, RI: Rhode Island Tf Green International",421.00,86.00,27.33,0.44,14.08,0.00,44.15,5.00,0.00,4009.00,1036.00,44.00,596.00,0.00,2333.00
2025,11,WN,Southwest Airlines,PWM,"Portland, ME: Portland International Jetport",109.00,18.00,10.86,0.00,0.64,0.00,6.51,0.00,0.00,755.00,428.00,0.00,14.00,0.00,313.00
2025,11,WN,Southwest Airlines,RDU,"Raleigh/Durham, NC: Raleigh-Durham International",815.00,149.00,44.47,2.70,23.00,0.00,78.82,13.00,0.00,8083.00,1969.00,99.00,1054.00,0.00,4961.00
2025,11,WN,Southwest Airlines,RIC,"Richmond, VA: Richmond International",171.00,36.00,14.62,0.00,5.46,0.00,15.92,1.00,0.00,1772.00,626.00,0.00,263.00,0.00,883.00
2025,11,WN,Southwest Airlines,RNO,"Reno, NV: Reno/Tahoe International",644.00,121.00,25.81,1.00,9.87,0.08,84.24,8.00,2.00,6499.00,1156.00,30.00,430.00,7.00,4876.00
2025,11,WN,Southwest Airlines,ROC,"Rochester, NY: Frederick Douglass Grtr Rochester International",161.00,31.00,11.19,1.00,4.89,0.00,13.92,2.00,0.00,1578.00,505.00,16.00,152.00,0.00,905.00
2025,11,WN,Southwest Airlines,RSW,"Fort Myers, FL: Southwest Florida International",738.00,127.00,39.11,0.00,29.31,0.78,57.81,11.00,1.00,7509.00,1934.00,0.00,1715.00,38.00,3822.00
2025,11,WN,Southwest Airlines,SAN,"San Diego, CA: San Diego International",3152.00,856.00,202.26,5.36,349.86,1.53,296.98,91.00,5.00,47047.00,10924.00,332.00,18274.00,115.00,17402.00
2025,11,WN,Southwest Airlines,SAT,"San Antonio, TX: San Antonio International",1327.00,253.00,69.26,2.73,32.49,0.26,148.25,9.00,1.00,13468.00,2584.00,116.00,1364.00,22.00,9382.00
2025,11,WN,Southwest Airlines,SAV,"Savannah, GA: Savannah/Hilton Head International",215.00,42.00,14.21,0.71,4.08,0.00,23.01,1.00,0.00,2315.00,806.00,68.00,186.00,0.00,1255.00
2025,11,WN,Southwest Airlines,SBA,"Santa Barbara, CA: Santa Barbara Municipal",154.00,34.00,11.42,0.00,2.86,0.00,19.72,2.00,0.00,1849.00,537.00,0.00,124.00,0.00,1188.00
2025,11,WN,Southwest Airlines,SDF,"Louisville, KY: Louisville Muhammad Ali International",420.00,74.00,21.46,0.27,11.72,0.00,40.56,16.00,1.00,3902.00,1383.00,16.00,433.00,0.00,2070.00
2025,11,WN,Southwest Airlines,SEA,"Seattle, WA: Seattle/Tacoma International",526.00,127.00,40.59,0.00,22.22,0.70,63.49,8.00,0.00,5842.00,1759.00,0.00,763.00,14.00,3306.00
2025,11,WN,Southwest Airlines,SFO,"San Francisco, CA: San Francisco International",753.00,278.00,63.03,3.77,102.76,0.00,108.44,15.00,0.00,16757.00,3684.00,350.00,6226.00,0.00,6497.00
2025,11,WN,Southwest Airlines,SJC,"San Jose, CA: Norman Y. Mineta San Jose International",2199.00,389.00,88.61,3.17,42.31,0.50,254.41,20.00,0.00,20557.00,3924.00,230.00,1215.00,20.00,15168.00
2025,11,WN,Southwest Airlines,SJU,"San Juan, PR: Luis Munoz Marin International",308.00,77.00,33.40,0.06,16.32,0.00,27.21,2.00,0.00,3528.00,1346.00,1.00,793.00,0.00,1388.00
2025,11,WN,Southwest Airlines,SLC,"Salt Lake City, UT: Salt Lake City International",868.00,159.00,53.42,0.19,12.32,0.00,93.07,14.00,0.00,9248.00,2867.00,23.00,476.00,0.00,5882.00
2025,11,WN,Southwest Airlines,SMF,"Sacramento, CA: Sacramento International",2678.00,496.00,130.45,5.95,45.04,0.84,313.71,20.00,8.00,26170.00,6905.00,221.00,1886.00,64.00,17094.00
2025,11,WN,Southwest Airlines,SNA,"Santa Ana, CA: John Wayne Airport-Orange County",1249.00,226.00,68.12,1.92,25.28,0.00,130.68,9.00,0.00,11144.00,3480.00,82.00,829.00,0.00,6753.00
2025,11,WN,Southwest Airlines,SRQ,"Sarasota/Bradenton, FL: Sarasota/Bradenton International",396.00,69.00,25.03,0.00,11.43,0.00,32.54,4.00,0.00,3375.00,1039.00,0.00,448.00,0.00,1888.00
2025,11,WN,Southwest Airlines,STL,"St. Louis, MO: St Louis Lambert International",3279.00,581.00,157.67,3.57,103.95,3.47,312.34,21.00,3.00,34158.00,8276.00,295.00,5719.00,197.00,19671.00
2025,11,WN,Southwest Airlines,TPA,"Tampa, FL: Tampa International",1970.00,414.00,126.49,3.22,58.89,2.25,223.14,33.00,0.00,25775.00,7503.00,413.00,2581.00,51.00,15227.00
2025,11,WN,Southwest Airlines,TUL,"Tulsa, OK: Tulsa International",471.00,101.00,26.55,1.07,9.96,0.00,63.42,4.00,0.00,5861.00,1003.00,170.00,370.00,0.00,4318.00
2025,11,WN,Southwest Airlines,TUS,"Tucson, AZ: Tucson International",403.00,81.00,24.04,0.23,9.71,0.00,47.03,6.00,0.00,4175.00,1341.00,5.00,338.00,0.00,2491.00
2025,11,WN,Southwest Airlines,VPS,"Valparaiso, FL: Eglin AFB Destin Fort Walton Beach",111.00,13.00,3.80,0.33,3.52,0.00,5.35,0.00,0.00,515.00,168.00,27.00,119.00,0.00,201.00
2025,11,YV,Mesa Airlines Inc.,ABQ,"Albuquerque, NM: Albuquerque International Sunport",67.00,6.00,1.27,1.40,1.97,0.00,1.37,1.00,0.00,616.00,62.00,331.00,78.00,0.00,145.00
2025,11,YV,Mesa Airlines Inc.,ATL,"Atlanta, GA: Hartsfield-Jackson Atlanta International",54.00,9.00,5.48,0.00,2.20,0.00,1.32,2.00,0.00,1274.00,483.00,0.00,196.00,0.00,595.00
2025,11,YV,Mesa Airlines Inc.,AUS,"Austin, TX: Austin - Bergstrom International",20.00,0.00,0.00,0.00,0.00,0.00,0.00,1.00,0.00,0.00,0.00,0.00,0.00,0.00,0.00
2025,11,YV,Mesa Airlines Inc.,BDL,"Hartford, CT: Bradley International",35.00,3.00,1.15,0.00,1.00,0.00,0.85,4.00,0.00,133.00,85.00,0.00,15.00,0.00,33.00
2025,11,YV,Mesa Airlines Inc.,BHM,"Birmingham, AL: Birmingham-Shuttlesworth International",91.00,18.00,10.17,0.62,2.38,0.00,4.83,2.00,0.00,1276.00,647.00,86.00,131.00,0.00,412.00
2025,11,YV,Mesa Airlines Inc.,BNA,"Nashville, TN: Nashville International",71.00,8.00,2.03,0.00,3.92,0.00,2.04,0.00,1.00,615.00,166.00,0.00,274.00,0.00,175.00
2025,11,YV,Mesa Airlines Inc.,BTR,"Baton Rouge, LA: Baton Rouge Metropolitan/Ryan Field",66.00,12.00,4.51,2.00,2.95,0.00,2.54,3.00,0.00,360.00,127.00,97.00,58.00,0.00,78.00
2025,11,YV,Mesa Airlines Inc.,BUF,"Buffalo, NY: Buffalo Niagara International",14.00,5.00,3.44,0.00,1.00,0.00,0.56,1.00,1.00,256.00,222.00,0.00,24.00,0.00,10.00
2025,11,YV,Mesa Airlines Inc.,BWI,"Baltimore, MD: Baltimore/Washington International Thurgood Marshall",14.00,0.00,0.00,0.00,0.00,0.00,0.00,3.00,0.00,0.00,0.00,0.00,0.00,0.00,0.00
2025,11,YV,Mesa Airlines Inc.,CHS,"Charleston, SC: Charleston AFB/International",83.00,19.00,4.64,1.00,7.44,0.00,5.91,1.00,0.00,700.00,134.00,114.00,219.00,0.00,233.00
2025,11,YV,Mesa Airlines Inc.,CLE,"Cleveland, OH: Cleveland-Hopkins International",47.00,7.00,2.91,0.00,4.00,0.00,0.09,2.00,0.00,316.00,192.00,0.00,115.00,0.00,9.00
2025,11,YV,Mesa Airlines Inc.,CLT,"Charlotte, NC: Charlotte Douglas International",123.00,18.00,7.74,0.00,3.44,0.00,6.82,4.00,0.00,1353.00,401.00,0.00,309.00,0.00,643.00
2025,11,YV,Mesa Airlines Inc.,CMH,"Columbus, OH: John Glenn Columbus International",76.00,7.00,3.55,0.00,1.78,0.00,1.67,2.00,0.00,280.00,142.00,0.00,67.00,0.00,71.00
2025,11,YV,Mesa Airlines Inc.,COS,"Colorado Springs, CO: City of Colorado Springs Municipal",30.00,5.00,2.15,0.92,1.33,0.00,0.60,0.00,0.00,574.00,103.00,373.00,69.00,0.00,29.00
2025,11,YV,Mesa Airlines Inc.,CRP,"Corpus Christi, TX: Corpus Christi International",67.00,16.00,4.77,1.98,2.09,0.00,7.16,1.00,0.00,799.00,358.00,80.00,57.00,0.00,304.00
2025,11,YV,Mesa Airlines Inc.,CVG,"Cincinnati, OH: Cincinnati/Northern Kentucky International",42.00,5.00,1.51,0.00,2.00,0.00,1.49,1.00,0.00,256.00,111.00,0.00,53.00,0.00,92.00
2025,11,YV,Mesa Airlines Inc.,DFW,"Dallas/Fort Worth, TX: Dallas/Fort Worth International",29.00,7.00,1.95,0.00,3.02,0.00,2.03,3.00,0.00,872.00,204.00,0.00,391.00,0.00,277.00
2025,11,YV,Mesa Airlines Inc.,DSM,"Des Moines, IA: Des Moines International",29.00,5.00,3.04,0.00,1.14,0.00,0.83,1.00,0.00,442.00,191.00,0.00,99.00,0.00,152.00
2025,11,YV,Mesa Airlines Inc.,DTW,"Detroit, MI: Detroit Metro Wayne County",131.00,25.00,15.11,0.00,8.38,0.00,1.51,0.00,0.00,1126.00,801.00,0.00,246.00,0.00,79.00
2025,11,YV,Mesa Airlines Inc.,ECP,"Panama City, FL: Northwest Florida Beaches International",53.00,13.00,6.99,1.28,3.21,0.00,1.52,0.00,2.00,643.00,360.00,71.00,85.00,0.00,127.00
2025,11,YV,Mesa Airlines Inc.,ELP,"El Paso, TX: El Paso International",130.00,23.00,13.67,0.85,2.38,0.00,6.10,0.00,0.00,1316.00,704.00,93.00,157.00,0.00,362.00
2025,11,YV,Mesa Airlines Inc.,GRR,"Grand Rapids, MI: Gerald R. Ford International",30.00,9.00,2.27,1.78,3.04,0.00,1.90,0.00,0.00,1171.00,123.00,851.00,121.00,0.00,76.00
2025,11,YV,Mesa Airlines Inc.,GSP,"Greer, SC: Greenville-Spartanburg International",57.00,11.00,3.53,0.58,1.33,0.00,5.56,0.00,0.00,1052.00,271.00,49.00,126.00,0.00,606.00
2025,11,YV,Mesa Airlines Inc.,IAD,"Washington, DC: Washington Dulles International",737.00,107.00,18.15,0.47,55.23,0.00,33.14,22.00,0.00,6982.00,1104.00,15.00,2775.00,0.00,3088.00
2025,11,YV,Mesa Airlines Inc.,IAH,"Houston, TX: George Bush Intercontinental/Houston",2372.00,357.00,94.43,4.04,169.75,0.00,88.78,49.00,1.00,26312.00,7139.00,313.00,8601.00,0.00,10259.00
2025,11,YV,Mesa Airlines Inc.,IND,"Indianapolis, IN: Indianapolis International",89.00,16.00,6.71,0.00,6.41,0.00,2.88,0.00,0.00,806.00,588.00,0.00,117.00,0.00,101.00
2025,11,YV,Mesa Airlines Inc.,JAN,"Jackson/Vicksburg, MS: Jackson Medgar Wiley Evers International",28.00,3.00,0.97,1.00,1.00,0.00,0.03,5.00,0.00,171.00,69.00,77.00,23.00,0.00,2.00
2025,11,YV,Mesa Airlines Inc.,JAX,"Jacksonville, FL: Jacksonville International",60.00,4.00,1.98,0.00,0.26,0.00,1.76,1.00,0.00,176.00,92.00,0.00,5.00,0.00,79.00
2025,11,YV,Mesa Airlines Inc.,LBB,"Lubbock, TX: Lubbock Preston Smith International",31.00,5.00,2.09,1.00,0.50,0.00,1.41,0.00,0.00,581.00,246.00,48.00,56.00,0.00,231.00
2025,11,YV,Mesa Airlines Inc.,LFT,"Lafayette, LA: Lafayette Regional Paul Fournet Field",73.00,15.00,9.08,1.81,2.86,0.00,1.25,0.00,0.00,653.00,377.00,150.00,96.00,0.00,30.00
2025,11,YV,Mesa Airlines Inc.,LGA,"New York, NY: LaGuardia",31.00,8.00,1.78,0.00,6.02,0.00,0.20,5.00,0.00,292.00,55.00,0.00,226.00,0.00,11.00
2025,11,YV,Mesa Airlines Inc.,LIT,"Little Rock, AR: Bill and Hillary Clinton Nat Adams Field",27.00,4.00,0.20,0.42,0.71,0.00,2.67,0.00,0.00,231.00,6.00,54.00,52.00,0.00,119.00
2025,11,YV,Mesa Airlines Inc.,MAF,"Midland/Odessa, TX: Midland International Air and Space Port",82.00,11.00,3.29,0.00,3.37,0.00,4.34,3.00,0.00,606.00,104.00,0.00,150.00,0.00,352.00
2025,11,YV,Mesa Airlines Inc.,MCI,"Kansas City, MO: Kansas City International",161.00,20.00,7.99,0.00,6.31,0.00,5.70,1.00,0.00,1076.00,452.00,0.00,253.00,0.00,371.00
2025,11,YV,Mesa Airlines Inc.,MEM,"Memphis, TN: Memphis International",52.00,5.00,1.87,0.00,1.72,0.00,1.41,2.00,0.00,245.00,53.00,0.00,60.00,0.00,132.00
2025,11,YV,Mesa Airlines Inc.,MKE,"Milwaukee, WI: General Mitchell International",59.00,12.00,3.51,3.66,3.54,0.00,1.29,1.00,0.00,1317.00,123.00,663.00,162.00,0.00,369.00
2025,11,YV,Mesa Airlines Inc.,MSP,"Minneapolis, MN: Minneapolis-St Paul International",57.00,9.00,3.67,0.00,4.26,0.00,1.07,2.00,0.00,424.00,242.00,0.00,139.00,0.00,43.00
2025,11,YV,Mesa Airlines Inc.,MSY,"New Orleans, LA: Louis Armstrong New Orleans International",1.00,0.00,0.00,0.00,0.00,0.00,0.00,0.00,0.00,0.00,0.00,0.00,0.00,0.00,0.00
2025,11,YV,Mesa Airlines Inc.,OKC,"Oklahoma City, OK: Okc Will Rogers International",136.00,23.00,7.36,3.18,3.41,0.00,9.05,2.00,1.00,1493.00,204.00,264.00,244.00,0.00,781.00
2025,11,YV,Mesa Airlines Inc.,OMA,"Omaha, NE: Eppley Airfield",29.00,2.00,0.42,0.00,1.58,0.00,0.00,1.00,0.00,60.00,15.00,0.00,45.00,0.00,0.00
2025,11,YV,Mesa Airlines Inc.,ORF,"Norfolk, VA: Norfolk International",57.00,4.00,2.19,0.00,1.29,0.00,0.51,0.00,0.00,359.00,105.00,0.00,192.00,0.00,62.00
2025,11,YV,Mesa Airlines Inc.,PHL,"Philadelphia, PA: Philadelphia International",2.00,0.00,0.00,0.00,0.00,0.00,0.00,0.00,0.00,0.00,0.00,0.00,0.00,0.00,0.00
2025,11,YV,Mesa Airlines Inc.,PIT,"Pittsburgh, PA: Pittsburgh International",16.00,2.00,0.56,0.00,0.67,0.00,0.78,1.00,0.00,51.00,15.00,0.00,22.00,0.00,14.00
2025,11,YV,Mesa Airlines Inc.,PSP,"Palm Springs, CA: Palm Springs International",27.00,4.00,1.80,0.00,1.87,0.00,0.33,0.00,0.00,252.00,96.00,0.00,138.00,0.00,18.00
2025,11,YV,Mesa Airlines Inc.,RDU,"Raleigh/Durham, NC: Raleigh-Durham International",27.00,3.00,0.89,0.00,2.09,0.00,0.02,1.00,0.00,149.00,50.00,0.00,98.00,0.00,1.00
2025,11,YV,Mesa Airlines Inc.,RIC,"Richmond, VA: Richmond International",59.00,13.00,3.31,0.00,4.69,0.00,5.00,0.00,0.00,904.00,249.00,0.00,248.00,0.00,407.00
2025,11,YV,Mesa Airlines Inc.,ROA,"Roanoke, VA: Roanoke Blacksburg Regional",4.00,0.00,0.00,0.00,0.00,0.00,0.00,1.00,0.00,0.00,0.00,0.00,0.00,0.00,0.00
2025,11,YV,Mesa Airlines Inc.,SAT,"San Antonio, TX: San Antonio International",30.00,2.00,1.04,0.00,0.00,0.00,0.96,4.00,0.00,46.00,19.00,0.00,0.00,0.00,27.00
2025,11,YV,Mesa Airlines Inc.,SAV,"Savannah, GA: Savannah/Hilton Head International",175.00,19.00,7.73,0.00,2.75,0.00,8.53,0.00,1.00,1586.00,636.00,0.00,81.00,0.00,869.00
2025,11,YV,Mesa Airlines Inc.,SBN,"South Bend, IN: South Bend International",30.00,5.00,3.49,0.00,1.00,0.00,0.51,1.00,0.00,413.00,318.00,0.00,30.00,0.00,65.00
2025,11,YV,Mesa Airlines Inc.,SDF,"Louisville, KY: Louisville Muhammad Ali International",148.00,19.00,9.73,1.03,2.20,0.00,6.04,3.00,1.00,1261.00,506.00,101.00,66.00,0.00,588.00
2025,11,YV,Mesa Airlines Inc.,SLC,"Salt Lake City, UT: Salt Lake City International",17.00,4.00,0.83,0.31,1.19,0.00,1.67,0.00,0.00,208.00,28.00,25.00,71.00,0.00,84.00
2025,11,YV,Mesa Airlines Inc.,STL,"St. Louis, MO: St Louis Lambert International",65.00,7.00,2.00,1.93,1.11,0.00,1.96,2.00,0.00,346.00,49.00,171.00,32.00,0.00,94.00
2025,11,YV,Mesa Airlines Inc.,TUL,"Tulsa, OK: Tulsa International",6.00,0.00,0.00,0.00,0.00,0.00,0.00,1.00,0.00,0.00,0.00,0.00,0.00,0.00,0.00
2025,11,YV,Mesa Airlines Inc.,TUS,"Tucson, AZ: Tucson International",57.00,6.00,3.27,1.14,0.69,0.00,0.90,0.00,0.00,433.00,264.00,29.00,56.00,0.00,84.00
2025,11,YV,Mesa Airlines Inc.,XNA,"Fayetteville, AR: Northwest Arkansas National",116.00,25.00,11.23,1.86,6.04,0.00,5.87,2.00,0.00,1341.00,600.00,117.00,228.00,0.00,396.00
2025,11,YX,Republic Airline,ALB,"Albany, NY: Albany International",143.00,31.00,2.20,1.67,12.83,0.00,14.30,9.00,0.00,2234.00,156.00,242.00,687.00,0.00,1149.00
2025,11,YX,Republic Airline,ATL,"Atlanta, GA: Hartsfield-Jackson Atlanta International",207.00,54.00,8.76,1.00,17.95,0.00,26.30,11.00,0.00,3418.00,660.00,53.00,782.00,0.00,1923.00
2025,11,YX,Republic Airline,AVL,"Asheville, NC: Asheville Regional",39.00,10.00,2.40,0.00,4.57,0.00,3.03,1.00,0.00,738.00,134.00,0.00,397.00,0.00,207.00
2025,11,YX,Republic Airline,BDL,"Hartford, CT: Bradley International",167.00,36.00,8.27,1.67,11.26,0.00,14.81,7.00,0.00,2492.00,735.00,137.00,492.00,0.00,1128.00
2025,11,YX,Republic Airline,BGR,"Bangor, ME: Bangor International",5.00,1.00,0.02,0.00,0.00,0.00,0.98,0.00,0.00,133.00,3.00,0.00,0.00,0.00,130.00
2025,11,YX,Republic Airline,BHM,"Birmingham, AL: Birmingham-Shuttlesworth International",32.00,7.00,1.29,0.27,2.01,0.00,3.42,2.00,0.00,368.00,33.00,23.00,160.00,0.00,152.00
2025,11,YX,Republic Airline,BNA,"Nashville, TN: Nashville International",638.00,158.00,31.30,2.08,69.32,0.00,55.30,24.00,1.00,10212.00,1665.00,272.00,3541.00,0.00,4734.00
2025,11,YX,Republic Airline,BOS,"Boston, MA: Logan International",2626.00,464.00,117.31,8.64,198.14,1.47,138.45,119.00,4.00,38308.00,11627.00,654.00,14523.00,85.00,11419.00
2025,11,YX,Republic Airline,BTV,"Burlington, VT: Patrick Leahy Burlington International",86.00,10.00,3.78,0.00,1.37,0.00,4.85,1.00,2.00,600.00,250.00,0.00,32.00,0.00,318.00
2025,11,YX,Republic Airline,BUF,"Buffalo, NY: Buffalo Niagara International",239.00,72.00,11.72,1.00,24.39,0.00,34.89,13.00,0.00,5775.00,1287.00,42.00,1376.00,0.00,3070.00
2025,11,YX,Republic Airline,BWI,"Baltimore, MD: Baltimore/Washington International Thurgood Marshall",85.00,10.00,7.53,0.00,0.42,0.00,2.05,5.00,0.00,1033.00,851.00,0.00,13.00,0.00,169.00
2025,11,YX,Republic Airline,CAE,"Columbia, SC: Columbia Metropolitan",50.00,14.00,1.69,0.00,2.75,0.00,9.56,3.00,0.00,1370.00,303.00,0.00,280.00,0.00,787.00
2025,11,YX,Republic Airline,CHA,"Chattanooga, TN: Lovell Field",59.00,18.00,2.60,1.59,4.92,0.00,8.89,4.00,0.00,2135.00,98.00,1188.00,261.00,0.00,588.00
2025,11,YX,Republic Airline,CHO,"Charlottesville, VA: Charlottesville Albemarle",31.00,12.00,1.31,0.00,5.66,0.00,5.04,0.00,0.00,871.00,94.00,0.00,287.00,0.00,490.00
2025,11,YX,Republic Airline,CHS,"Charleston, SC: Charleston AFB/International",145.00,30.00,5.31,0.07,9.49,0.00,15.13,8.00,0.00,2122.00,476.00,11.00,551.00,0.00,1084.00
2025,11,YX,Republic Airline,CID,"Cedar Rapids/Iowa City, IA: The Eastern Iowa",60.00,13.00,2.60,2.44,4.29,0.00,3.67,7.00,0.00,1012.00,168.00,247.00,254.00,0.00,343.00
2025,11,YX,Republic Airline,CLE,"Cleveland, OH: Cleveland-Hopkins International",468.00,101.00,20.28,0.00,36.03,0.00,44.70,19.00,0.00,7137.00,1255.00,0.00,2262.00,0.00,3620.00
2025,11,YX,Republic Airline,CLT,"Charlotte, NC: Charlotte Douglas International",386.00,74.00,21.23,0.43,32.62,0.00,19.73,19.00,0.00,5371.00,1770.00,51.00,1830.00,0.00,1720.00
2025,11,YX,Republic Airline,CMH,"Columbus, OH: John Glenn Columbus International",1102.00,227.00,58.53,1.64,81.53,0.00,85.30,42.00,2.00,18224.00,5264.00,580.00,4163.00,0.00,8217.00
2025,11,YX,Republic Airline,CVG,"Cincinnati, OH: Cincinnati/Northern Kentucky International",395.00,72.00,16.09,0.63,32.31,0.00,22.96,23.00,0.00,4163.00,1042.00,50.00,1503.00,0.00,1568.00
2025,11,YX,Republic Airline,DCA,"Washington, DC: Ronald Reagan Washington National",2274.00,707.00,94.06,4.34,422.84,0.00,185.76,95.00,15.00,40864.00,6369.00,259.00,20035.00,0.00,14201.00
2025,11,YX,Republic Airline,DSM,"Des Moines, IA: Des Moines International",114.00,29.00,2.74,0.10,7.91,0.00,18.25,11.00,0.00,1663.00,144.00,10.00,398.00,0.00,1111.00
2025,11,YX,Republic Airline,DTW,"Detroit, MI: Detroit Metro Wayne County",445.00,69.00,13.95,0.20,28.91,0.00,25.94,34.00,0.00,4298.00,819.00,13.00,1351.00,0.00,2115.00
2025,11,YX,Republic Airline,ECP,"Panama City, FL: Northwest Florida Beaches International",1.00,0.00,0.00,0.00,0.00,0.00,0.00,0.00,0.00,0.00,0.00,0.00,0.00,0.00,0.00
2025,11,YX,Republic Airline,EWR,"Newark, NJ: Newark Liberty International",1705.00,313.00,45.15,3.94,196.34,0.00,67.57,146.00,1.00,22484.00,3164.00,454.00,13556.00,0.00,5310.00
2025,11,YX,Republic Airline,EYW,"Key West, FL: Key West International",123.00,28.00,8.31,0.00,14.65,0.00,5.03,2.00,0.00,1528.00,454.00,0.00,593.00,0.00,481.00
2025,11,YX,Republic Airline,GRB,"Green Bay, WI: Green Bay Austin Straubel International",76.00,12.00,5.97,0.69,3.00,0.00,2.35,5.00,0.00,1142.00,553.00,75.00,223.00,0.00,291.00
2025,11,YX,Republic Airline,GRR,"Grand Rapids, MI: Gerald R. Ford International",206.00,45.00,12.87,0.70,18.01,0.00,13.43,14.00,1.00,3271.00,1022.00,93.00,921.00,0.00,1235.00
2025,11,YX,Republic Airline,GSO,"Greensboro/High Point, NC: Piedmont Triad International",246.00,70.00,14.10,0.21,22.90,0.00,32.79,17.00,0.00,4964.00,1197.00,15.00,1283.00,0.00,2469.00
2025,11,YX,Republic Airline,GSP,"Greer, SC: Greenville-Spartanburg International",120.00,31.00,3.83,0.00,9.05,0.00,18.13,12.00,0.00,2132.00,181.00,0.00,538.00,0.00,1413.00
2025,11,YX,Republic Airline,HHH,"Hilton Head, SC: Hilton Head Airport",29.00,4.00,1.31,0.00,0.25,0.00,2.44,0.00,0.00,235.00,72.00,0.00,21.00,0.00,142.00
2025,11,YX,Republic Airline,HSV,"Huntsville, AL: Huntsville International-Carl T Jones Field",1.00,0.00,0.00,0.00,0.00,0.00,0.00,0.00,0.00,0.00,0.00,0.00,0.00,0.00,0.00
2025,11,YX,Republic Airline,IAD,"Washington, DC: Washington Dulles International",671.00,86.00,16.40,0.49,29.43,0.00,39.68,35.00,0.00,6152.00,1271.00,32.00,1288.00,0.00,3561.00
2025,11,YX,Republic Airline,IAH,"Houston, TX: George Bush Intercontinental/Houston",107.00,23.00,4.63,1.82,11.44,0.00,5.11,9.00,0.00,1496.00,417.00,198.00,455.00,0.00,426.00
2025,11,YX,Republic Airline,ILM,"Wilmington, NC: Wilmington International",143.00,41.00,5.73,0.03,21.99,0.00,13.25,9.00,0.00,2377.00,595.00,1.00,859.00,0.00,922.00
2025,11,YX,Republic Airline,IND,"Indianapolis, IN: Indianapolis International",1187.00,257.00,68.20,4.42,72.18,0.00,112.19,50.00,0.00,18481.00,4599.00,701.00,3832.00,0.00,9349.00
2025,11,YX,Republic Airline,JAX,"Jacksonville, FL: Jacksonville International",168.00,44.00,11.55,0.88,15.41,0.00,16.16,2.00,0.00,3580.00,820.00,97.00,884.00,0.00,1779.00
2025,11,YX,Republic Airline,JFK,"New York, NY: John F. Kennedy International",1271.00,228.00,62.68,4.41,78.85,0.00,82.07,60.00,4.00,14221.00,3385.00,496.00,4637.00,0.00,5703.00
2025,11,YX,Republic Airline,LEX,"Lexington, KY: Blue Grass",24.00,7.00,1.95,0.00,1.13,0.00,3.92,1.00,0.00,394.00,99.00,0.00,58.00,0.00,237.00
2025,11,YX,Republic Airline,LGA,"New York, NY: LaGuardia",4536.00,1229.00,176.55,28.05,684.32,0.15,339.94,218.00,4.00,106512.00,18049.00,3513.00,52993.00,12.00,31945.00
2025,11,YX,Republic Airline,LIT,"Little Rock, AR: Bill and Hillary Clinton Nat Adams Field",40.00,12.00,2.07,0.00,2.42,0.00,7.50,3.00,0.00,1541.00,825.00,0.00,94.00,0.00,622.00
2025,11,YX,Republic Airline,MCI,"Kansas City, MO: Kansas City International",86.00,16.00,2.78,0.00,5.48,0.00,7.75,6.00,0.00,819.00,140.00,0.00,188.00,0.00,491.00
2025,11,YX,Republic Airline,MDT,"Harrisburg, PA: Harrisburg International",30.00,2.00,0.09,0.00,1.00,0.00,0.91,2.00,0.00,134.00,9.00,0.00,33.00,0.00,92.00
2025,11,YX,Republic Airline,MEM,"Memphis, TN: Memphis International",278.00,53.00,15.32,0.17,14.17,0.00,23.34,14.00,0.00,3779.00,1042.00,41.00,795.00,0.00,1901.00
2025,11,YX,Republic Airline,MIA,"Miami, FL: Miami International",84.00,23.00,5.62,0.00,6.83,0.00,10.55,2.00,0.00,1424.00,267.00,0.00,253.00,0.00,904.00
2025,11,YX,Republic Airline,MKE,"Milwaukee, WI: General Mitchell International",204.00,29.00,9.55,0.00,12.00,0.00,7.45,23.00,0.00,1602.00,537.00,0.00,581.00,0.00,484.00
2025,11,YX,Republic Airline,MSN,"Madison, WI: Dane County Regional-Truax Field",109.00,34.00,4.49,0.02,13.25,0.00,16.24,3.00,0.00,1984.00,309.00,4.00,532.00,0.00,1139.00
2025,11,YX,Republic Airline,MSP,"Minneapolis, MN: Minneapolis-St Paul International",97.00,18.00,1.98,1.11,7.71,0.00,7.20,14.00,0.00,1424.00,102.00,323.00,446.00,0.00,553.00
2025,11,YX,Republic Airline,MSY,"New Orleans, LA: Louis Armstrong New Orleans International",55.00,12.00,0.83,0.70,3.73,0.00,6.74,1.00,0.00,807.00,56.00,130.00,139.00,0.00,482.00
2025,11,YX,Republic Airline,MYR,"Myrtle Beach, SC: Myrtle Beach International",13.00,4.00,0.37,0.00,3.23,0.00,0.41,0.00,0.00,160.00,13.00,0.00,125.00,0.00,22.00
2025,11,YX,Republic Airline,OKC,"Oklahoma City, OK: Okc Will Rogers International",81.00,32.00,7.38,0.00,7.61,0.00,17.01,2.00,1.00,1922.00,375.00,0.00,338.00,0.00,1209.00
2025,11,YX,Republic Airline,OMA,"Omaha, NE: Eppley Airfield",26.00,2.00,1.87,0.00,0.00,0.00,0.13,2.00,0.00,278.00,258.00,0.00,0.00,0.00,20.00
2025,11,YX,Republic Airline,ORD,"Chicago, IL: Chicago O'Hare International",3090.00,700.00,87.81,16.12,392.76,0.29,203.02,232.00,5.00,54478.00,6986.00,2622.00,24634.00,13.00,20223.00
2025,11,YX,Republic Airline,ORF,"Norfolk, VA: Norfolk International",364.00,74.00,20.42,0.08,26.77,0.00,26.73,27.00,0.00,5174.00,1976.00,3.00,1215.00,0.00,1980.00
2025,11,YX,Republic Airline,PBI,"West Palm Beach/Palm Beach, FL: Palm Beach International",1.00,1.00,0.00,0.00,1.00,0.00,0.00,0.00,0.00,38.00,0.00,0.00,38.00,0.00,0.00
2025,11,YX,Republic Airline,PHL,"Philadelphia, PA: Philadelphia International",533.00,69.00,20.38,1.32,14.74,0.00,32.56,13.00,0.00,4930.00,1014.00,584.00,697.00,0.00,2635.00
2025,11,YX,Republic Airline,PIT,"Pittsburgh, PA: Pittsburgh International",976.00,179.00,33.04,2.22,49.34,0.00,94.39,36.00,1.00,13441.00,2539.00,219.00,2873.00,0.00,7810.00
2025,11,YX,Republic Airline,PVD,"Providence, RI: Rhode Island Tf Green International",37.00,10.00,0.70,0.00,4.93,0.00,4.37,0.00,0.00,330.00,18.00,0.00,108.00,0.00,204.00
2025,11,YX,Republic Airline,PWM,"Portland, ME: Portland International Jetport",192.00,36.00,12.45,0.00,9.01,0.00,14.55,9.00,0.00,2295.00,644.00,0.00,423.00,0.00,1228.00
2025,11,YX,Republic Airline,RDU,"Raleigh/Durham, NC: Raleigh-Durham International",596.00,151.00,26.31,0.32,61.77,0.00,62.60,27.00,0.00,9930.00,1706.00,58.00,3590.00,0.00,4576.00
2025,11,YX,Republic Airline,RIC,"Richmond, VA: Richmond International",400.00,83.00,21.07,0.00,36.53,0.35,25.05,23.00,0.00,4834.00,1423.00,0.00,1601.00,18.00,1792.00
2025,11,YX,Republic Airline,ROA,"Roanoke, VA: Roanoke Blacksburg Regional",62.00,18.00,3.84,0.00,4.81,0.00,9.35,6.00,0.00,1199.00,175.00,0.00,236.00,0.00,788.00
2025,11,YX,Republic Airline,ROC,"Rochester, NY: Frederick Douglass Grtr Rochester International",209.00,39.00,7.14,0.00,12.75,0.00,19.11,13.00,3.00,2583.00,436.00,0.00,696.00,0.00,1451.00
2025,11,YX,Republic Airline,SAV,"Savannah, GA: Savannah/Hilton Head International",144.00,36.00,11.42,0.00,15.25,0.00,9.33,8.00,0.00,1694.00,444.00,0.00,614.00,0.00,636.00
2025,11,YX,Republic Airline,SBN,"South Bend, IN: South Bend International",10.00,1.00,0.00,0.00,1.00,0.00,0.00,0.00,0.00,21.00,0.00,0.00,21.00,0.00,0.00
2025,11,YX,Republic Airline,SCE,"State College, PA: State College Regional",8.00,2.00,0.71,1.00,0.29,0.00,0.00,0.00,0.00,130.00,46.00,65.00,19.00,0.00,0.00
2025,11,YX,Republic Airline,SDF,"Louisville, KY: Louisville Muhammad Ali International",488.00,94.00,19.49,4.15,32.93,0.00,37.43,29.00,1.00,7661.00,1696.00,1085.00,1559.00,0.00,3321.00
2025,11,YX,Republic Airline,SRQ,"Sarasota/Bradenton, FL: Sarasota/Bradenton International",27.00,2.00,0.00,0.00,2.00,0.00,0.00,3.00,0.00,32.00,0.00,0.00,32.00,0.00,0.00
2025,11,YX,Republic Airline,STL,"St. Louis, MO: St Louis Lambert International",340.00,56.00,11.13,2.13,14.99,0.78,26.97,14.00,0.00,5133.00,1127.00,526.00,798.00,74.00,2608.00
2025,11,YX,Republic Airline,SYR,"Syracuse, NY: Syracuse Hancock International",216.00,43.00,8.60,1.11,14.61,0.00,18.68,9.00,0.00,3007.00,636.00,223.00,859.00,0.00,1289.00
2025,11,YX,Republic Airline,TUL,"Tulsa, OK: Tulsa International",59.00,17.00,2.92,0.96,5.96,0.00,7.16,5.00,0.00,1047.00,149.00,150.00,334.00,0.00,414.00
2025,11,YX,Republic Airline,TVC,"Traverse City, MI: Cherry Capital",25.00,11.00,4.16,0.00,4.82,0.00,2.02,1.00,0.00,667.00,230.00,0.00,260.00,0.00,177.00
2025,11,YX,Republic Airline,TYS,"Knoxville, TN: McGhee Tyson",5.00,1.00,0.14,0.00,0.86,0.00,0.00,0.00,0.00,22.00,3.00,0.00,19.00,0.00,0.00
2025,11,YX,Republic Airline,XNA,"Fayetteville, AR: Northwest Arkansas National",72.00,22.00,5.11,0.00,10.92,0.00,5.97,4.00,1.00,1418.00,342.00,0.00,552.00,0.00,524.00
